<?xml version="1.0" encoding="UTF-8"?>
<gpx creator="Garmin Connect" version="1.1" schemaLocation="http://www.topografix.com/GPX/1/1 http://www.topografix.com/GPX/11.xsd" xmlns="http://www.topografix.com/GPX/1/1" xmlns:xsi="http://www.w3.org/2001/XMLSchema-instance" xsi:schemaLocation="http://www.topografix.com/GPX/1/1 http://www.topografix.com/GPX/1/1/gpx.xsd http://www.garmin.com/xmlschemas/GpxExtensions/v3 http://www.garmin.com/xmlschemas/GpxExtensionsv3.xsd http://www.garmin.com/xmlschemas/TrackPointExtension/v1 http://www.garmin.com/xmlschemas/TrackPointExtensionv1.xsd http://www.garmin.com/xmlschemas/PowerExtension/v1 http://www.garmin.com/xmlschemas/PowerExtensionv1.xsd http://www.topografix.com/GPX/gpx_style/0/2 http://www.topografix.com/GPX/gpx_style/0/2/gpx_style.xsd" xmlns:gpxtpx="http://www.garmin.com/xmlschemas/TrackPointExtension/v1" xmlns:gpxx="http://www.garmin.com/xmlschemas/GpxExtensions/v3" xmlns:gpxpx="http://www.garmin.com/xmlschemas/PowerExtension/v1" xmlns:gpx_style="http://www.topografix.com/GPX/gpx_style/0/2">
  <metadata>
    <name>טרק נחל פרת היום השני</name>
    <author>
      <name>gpx.studio</name>
      <link href="https://gpx.studio"/>
    </author>
    <link href="connect.garmin.com">
      <text>Garmin Connect</text>
    </link>
    <time>2025-10-12T16:56:02.000Z</time>
  </metadata>
  <wpt lat="31.83095546260746" lon="35.31875343414172">
    <ele>0</ele>
    <name>בריכה</name>
    <type>SPRING</type>
  </wpt>
  <wpt lat="31.83613205833273" lon="35.34050530711556">
    <ele>0</ele>
    <name>נחל מכמש</name>
    <type>DEFAULT</type>
  </wpt>
  <trk>
    <name>טרק נחל פרת היום השני</name>
    <trkseg>
      <trkpt lat="31.82395876" lon="35.32082724">
        <ele>421.35</ele>
        <time>2025-10-12T16:56:02.000Z</time>
      </trkpt>
      <trkpt lat="31.82395667" lon="35.32084644">
        <ele>421.21</ele>
        <time>2025-10-12T16:56:02.002Z</time>
      </trkpt>
      <trkpt lat="31.82396555" lon="35.3209119">
        <ele>420.97</ele>
        <time>2025-10-12T16:56:02.011Z</time>
      </trkpt>
      <trkpt lat="31.82398458" lon="35.3209777">
        <ele>420.67</ele>
        <time>2025-10-12T16:56:02.027Z</time>
      </trkpt>
      <trkpt lat="31.82400587" lon="35.32100553">
        <ele>420.39</ele>
        <time>2025-10-12T16:56:02.046Z</time>
      </trkpt>
      <trkpt lat="31.82406094" lon="35.32103595">
        <ele>420.16</ele>
        <time>2025-10-12T16:56:02.072Z</time>
      </trkpt>
      <trkpt lat="31.82413579" lon="35.32106705">
        <ele>419.97</ele>
        <time>2025-10-12T16:56:02.108Z</time>
      </trkpt>
      <trkpt lat="31.82415658" lon="35.32107853">
        <ele>419.78</ele>
        <time>2025-10-12T16:56:02.146Z</time>
      </trkpt>
      <trkpt lat="31.82417166" lon="35.32108675">
        <ele>419.6</ele>
        <time>2025-10-12T16:56:02.186Z</time>
      </trkpt>
      <trkpt lat="31.82422799" lon="35.32113017">
        <ele>419.35</ele>
        <time>2025-10-12T16:56:02.234Z</time>
      </trkpt>
      <trkpt lat="31.82424584" lon="35.32114291">
        <ele>419.11</ele>
        <time>2025-10-12T16:56:02.285Z</time>
      </trkpt>
      <trkpt lat="31.82426529" lon="35.32115255">
        <ele>418.9</ele>
        <time>2025-10-12T16:56:02.338Z</time>
      </trkpt>
      <trkpt lat="31.82429438" lon="35.32117073">
        <ele>418.68</ele>
        <time>2025-10-12T16:56:02.395Z</time>
      </trkpt>
      <trkpt lat="31.8243766" lon="35.32122765">
        <ele>418.41</ele>
        <time>2025-10-12T16:56:02.463Z</time>
      </trkpt>
      <trkpt lat="31.82438498" lon="35.3212372">
        <ele>418.16</ele>
        <time>2025-10-12T16:56:02.533Z</time>
      </trkpt>
      <trkpt lat="31.82442513" lon="35.32125615">
        <ele>417.92</ele>
        <time>2025-10-12T16:56:02.608Z</time>
      </trkpt>
      <trkpt lat="31.82450711" lon="35.32131281">
        <ele>417.62</ele>
        <time>2025-10-12T16:56:02.694Z</time>
      </trkpt>
      <trkpt lat="31.8245222" lon="35.32131842">
        <ele>417.34</ele>
        <time>2025-10-12T16:56:02.782Z</time>
      </trkpt>
      <trkpt lat="31.824532" lon="35.32132773">
        <ele>417.06</ele>
        <time>2025-10-12T16:56:02.871Z</time>
      </trkpt>
      <trkpt lat="31.82457182" lon="35.32134089">
        <ele>416.72</ele>
        <time>2025-10-12T16:56:02.965Z</time>
      </trkpt>
      <trkpt lat="31.82460761" lon="35.32135472">
        <ele>416.35</ele>
        <time>2025-10-12T16:56:03.064Z</time>
      </trkpt>
      <trkpt lat="31.82468623" lon="35.32134013">
        <ele>415.98</ele>
        <time>2025-10-12T16:56:03.172Z</time>
      </trkpt>
      <trkpt lat="31.82473786" lon="35.32130694">
        <ele>415.63</ele>
        <time>2025-10-12T16:56:03.287Z</time>
      </trkpt>
      <trkpt lat="31.82474733" lon="35.32129638">
        <ele>415.3</ele>
        <time>2025-10-12T16:56:03.403Z</time>
      </trkpt>
      <trkpt lat="31.82477843" lon="35.3212792">
        <ele>414.97</ele>
        <time>2025-10-12T16:56:03.523Z</time>
      </trkpt>
      <trkpt lat="31.82491405" lon="35.32120619">
        <ele>414.75</ele>
        <time>2025-10-12T16:56:03.661Z</time>
      </trkpt>
      <trkpt lat="31.82500952" lon="35.32117987">
        <ele>414.37</ele>
        <time>2025-10-12T16:56:03.810Z</time>
      </trkpt>
      <trkpt lat="31.82503936" lon="35.32118356">
        <ele>413.96</ele>
        <time>2025-10-12T16:56:03.963Z</time>
      </trkpt>
      <trkpt lat="31.82514455" lon="35.32115003">
        <ele>413.47</ele>
        <time>2025-10-12T16:56:04.129Z</time>
      </trkpt>
      <trkpt lat="31.82522745" lon="35.32114064">
        <ele>412.98</ele>
        <time>2025-10-12T16:56:04.305Z</time>
      </trkpt>
      <trkpt lat="31.82531982" lon="35.32111801">
        <ele>412.47</ele>
        <time>2025-10-12T16:56:04.492Z</time>
      </trkpt>
      <trkpt lat="31.82540095" lon="35.32112589">
        <ele>411.92</ele>
        <time>2025-10-12T16:56:04.688Z</time>
      </trkpt>
      <trkpt lat="31.82545493" lon="35.32111977">
        <ele>411.37</ele>
        <time>2025-10-12T16:56:04.891Z</time>
      </trkpt>
      <trkpt lat="31.82552836" lon="35.32115548">
        <ele>410.74</ele>
        <time>2025-10-12T16:56:05.103Z</time>
      </trkpt>
      <trkpt lat="31.8256271" lon="35.32124265">
        <ele>410.03</ele>
        <time>2025-10-12T16:56:05.329Z</time>
      </trkpt>
      <trkpt lat="31.82566289" lon="35.32126998">
        <ele>409.36</ele>
        <time>2025-10-12T16:56:05.560Z</time>
      </trkpt>
      <trkpt lat="31.82567689" lon="35.32132437">
        <ele>408.67</ele>
        <time>2025-10-12T16:56:05.797Z</time>
      </trkpt>
      <trkpt lat="31.82568686" lon="35.32133301">
        <ele>408.01</ele>
        <time>2025-10-12T16:56:06.036Z</time>
      </trkpt>
      <trkpt lat="31.82572399" lon="35.32140031">
        <ele>407.3</ele>
        <time>2025-10-12T16:56:06.283Z</time>
      </trkpt>
      <trkpt lat="31.82574461" lon="35.3214263">
        <ele>406.63</ele>
        <time>2025-10-12T16:56:06.533Z</time>
      </trkpt>
      <trkpt lat="31.8257975" lon="35.32153384">
        <ele>405.88</ele>
        <time>2025-10-12T16:56:06.796Z</time>
      </trkpt>
      <trkpt lat="31.82586481" lon="35.3216226">
        <ele>405.13</ele>
        <time>2025-10-12T16:56:07.071Z</time>
      </trkpt>
      <trkpt lat="31.82589834" lon="35.32165496">
        <ele>404.45</ele>
        <time>2025-10-12T16:56:07.351Z</time>
      </trkpt>
      <trkpt lat="31.82592114" lon="35.32169511">
        <ele>403.79</ele>
        <time>2025-10-12T16:56:07.635Z</time>
      </trkpt>
      <trkpt lat="31.82597721" lon="35.32183927">
        <ele>403.06</ele>
        <time>2025-10-12T16:56:07.935Z</time>
      </trkpt>
      <trkpt lat="31.82598266" lon="35.32186786">
        <ele>402.42</ele>
        <time>2025-10-12T16:56:08.238Z</time>
      </trkpt>
      <trkpt lat="31.82599951" lon="35.32189761">
        <ele>401.82</ele>
        <time>2025-10-12T16:56:08.545Z</time>
      </trkpt>
      <trkpt lat="31.82601468" lon="35.32191932">
        <ele>401.26</ele>
        <time>2025-10-12T16:56:08.855Z</time>
      </trkpt>
      <trkpt lat="31.82602926" lon="35.32194329">
        <ele>400.73</ele>
        <time>2025-10-12T16:56:09.168Z</time>
      </trkpt>
      <trkpt lat="31.82603706" lon="35.32195989">
        <ele>400.24</ele>
        <time>2025-10-12T16:56:09.483Z</time>
      </trkpt>
      <trkpt lat="31.82604535" lon="35.32197313">
        <ele>399.79</ele>
        <time>2025-10-12T16:56:09.799Z</time>
      </trkpt>
      <trkpt lat="31.82605323" lon="35.32198663">
        <ele>399.37</ele>
        <time>2025-10-12T16:56:10.117Z</time>
      </trkpt>
      <trkpt lat="31.82609288" lon="35.32207179">
        <ele>398.93</ele>
        <time>2025-10-12T16:56:10.445Z</time>
      </trkpt>
      <trkpt lat="31.8260995" lon="35.32209635">
        <ele>398.55</ele>
        <time>2025-10-12T16:56:10.775Z</time>
      </trkpt>
      <trkpt lat="31.82610881" lon="35.32210632">
        <ele>398.21</ele>
        <time>2025-10-12T16:56:11.107Z</time>
      </trkpt>
      <trkpt lat="31.82617561" lon="35.32222048">
        <ele>397.83</ele>
        <time>2025-10-12T16:56:11.452Z</time>
      </trkpt>
      <trkpt lat="31.82618408" lon="35.322238">
        <ele>397.53</ele>
        <time>2025-10-12T16:56:11.799Z</time>
      </trkpt>
      <trkpt lat="31.82621107" lon="35.32230363">
        <ele>397.23</ele>
        <time>2025-10-12T16:56:12.154Z</time>
      </trkpt>
      <trkpt lat="31.82621492" lon="35.32231461">
        <ele>396.97</ele>
        <time>2025-10-12T16:56:12.510Z</time>
      </trkpt>
      <trkpt lat="31.8262658" lon="35.3224074">
        <ele>396.69</ele>
        <time>2025-10-12T16:56:12.877Z</time>
      </trkpt>
      <trkpt lat="31.82635448" lon="35.3224623">
        <ele>396.43</ele>
        <time>2025-10-12T16:56:13.256Z</time>
      </trkpt>
      <trkpt lat="31.82640083" lon="35.32251553">
        <ele>396.22</ele>
        <time>2025-10-12T16:56:13.642Z</time>
      </trkpt>
      <trkpt lat="31.82641567" lon="35.32255207">
        <ele>396.04</ele>
        <time>2025-10-12T16:56:14.032Z</time>
      </trkpt>
      <trkpt lat="31.82642304" lon="35.32256808">
        <ele>395.89</ele>
        <time>2025-10-12T16:56:14.424Z</time>
      </trkpt>
      <trkpt lat="31.82644391" lon="35.32265014">
        <ele>395.74</ele>
        <time>2025-10-12T16:56:14.825Z</time>
      </trkpt>
      <trkpt lat="31.82645473" lon="35.32271728">
        <ele>395.61</ele>
        <time>2025-10-12T16:56:15.233Z</time>
      </trkpt>
      <trkpt lat="31.8264725" lon="35.32289514">
        <ele>395.55</ele>
        <time>2025-10-12T16:56:15.659Z</time>
      </trkpt>
      <trkpt lat="31.82648348" lon="35.32306387">
        <ele>395.49</ele>
        <time>2025-10-12T16:56:16.102Z</time>
      </trkpt>
      <trkpt lat="31.82649027" lon="35.32307192">
        <ele>395.42</ele>
        <time>2025-10-12T16:56:16.546Z</time>
      </trkpt>
      <trkpt lat="31.82651508" lon="35.32307108">
        <ele>395.32</ele>
        <time>2025-10-12T16:56:16.993Z</time>
      </trkpt>
      <trkpt lat="31.82654617" lon="35.32306119">
        <ele>395.21</ele>
        <time>2025-10-12T16:56:17.443Z</time>
      </trkpt>
      <trkpt lat="31.82659395" lon="35.32302171">
        <ele>395.09</ele>
        <time>2025-10-12T16:56:17.900Z</time>
      </trkpt>
      <trkpt lat="31.82659789" lon="35.32300662">
        <ele>395</ele>
        <time>2025-10-12T16:56:18.359Z</time>
      </trkpt>
      <trkpt lat="31.82659579" lon="35.32299371">
        <ele>394.91</ele>
        <time>2025-10-12T16:56:18.819Z</time>
      </trkpt>
      <trkpt lat="31.82657392" lon="35.32292205">
        <ele>394.81</ele>
        <time>2025-10-12T16:56:19.287Z</time>
      </trkpt>
      <trkpt lat="31.82662832" lon="35.32276313">
        <ele>394.69</ele>
        <time>2025-10-12T16:56:19.772Z</time>
      </trkpt>
      <trkpt lat="31.82664558" lon="35.32269062">
        <ele>394.58</ele>
        <time>2025-10-12T16:56:20.265Z</time>
      </trkpt>
      <trkpt lat="31.82665958" lon="35.32264251">
        <ele>394.43</ele>
        <time>2025-10-12T16:56:20.763Z</time>
      </trkpt>
      <trkpt lat="31.82667291" lon="35.32249901">
        <ele>394.18</ele>
        <time>2025-10-12T16:56:21.275Z</time>
      </trkpt>
      <trkpt lat="31.82666905" lon="35.32245945">
        <ele>393.94</ele>
        <time>2025-10-12T16:56:21.791Z</time>
      </trkpt>
      <trkpt lat="31.82667903" lon="35.3224395">
        <ele>393.67</ele>
        <time>2025-10-12T16:56:22.309Z</time>
      </trkpt>
      <trkpt lat="31.82670669" lon="35.32241335">
        <ele>393.34</ele>
        <time>2025-10-12T16:56:22.832Z</time>
      </trkpt>
      <trkpt lat="31.82670635" lon="35.32238703">
        <ele>392.99</ele>
        <time>2025-10-12T16:56:23.357Z</time>
      </trkpt>
      <trkpt lat="31.82670878" lon="35.32226826">
        <ele>392.53</ele>
        <time>2025-10-12T16:56:23.894Z</time>
      </trkpt>
      <trkpt lat="31.82668925" lon="35.32217011">
        <ele>392.06</ele>
        <time>2025-10-12T16:56:24.441Z</time>
      </trkpt>
      <trkpt lat="31.82668883" lon="35.32212744">
        <ele>391.56</ele>
        <time>2025-10-12T16:56:24.993Z</time>
      </trkpt>
      <trkpt lat="31.82669956" lon="35.32210565">
        <ele>391</ele>
        <time>2025-10-12T16:56:25.547Z</time>
      </trkpt>
      <trkpt lat="31.82672429" lon="35.32203893">
        <ele>390.34</ele>
        <time>2025-10-12T16:56:26.108Z</time>
      </trkpt>
      <trkpt lat="31.82674617" lon="35.32194941">
        <ele>389.63</ele>
        <time>2025-10-12T16:56:26.679Z</time>
      </trkpt>
      <trkpt lat="31.82677223" lon="35.32188705">
        <ele>388.82</ele>
        <time>2025-10-12T16:56:27.257Z</time>
      </trkpt>
      <trkpt lat="31.82678715" lon="35.3217894">
        <ele>387.95</ele>
        <time>2025-10-12T16:56:27.845Z</time>
      </trkpt>
      <trkpt lat="31.82679771" lon="35.32174347">
        <ele>387.04</ele>
        <time>2025-10-12T16:56:28.437Z</time>
      </trkpt>
      <trkpt lat="31.82680685" lon="35.32169251">
        <ele>386.07</ele>
        <time>2025-10-12T16:56:29.035Z</time>
      </trkpt>
      <trkpt lat="31.82681649" lon="35.32161196">
        <ele>385.04</ele>
        <time>2025-10-12T16:56:29.641Z</time>
      </trkpt>
      <trkpt lat="31.82680869" lon="35.32158505">
        <ele>384</ele>
        <time>2025-10-12T16:56:30.250Z</time>
      </trkpt>
      <trkpt lat="31.82680819" lon="35.32155965">
        <ele>382.89</ele>
        <time>2025-10-12T16:56:30.861Z</time>
      </trkpt>
      <trkpt lat="31.82680769" lon="35.32152981">
        <ele>381.72</ele>
        <time>2025-10-12T16:56:31.475Z</time>
      </trkpt>
      <trkpt lat="31.82680652" lon="35.32147307">
        <ele>380.48</ele>
        <time>2025-10-12T16:56:32.095Z</time>
      </trkpt>
      <trkpt lat="31.82681339" lon="35.32143619">
        <ele>379.16</ele>
        <time>2025-10-12T16:56:32.719Z</time>
      </trkpt>
      <trkpt lat="31.82683828" lon="35.32140358">
        <ele>377.73</ele>
        <time>2025-10-12T16:56:33.347Z</time>
      </trkpt>
      <trkpt lat="31.82686309" lon="35.3213688">
        <ele>376.26</ele>
        <time>2025-10-12T16:56:33.980Z</time>
      </trkpt>
      <trkpt lat="31.82690634" lon="35.32129596">
        <ele>374.67</ele>
        <time>2025-10-12T16:56:34.621Z</time>
      </trkpt>
      <trkpt lat="31.82692889" lon="35.32125749">
        <ele>373.07</ele>
        <time>2025-10-12T16:56:35.267Z</time>
      </trkpt>
      <trkpt lat="31.82700165" lon="35.32115531">
        <ele>371.32</ele>
        <time>2025-10-12T16:56:35.926Z</time>
      </trkpt>
      <trkpt lat="31.82707532" lon="35.32104542">
        <ele>369.46</ele>
        <time>2025-10-12T16:56:36.599Z</time>
      </trkpt>
      <trkpt lat="31.82710038" lon="35.32101156">
        <ele>367.68</ele>
        <time>2025-10-12T16:56:37.277Z</time>
      </trkpt>
      <trkpt lat="31.82710608" lon="35.32100217">
        <ele>365.97</ele>
        <time>2025-10-12T16:56:37.956Z</time>
      </trkpt>
      <trkpt lat="31.82712251" lon="35.3209751">
        <ele>364.18</ele>
        <time>2025-10-12T16:56:38.638Z</time>
      </trkpt>
      <trkpt lat="31.82714422" lon="35.32093168">
        <ele>362.35</ele>
        <time>2025-10-12T16:56:39.325Z</time>
      </trkpt>
      <trkpt lat="31.8271547" lon="35.32091995">
        <ele>360.57</ele>
        <time>2025-10-12T16:56:40.014Z</time>
      </trkpt>
      <trkpt lat="31.82717389" lon="35.32089941">
        <ele>358.78</ele>
        <time>2025-10-12T16:56:40.706Z</time>
      </trkpt>
      <trkpt lat="31.8272008" lon="35.32084845">
        <ele>356.99</ele>
        <time>2025-10-12T16:56:41.404Z</time>
      </trkpt>
      <trkpt lat="31.82723617" lon="35.32082456">
        <ele>355.18</ele>
        <time>2025-10-12T16:56:42.107Z</time>
      </trkpt>
      <trkpt lat="31.82730918" lon="35.32075793">
        <ele>353.28</ele>
        <time>2025-10-12T16:56:42.821Z</time>
      </trkpt>
      <trkpt lat="31.8273526" lon="35.32071719">
        <ele>351.49</ele>
        <time>2025-10-12T16:56:43.541Z</time>
      </trkpt>
      <trkpt lat="31.82746785" lon="35.3206187">
        <ele>349.62</ele>
        <time>2025-10-12T16:56:44.278Z</time>
      </trkpt>
      <trkpt lat="31.82754161" lon="35.32055533">
        <ele>347.93</ele>
        <time>2025-10-12T16:56:45.026Z</time>
      </trkpt>
      <trkpt lat="31.82767245" lon="35.32048702">
        <ele>346.17</ele>
        <time>2025-10-12T16:56:45.791Z</time>
      </trkpt>
      <trkpt lat="31.82781276" lon="35.32044905">
        <ele>344.37</ele>
        <time>2025-10-12T16:56:46.573Z</time>
      </trkpt>
      <trkpt lat="31.82782433" lon="35.32045039">
        <ele>342.76</ele>
        <time>2025-10-12T16:56:47.356Z</time>
      </trkpt>
      <trkpt lat="31.82783397" lon="35.32045006">
        <ele>341.18</ele>
        <time>2025-10-12T16:56:48.140Z</time>
      </trkpt>
      <trkpt lat="31.82786532" lon="35.32045182">
        <ele>339.62</ele>
        <time>2025-10-12T16:56:48.928Z</time>
      </trkpt>
      <trkpt lat="31.82790723" lon="35.32045132">
        <ele>338.09</ele>
        <time>2025-10-12T16:56:49.721Z</time>
      </trkpt>
      <trkpt lat="31.82792642" lon="35.32045073">
        <ele>336.61</ele>
        <time>2025-10-12T16:56:50.516Z</time>
      </trkpt>
      <trkpt lat="31.82800714" lon="35.32044997">
        <ele>335.1</ele>
        <time>2025-10-12T16:56:51.320Z</time>
      </trkpt>
      <trkpt lat="31.82802809" lon="35.32045266">
        <ele>333.68</ele>
        <time>2025-10-12T16:56:52.127Z</time>
      </trkpt>
      <trkpt lat="31.82805391" lon="35.32046204">
        <ele>332.29</ele>
        <time>2025-10-12T16:56:52.937Z</time>
      </trkpt>
      <trkpt lat="31.82813069" lon="35.3204768">
        <ele>330.88</ele>
        <time>2025-10-12T16:56:53.756Z</time>
      </trkpt>
      <trkpt lat="31.82823328" lon="35.32049289">
        <ele>329.49</ele>
        <time>2025-10-12T16:56:54.587Z</time>
      </trkpt>
      <trkpt lat="31.82832967" lon="35.32053949">
        <ele>328.1</ele>
        <time>2025-10-12T16:56:55.431Z</time>
      </trkpt>
      <trkpt lat="31.82842498" lon="35.32056078">
        <ele>326.78</ele>
        <time>2025-10-12T16:56:56.286Z</time>
      </trkpt>
      <trkpt lat="31.82854216" lon="35.32057989">
        <ele>325.46</ele>
        <time>2025-10-12T16:56:57.155Z</time>
      </trkpt>
      <trkpt lat="31.82859127" lon="35.32059406">
        <ele>324.24</ele>
        <time>2025-10-12T16:56:58.030Z</time>
      </trkpt>
      <trkpt lat="31.82865246" lon="35.3206094">
        <ele>323.04</ele>
        <time>2025-10-12T16:56:58.912Z</time>
      </trkpt>
      <trkpt lat="31.82870493" lon="35.3206332">
        <ele>321.88</ele>
        <time>2025-10-12T16:56:59.801Z</time>
      </trkpt>
      <trkpt lat="31.82872597" lon="35.32065055">
        <ele>320.79</ele>
        <time>2025-10-12T16:57:00.693Z</time>
      </trkpt>
      <trkpt lat="31.82874684" lon="35.32066673">
        <ele>319.74</ele>
        <time>2025-10-12T16:57:01.588Z</time>
      </trkpt>
      <trkpt lat="31.82875715" lon="35.32067411">
        <ele>318.75</ele>
        <time>2025-10-12T16:57:02.484Z</time>
      </trkpt>
      <trkpt lat="31.82877392" lon="35.32069556">
        <ele>317.78</ele>
        <time>2025-10-12T16:57:03.383Z</time>
      </trkpt>
      <trkpt lat="31.82879789" lon="35.32073672">
        <ele>316.81</ele>
        <time>2025-10-12T16:57:04.287Z</time>
      </trkpt>
      <trkpt lat="31.82880811" lon="35.3207394">
        <ele>315.93</ele>
        <time>2025-10-12T16:57:05.192Z</time>
      </trkpt>
      <trkpt lat="31.82881868" lon="35.32074175">
        <ele>315.08</ele>
        <time>2025-10-12T16:57:06.099Z</time>
      </trkpt>
      <trkpt lat="31.82889193" lon="35.32070495">
        <ele>314.26</ele>
        <time>2025-10-12T16:57:07.015Z</time>
      </trkpt>
      <trkpt lat="31.8289185" lon="35.32069196">
        <ele>313.46</ele>
        <time>2025-10-12T16:57:07.934Z</time>
      </trkpt>
      <trkpt lat="31.82892756" lon="35.32068685">
        <ele>312.69</ele>
        <time>2025-10-12T16:57:08.855Z</time>
      </trkpt>
      <trkpt lat="31.82899495" lon="35.32066388">
        <ele>311.87</ele>
        <time>2025-10-12T16:57:09.784Z</time>
      </trkpt>
      <trkpt lat="31.8290475" lon="35.32064812">
        <ele>311.09</ele>
        <time>2025-10-12T16:57:10.719Z</time>
      </trkpt>
      <trkpt lat="31.82907935" lon="35.32062541">
        <ele>310.37</ele>
        <time>2025-10-12T16:57:11.659Z</time>
      </trkpt>
      <trkpt lat="31.82915001" lon="35.32063798">
        <ele>309.61</ele>
        <time>2025-10-12T16:57:12.607Z</time>
      </trkpt>
      <trkpt lat="31.82917608" lon="35.32066547">
        <ele>308.93</ele>
        <time>2025-10-12T16:57:13.559Z</time>
      </trkpt>
      <trkpt lat="31.82920843" lon="35.32068785">
        <ele>308.28</ele>
        <time>2025-10-12T16:57:14.515Z</time>
      </trkpt>
      <trkpt lat="31.82924305" lon="35.32071585">
        <ele>307.65</ele>
        <time>2025-10-12T16:57:15.476Z</time>
      </trkpt>
      <trkpt lat="31.82925026" lon="35.32072239">
        <ele>307.09</ele>
        <time>2025-10-12T16:57:16.438Z</time>
      </trkpt>
      <trkpt lat="31.8293003" lon="35.32077083">
        <ele>306.49</ele>
        <time>2025-10-12T16:57:17.408Z</time>
      </trkpt>
      <trkpt lat="31.82937624" lon="35.32074234">
        <ele>305.93</ele>
        <time>2025-10-12T16:57:18.387Z</time>
      </trkpt>
      <trkpt lat="31.82939694" lon="35.32062021">
        <ele>305.47</ele>
        <time>2025-10-12T16:57:19.379Z</time>
      </trkpt>
      <trkpt lat="31.82940013" lon="35.32059867">
        <ele>305.02</ele>
        <time>2025-10-12T16:57:20.373Z</time>
      </trkpt>
      <trkpt lat="31.82940247" lon="35.32058358">
        <ele>304.57</ele>
        <time>2025-10-12T16:57:21.369Z</time>
      </trkpt>
      <trkpt lat="31.82942234" lon="35.32055877">
        <ele>304.13</ele>
        <time>2025-10-12T16:57:22.368Z</time>
      </trkpt>
      <trkpt lat="31.82943273" lon="35.32055148">
        <ele>303.7</ele>
        <time>2025-10-12T16:57:23.368Z</time>
      </trkpt>
      <trkpt lat="31.82946349" lon="35.32053572">
        <ele>303.27</ele>
        <time>2025-10-12T16:57:24.372Z</time>
      </trkpt>
      <trkpt lat="31.82949308" lon="35.32049364">
        <ele>302.83</ele>
        <time>2025-10-12T16:57:25.382Z</time>
      </trkpt>
      <trkpt lat="31.82949275" lon="35.32048652">
        <ele>302.42</ele>
        <time>2025-10-12T16:57:26.393Z</time>
      </trkpt>
      <trkpt lat="31.82949283" lon="35.32047537">
        <ele>302</ele>
        <time>2025-10-12T16:57:27.405Z</time>
      </trkpt>
      <trkpt lat="31.82947389" lon="35.32040237">
        <ele>301.52</ele>
        <time>2025-10-12T16:57:28.424Z</time>
      </trkpt>
      <trkpt lat="31.82947121" lon="35.32039725">
        <ele>301.1</ele>
        <time>2025-10-12T16:57:29.444Z</time>
      </trkpt>
      <trkpt lat="31.82947171" lon="35.32036071">
        <ele>300.63</ele>
        <time>2025-10-12T16:57:30.468Z</time>
      </trkpt>
      <trkpt lat="31.82945511" lon="35.32030262">
        <ele>300.14</ele>
        <time>2025-10-12T16:57:31.498Z</time>
      </trkpt>
      <trkpt lat="31.82944925" lon="35.32028208">
        <ele>299.67</ele>
        <time>2025-10-12T16:57:32.530Z</time>
      </trkpt>
      <trkpt lat="31.82944531" lon="35.32025962">
        <ele>299.19</ele>
        <time>2025-10-12T16:57:33.564Z</time>
      </trkpt>
      <trkpt lat="31.82940591" lon="35.32012937">
        <ele>298.62</ele>
        <time>2025-10-12T16:57:34.612Z</time>
      </trkpt>
      <trkpt lat="31.82938554" lon="35.32002862">
        <ele>298</ele>
        <time>2025-10-12T16:57:35.670Z</time>
      </trkpt>
      <trkpt lat="31.82936803" lon="35.31998302">
        <ele>297.43</ele>
        <time>2025-10-12T16:57:36.733Z</time>
      </trkpt>
      <trkpt lat="31.82936392" lon="35.3199546">
        <ele>296.84</ele>
        <time>2025-10-12T16:57:37.799Z</time>
      </trkpt>
      <trkpt lat="31.82936124" lon="35.31993977">
        <ele>296.27</ele>
        <time>2025-10-12T16:57:38.867Z</time>
      </trkpt>
      <trkpt lat="31.82935277" lon="35.31989979">
        <ele>295.67</ele>
        <time>2025-10-12T16:57:39.939Z</time>
      </trkpt>
      <trkpt lat="31.82935151" lon="35.31987154">
        <ele>295.04</ele>
        <time>2025-10-12T16:57:41.014Z</time>
      </trkpt>
      <trkpt lat="31.82934699" lon="35.31984262">
        <ele>294.39</ele>
        <time>2025-10-12T16:57:42.092Z</time>
      </trkpt>
      <trkpt lat="31.82934112" lon="35.31979769">
        <ele>293.69</ele>
        <time>2025-10-12T16:57:43.174Z</time>
      </trkpt>
      <trkpt lat="31.82930516" lon="35.31965386">
        <ele>292.9</ele>
        <time>2025-10-12T16:57:44.271Z</time>
      </trkpt>
      <trkpt lat="31.82927784" lon="35.31951707">
        <ele>292.26</ele>
        <time>2025-10-12T16:57:45.382Z</time>
      </trkpt>
      <trkpt lat="31.82926996" lon="35.31945387">
        <ele>291.53</ele>
        <time>2025-10-12T16:57:46.500Z</time>
      </trkpt>
      <trkpt lat="31.82927624" lon="35.31941221">
        <ele>290.71</ele>
        <time>2025-10-12T16:57:47.622Z</time>
      </trkpt>
      <trkpt lat="31.82926593" lon="35.31929931">
        <ele>289.83</ele>
        <time>2025-10-12T16:57:48.755Z</time>
      </trkpt>
      <trkpt lat="31.82926359" lon="35.31928699">
        <ele>288.94</ele>
        <time>2025-10-12T16:57:49.890Z</time>
      </trkpt>
      <trkpt lat="31.82926241" lon="35.31927659">
        <ele>288.01</ele>
        <time>2025-10-12T16:57:51.026Z</time>
      </trkpt>
      <trkpt lat="31.82925479" lon="35.31914835">
        <ele>286.97</ele>
        <time>2025-10-12T16:57:52.175Z</time>
      </trkpt>
      <trkpt lat="31.8292547" lon="35.31903092">
        <ele>285.76</ele>
        <time>2025-10-12T16:57:53.335Z</time>
      </trkpt>
      <trkpt lat="31.82925152" lon="35.31896478">
        <ele>284.57</ele>
        <time>2025-10-12T16:57:54.502Z</time>
      </trkpt>
      <trkpt lat="31.82925034" lon="35.31895079">
        <ele>283.41</ele>
        <time>2025-10-12T16:57:55.670Z</time>
      </trkpt>
      <trkpt lat="31.82924674" lon="35.31893629">
        <ele>282.21</ele>
        <time>2025-10-12T16:57:56.840Z</time>
      </trkpt>
      <trkpt lat="31.82921791" lon="35.31885733">
        <ele>280.92</ele>
        <time>2025-10-12T16:57:58.019Z</time>
      </trkpt>
      <trkpt lat="31.82917281" lon="35.31873428">
        <ele>279.51</ele>
        <time>2025-10-12T16:57:59.211Z</time>
      </trkpt>
      <trkpt lat="31.82915512" lon="35.31870293">
        <ele>278.16</ele>
        <time>2025-10-12T16:58:00.407Z</time>
      </trkpt>
      <trkpt lat="31.82915077" lon="35.31869162">
        <ele>276.78</ele>
        <time>2025-10-12T16:58:01.604Z</time>
      </trkpt>
      <trkpt lat="31.82913249" lon="35.31863571">
        <ele>275.31</ele>
        <time>2025-10-12T16:58:02.807Z</time>
      </trkpt>
      <trkpt lat="31.82914004" lon="35.31856027">
        <ele>273.72</ele>
        <time>2025-10-12T16:58:04.018Z</time>
      </trkpt>
      <trkpt lat="31.82914331" lon="35.31855198">
        <ele>272.2</ele>
        <time>2025-10-12T16:58:05.230Z</time>
      </trkpt>
      <trkpt lat="31.82914549" lon="35.31854292">
        <ele>270.64</ele>
        <time>2025-10-12T16:58:06.443Z</time>
      </trkpt>
      <trkpt lat="31.82917608" lon="35.31847604">
        <ele>268.91</ele>
        <time>2025-10-12T16:58:07.663Z</time>
      </trkpt>
      <trkpt lat="31.82918069" lon="35.31846656">
        <ele>267.28</ele>
        <time>2025-10-12T16:58:08.884Z</time>
      </trkpt>
      <trkpt lat="31.82918538" lon="35.31845827">
        <ele>265.62</ele>
        <time>2025-10-12T16:58:10.106Z</time>
      </trkpt>
      <trkpt lat="31.82918974" lon="35.31845139">
        <ele>263.94</ele>
        <time>2025-10-12T16:58:11.329Z</time>
      </trkpt>
      <trkpt lat="31.82919335" lon="35.31844762">
        <ele>262.25</ele>
        <time>2025-10-12T16:58:12.553Z</time>
      </trkpt>
      <trkpt lat="31.82921858" lon="35.31839155">
        <ele>260.43</ele>
        <time>2025-10-12T16:58:13.783Z</time>
      </trkpt>
      <trkpt lat="31.82924523" lon="35.31832399">
        <ele>258.58</ele>
        <time>2025-10-12T16:58:15.020Z</time>
      </trkpt>
      <trkpt lat="31.82925713" lon="35.31829742">
        <ele>256.81</ele>
        <time>2025-10-12T16:58:16.260Z</time>
      </trkpt>
      <trkpt lat="31.82931103" lon="35.31815451">
        <ele>254.79</ele>
        <time>2025-10-12T16:58:17.516Z</time>
      </trkpt>
      <trkpt lat="31.82937758" lon="35.31810271">
        <ele>252.87</ele>
        <time>2025-10-12T16:58:18.782Z</time>
      </trkpt>
      <trkpt lat="31.82940893" lon="35.31808334">
        <ele>251.12</ele>
        <time>2025-10-12T16:58:20.052Z</time>
      </trkpt>
      <trkpt lat="31.82943877" lon="35.31806298">
        <ele>249.39</ele>
        <time>2025-10-12T16:58:21.326Z</time>
      </trkpt>
      <trkpt lat="31.82944329" lon="35.31805468">
        <ele>247.75</ele>
        <time>2025-10-12T16:58:22.601Z</time>
      </trkpt>
      <trkpt lat="31.82945947" lon="35.31797421">
        <ele>246.07</ele>
        <time>2025-10-12T16:58:23.884Z</time>
      </trkpt>
      <trkpt lat="31.82951085" lon="35.31793155">
        <ele>244.42</ele>
        <time>2025-10-12T16:58:25.174Z</time>
      </trkpt>
      <trkpt lat="31.8295702" lon="35.31786759">
        <ele>242.81</ele>
        <time>2025-10-12T16:58:26.474Z</time>
      </trkpt>
      <trkpt lat="31.82957062" lon="35.31780666">
        <ele>241.34</ele>
        <time>2025-10-12T16:58:27.780Z</time>
      </trkpt>
      <trkpt lat="31.82960305" lon="35.31776274">
        <ele>239.87</ele>
        <time>2025-10-12T16:58:29.092Z</time>
      </trkpt>
      <trkpt lat="31.82964622" lon="35.31775804">
        <ele>238.46</ele>
        <time>2025-10-12T16:58:30.409Z</time>
      </trkpt>
      <trkpt lat="31.82969408" lon="35.31778528">
        <ele>237.08</ele>
        <time>2025-10-12T16:58:31.732Z</time>
      </trkpt>
      <trkpt lat="31.82970825" lon="35.31779291">
        <ele>235.82</ele>
        <time>2025-10-12T16:58:33.057Z</time>
      </trkpt>
      <trkpt lat="31.82976038" lon="35.31779065">
        <ele>234.56</ele>
        <time>2025-10-12T16:58:34.388Z</time>
      </trkpt>
      <trkpt lat="31.82977857" lon="35.31778595">
        <ele>233.41</ele>
        <time>2025-10-12T16:58:35.721Z</time>
      </trkpt>
      <trkpt lat="31.82980472" lon="35.31778">
        <ele>232.3</ele>
        <time>2025-10-12T16:58:37.057Z</time>
      </trkpt>
      <trkpt lat="31.82982559" lon="35.31780817">
        <ele>231.25</ele>
        <time>2025-10-12T16:58:38.397Z</time>
      </trkpt>
      <trkpt lat="31.82984177" lon="35.31781353">
        <ele>230.27</ele>
        <time>2025-10-12T16:58:39.739Z</time>
      </trkpt>
      <trkpt lat="31.82992182" lon="35.31780481">
        <ele>229.27</ele>
        <time>2025-10-12T16:58:41.091Z</time>
      </trkpt>
      <trkpt lat="31.82997144" lon="35.31781018">
        <ele>228.36</ele>
        <time>2025-10-12T16:58:42.448Z</time>
      </trkpt>
      <trkpt lat="31.82997529" lon="35.31781864">
        <ele>227.55</ele>
        <time>2025-10-12T16:58:43.806Z</time>
      </trkpt>
      <trkpt lat="31.82997772" lon="35.31786617">
        <ele>226.8</ele>
        <time>2025-10-12T16:58:45.169Z</time>
      </trkpt>
      <trkpt lat="31.8299986" lon="35.31789643">
        <ele>226.07</ele>
        <time>2025-10-12T16:58:46.536Z</time>
      </trkpt>
      <trkpt lat="31.83001477" lon="35.31790707">
        <ele>225.39</ele>
        <time>2025-10-12T16:58:47.905Z</time>
      </trkpt>
      <trkpt lat="31.83001821" lon="35.31790883">
        <ele>224.77</ele>
        <time>2025-10-12T16:58:49.275Z</time>
      </trkpt>
      <trkpt lat="31.83005618" lon="35.31788293">
        <ele>224.15</ele>
        <time>2025-10-12T16:58:50.650Z</time>
      </trkpt>
      <trkpt lat="31.83008736" lon="35.3178489">
        <ele>223.58</ele>
        <time>2025-10-12T16:58:52.030Z</time>
      </trkpt>
      <trkpt lat="31.83009063" lon="35.31784454">
        <ele>223.07</ele>
        <time>2025-10-12T16:58:53.410Z</time>
      </trkpt>
      <trkpt lat="31.8301167" lon="35.31783801">
        <ele>222.56</ele>
        <time>2025-10-12T16:58:54.794Z</time>
      </trkpt>
      <trkpt lat="31.83012164" lon="35.31784228">
        <ele>222.1</ele>
        <time>2025-10-12T16:58:56.178Z</time>
      </trkpt>
      <trkpt lat="31.83012768" lon="35.31785167">
        <ele>221.66</ele>
        <time>2025-10-12T16:58:57.563Z</time>
      </trkpt>
      <trkpt lat="31.83014042" lon="35.31784127">
        <ele>221.24</ele>
        <time>2025-10-12T16:58:58.950Z</time>
      </trkpt>
      <trkpt lat="31.83015852" lon="35.31785276">
        <ele>220.82</ele>
        <time>2025-10-12T16:59:00.340Z</time>
      </trkpt>
      <trkpt lat="31.83016724" lon="35.31788528">
        <ele>220.42</ele>
        <time>2025-10-12T16:59:01.733Z</time>
      </trkpt>
      <trkpt lat="31.83019071" lon="35.31791319">
        <ele>220.02</ele>
        <time>2025-10-12T16:59:03.130Z</time>
      </trkpt>
      <trkpt lat="31.83017864" lon="35.31793524">
        <ele>219.67</ele>
        <time>2025-10-12T16:59:04.530Z</time>
      </trkpt>
      <trkpt lat="31.83022583" lon="35.31795083">
        <ele>219.25</ele>
        <time>2025-10-12T16:59:05.935Z</time>
      </trkpt>
      <trkpt lat="31.83023421" lon="35.31791017">
        <ele>218.89</ele>
        <time>2025-10-12T16:59:07.345Z</time>
      </trkpt>
      <trkpt lat="31.83023807" lon="35.31790892">
        <ele>218.54</ele>
        <time>2025-10-12T16:59:08.755Z</time>
      </trkpt>
      <trkpt lat="31.83025927" lon="35.31790716">
        <ele>218.17</ele>
        <time>2025-10-12T16:59:10.168Z</time>
      </trkpt>
      <trkpt lat="31.83026883" lon="35.31792895">
        <ele>217.8</ele>
        <time>2025-10-12T16:59:11.583Z</time>
      </trkpt>
      <trkpt lat="31.83026849" lon="35.31793012">
        <ele>217.46</ele>
        <time>2025-10-12T16:59:12.998Z</time>
      </trkpt>
      <trkpt lat="31.83026522" lon="35.31800112">
        <ele>217.1</ele>
        <time>2025-10-12T16:59:14.420Z</time>
      </trkpt>
      <trkpt lat="31.83026657" lon="35.3180152">
        <ele>216.74</ele>
        <time>2025-10-12T16:59:15.844Z</time>
      </trkpt>
      <trkpt lat="31.83027369" lon="35.31807354">
        <ele>216.39</ele>
        <time>2025-10-12T16:59:17.274Z</time>
      </trkpt>
      <trkpt lat="31.8303021" lon="35.31809449">
        <ele>215.99</ele>
        <time>2025-10-12T16:59:18.708Z</time>
      </trkpt>
      <trkpt lat="31.83030797" lon="35.31816264">
        <ele>215.63</ele>
        <time>2025-10-12T16:59:20.148Z</time>
      </trkpt>
      <trkpt lat="31.83033538" lon="35.31821938">
        <ele>215.23</ele>
        <time>2025-10-12T16:59:21.595Z</time>
      </trkpt>
      <trkpt lat="31.8303653" lon="35.31823564">
        <ele>214.8</ele>
        <time>2025-10-12T16:59:23.046Z</time>
      </trkpt>
      <trkpt lat="31.83038014" lon="35.31818929">
        <ele>214.38</ele>
        <time>2025-10-12T16:59:24.502Z</time>
      </trkpt>
      <trkpt lat="31.83038592" lon="35.31818284">
        <ele>213.98</ele>
        <time>2025-10-12T16:59:25.959Z</time>
      </trkpt>
      <trkpt lat="31.83040705" lon="35.31816088">
        <ele>213.55</ele>
        <time>2025-10-12T16:59:27.419Z</time>
      </trkpt>
      <trkpt lat="31.8304425" lon="35.31812768">
        <ele>213.1</ele>
        <time>2025-10-12T16:59:28.884Z</time>
      </trkpt>
      <trkpt lat="31.83045357" lon="35.31811855">
        <ele>212.7</ele>
        <time>2025-10-12T16:59:30.351Z</time>
      </trkpt>
      <trkpt lat="31.83045633" lon="35.31811436">
        <ele>212.33</ele>
        <time>2025-10-12T16:59:31.818Z</time>
      </trkpt>
      <trkpt lat="31.83047687" lon="35.31810916">
        <ele>211.94</ele>
        <time>2025-10-12T16:59:33.288Z</time>
      </trkpt>
      <trkpt lat="31.83051048" lon="35.31811553">
        <ele>211.56</ele>
        <time>2025-10-12T16:59:34.762Z</time>
      </trkpt>
      <trkpt lat="31.83053805" lon="35.31813079">
        <ele>211.2</ele>
        <time>2025-10-12T16:59:36.240Z</time>
      </trkpt>
      <trkpt lat="31.8305394" lon="35.31813263">
        <ele>210.9</ele>
        <time>2025-10-12T16:59:37.718Z</time>
      </trkpt>
      <trkpt lat="31.83053914" lon="35.31813548">
        <ele>210.62</ele>
        <time>2025-10-12T16:59:39.196Z</time>
      </trkpt>
      <trkpt lat="31.83053906" lon="35.31813657">
        <ele>210.36</ele>
        <time>2025-10-12T16:59:40.674Z</time>
      </trkpt>
      <trkpt lat="31.83053914" lon="35.31813774">
        <ele>210.13</ele>
        <time>2025-10-12T16:59:42.152Z</time>
      </trkpt>
      <trkpt lat="31.83053923" lon="35.31813883">
        <ele>209.93</ele>
        <time>2025-10-12T16:59:43.630Z</time>
      </trkpt>
      <trkpt lat="31.8305394" lon="35.3181395">
        <ele>209.76</ele>
        <time>2025-10-12T16:59:45.108Z</time>
      </trkpt>
      <trkpt lat="31.83054619" lon="35.31814001">
        <ele>209.62</ele>
        <time>2025-10-12T16:59:46.587Z</time>
      </trkpt>
      <trkpt lat="31.83054803" lon="35.31814017">
        <ele>209.51</ele>
        <time>2025-10-12T16:59:48.066Z</time>
      </trkpt>
      <trkpt lat="31.83058885" lon="35.31818208">
        <ele>209.38</ele>
        <time>2025-10-12T16:59:49.552Z</time>
      </trkpt>
      <trkpt lat="31.8306114" lon="35.31825283">
        <ele>209.3</ele>
        <time>2025-10-12T16:59:51.045Z</time>
      </trkpt>
      <trkpt lat="31.83061073" lon="35.31829155">
        <ele>209.32</ele>
        <time>2025-10-12T16:59:52.542Z</time>
      </trkpt>
      <trkpt lat="31.83060159" lon="35.31833983">
        <ele>209.41</ele>
        <time>2025-10-12T16:59:54.044Z</time>
      </trkpt>
      <trkpt lat="31.83065054" lon="35.3183923">
        <ele>209.44</ele>
        <time>2025-10-12T16:59:55.554Z</time>
      </trkpt>
      <trkpt lat="31.83069119" lon="35.31842072">
        <ele>209.57</ele>
        <time>2025-10-12T16:59:57.070Z</time>
      </trkpt>
      <trkpt lat="31.83070787" lon="35.31845952">
        <ele>209.74</ele>
        <time>2025-10-12T16:59:58.590Z</time>
      </trkpt>
      <trkpt lat="31.8307419" lon="35.31848777">
        <ele>209.95</ele>
        <time>2025-10-12T17:00:00.115Z</time>
      </trkpt>
      <trkpt lat="31.83076311" lon="35.31851082">
        <ele>210.2</ele>
        <time>2025-10-12T17:00:01.643Z</time>
      </trkpt>
      <trkpt lat="31.83076696" lon="35.31852113">
        <ele>210.46</ele>
        <time>2025-10-12T17:00:03.172Z</time>
      </trkpt>
      <trkpt lat="31.8307901" lon="35.31856354">
        <ele>210.79</ele>
        <time>2025-10-12T17:00:04.706Z</time>
      </trkpt>
      <trkpt lat="31.83080921" lon="35.31860076">
        <ele>211.14</ele>
        <time>2025-10-12T17:00:06.245Z</time>
      </trkpt>
      <trkpt lat="31.83081407" lon="35.31861316">
        <ele>211.51</ele>
        <time>2025-10-12T17:00:07.785Z</time>
      </trkpt>
      <trkpt lat="31.83090946" lon="35.3187031">
        <ele>211.96</ele>
        <time>2025-10-12T17:00:09.340Z</time>
      </trkpt>
      <trkpt lat="31.83092999" lon="35.31873445">
        <ele>212.38</ele>
        <time>2025-10-12T17:00:10.898Z</time>
      </trkpt>
      <trkpt lat="31.83094785" lon="35.31874778">
        <ele>212.82</ele>
        <time>2025-10-12T17:00:12.459Z</time>
      </trkpt>
      <trkpt lat="31.83095539" lon="35.31875339">
        <ele>213.27</ele>
        <time>2025-10-12T17:00:14.021Z</time>
      </trkpt>
      <trkpt lat="31.83096218" lon="35.31875842">
        <ele>213.74</ele>
        <time>2025-10-12T17:00:15.584Z</time>
      </trkpt>
      <trkpt lat="31.83096319" lon="35.31878055">
        <ele>214.23</ele>
        <time>2025-10-12T17:00:17.149Z</time>
      </trkpt>
      <trkpt lat="31.83095925" lon="35.31880553">
        <ele>214.73</ele>
        <time>2025-10-12T17:00:18.717Z</time>
      </trkpt>
      <trkpt lat="31.83095992" lon="35.31882145">
        <ele>215.23</ele>
        <time>2025-10-12T17:00:20.286Z</time>
      </trkpt>
      <trkpt lat="31.83095807" lon="35.31882514">
        <ele>215.73</ele>
        <time>2025-10-12T17:00:21.856Z</time>
      </trkpt>
      <trkpt lat="31.83100007" lon="35.31885264">
        <ele>216.24</ele>
        <time>2025-10-12T17:00:23.431Z</time>
      </trkpt>
      <trkpt lat="31.83106964" lon="35.31887376">
        <ele>216.76</ele>
        <time>2025-10-12T17:00:25.015Z</time>
      </trkpt>
      <trkpt lat="31.83113577" lon="35.31890754">
        <ele>217.29</ele>
        <time>2025-10-12T17:00:26.607Z</time>
      </trkpt>
      <trkpt lat="31.83118195" lon="35.31892086">
        <ele>217.78</ele>
        <time>2025-10-12T17:00:28.205Z</time>
      </trkpt>
      <trkpt lat="31.8312226" lon="35.31897862">
        <ele>218.3</ele>
        <time>2025-10-12T17:00:29.810Z</time>
      </trkpt>
      <trkpt lat="31.83124968" lon="35.31898993">
        <ele>218.75</ele>
        <time>2025-10-12T17:00:31.419Z</time>
      </trkpt>
      <trkpt lat="31.83128606" lon="35.31899806">
        <ele>219.16</ele>
        <time>2025-10-12T17:00:33.032Z</time>
      </trkpt>
      <trkpt lat="31.83134079" lon="35.31901273">
        <ele>219.56</ele>
        <time>2025-10-12T17:00:34.652Z</time>
      </trkpt>
      <trkpt lat="31.83139871" lon="35.31901583">
        <ele>219.92</ele>
        <time>2025-10-12T17:00:36.279Z</time>
      </trkpt>
      <trkpt lat="31.83141111" lon="35.31900837">
        <ele>220.27</ele>
        <time>2025-10-12T17:00:37.907Z</time>
      </trkpt>
      <trkpt lat="31.83141857" lon="35.31898155">
        <ele>220.57</ele>
        <time>2025-10-12T17:00:39.538Z</time>
      </trkpt>
      <trkpt lat="31.8314485" lon="35.31898155">
        <ele>220.86</ele>
        <time>2025-10-12T17:00:41.172Z</time>
      </trkpt>
      <trkpt lat="31.83150558" lon="35.31903226">
        <ele>221.13</ele>
        <time>2025-10-12T17:00:42.815Z</time>
      </trkpt>
      <trkpt lat="31.8315412" lon="35.31906813">
        <ele>221.35</ele>
        <time>2025-10-12T17:00:44.463Z</time>
      </trkpt>
      <trkpt lat="31.83156853" lon="35.31908649">
        <ele>221.51</ele>
        <time>2025-10-12T17:00:46.115Z</time>
      </trkpt>
      <trkpt lat="31.83159057" lon="35.31911549">
        <ele>221.64</ele>
        <time>2025-10-12T17:00:47.771Z</time>
      </trkpt>
      <trkpt lat="31.83159384" lon="35.31911893">
        <ele>221.72</ele>
        <time>2025-10-12T17:00:49.428Z</time>
      </trkpt>
      <trkpt lat="31.83159862" lon="35.31913997">
        <ele>221.75</ele>
        <time>2025-10-12T17:00:51.087Z</time>
      </trkpt>
      <trkpt lat="31.83159761" lon="35.31914491">
        <ele>221.74</ele>
        <time>2025-10-12T17:00:52.746Z</time>
      </trkpt>
      <trkpt lat="31.83159317" lon="35.31918515">
        <ele>221.69</ele>
        <time>2025-10-12T17:00:54.409Z</time>
      </trkpt>
      <trkpt lat="31.83158596" lon="35.31918573">
        <ele>221.6</ele>
        <time>2025-10-12T17:00:56.073Z</time>
      </trkpt>
      <trkpt lat="31.8315578" lon="35.31918188">
        <ele>221.47</ele>
        <time>2025-10-12T17:00:57.740Z</time>
      </trkpt>
      <trkpt lat="31.83155746" lon="35.31918121">
        <ele>221.29</ele>
        <time>2025-10-12T17:00:59.408Z</time>
      </trkpt>
      <trkpt lat="31.83157037" lon="35.31919378">
        <ele>221.08</ele>
        <time>2025-10-12T17:01:01.077Z</time>
      </trkpt>
      <trkpt lat="31.83160264" lon="35.31922144">
        <ele>220.82</ele>
        <time>2025-10-12T17:01:02.751Z</time>
      </trkpt>
      <trkpt lat="31.83162502" lon="35.31924751">
        <ele>220.53</ele>
        <time>2025-10-12T17:01:04.429Z</time>
      </trkpt>
      <trkpt lat="31.83164145" lon="35.31928397">
        <ele>220.21</ele>
        <time>2025-10-12T17:01:06.111Z</time>
      </trkpt>
      <trkpt lat="31.83164447" lon="35.31929252">
        <ele>219.87</ele>
        <time>2025-10-12T17:01:07.794Z</time>
      </trkpt>
      <trkpt lat="31.83165855" lon="35.31933233">
        <ele>219.52</ele>
        <time>2025-10-12T17:01:09.481Z</time>
      </trkpt>
      <trkpt lat="31.83171471" lon="35.31937533">
        <ele>219.08</ele>
        <time>2025-10-12T17:01:11.176Z</time>
      </trkpt>
      <trkpt lat="31.83175293" lon="35.31939821">
        <ele>218.61</ele>
        <time>2025-10-12T17:01:12.876Z</time>
      </trkpt>
      <trkpt lat="31.83178495" lon="35.31945865">
        <ele>218.14</ele>
        <time>2025-10-12T17:01:14.583Z</time>
      </trkpt>
      <trkpt lat="31.83179827" lon="35.31948882">
        <ele>217.66</ele>
        <time>2025-10-12T17:01:16.294Z</time>
      </trkpt>
      <trkpt lat="31.83183356" lon="35.31954976">
        <ele>217.15</ele>
        <time>2025-10-12T17:01:18.012Z</time>
      </trkpt>
      <trkpt lat="31.83184077" lon="35.31956309">
        <ele>216.66</ele>
        <time>2025-10-12T17:01:19.732Z</time>
      </trkpt>
      <trkpt lat="31.83191411" lon="35.31968596">
        <ele>216.1</ele>
        <time>2025-10-12T17:01:21.467Z</time>
      </trkpt>
      <trkpt lat="31.83196357" lon="35.31980189">
        <ele>215.48</ele>
        <time>2025-10-12T17:01:23.215Z</time>
      </trkpt>
      <trkpt lat="31.83201671" lon="35.3199536">
        <ele>214.86</ele>
        <time>2025-10-12T17:01:24.979Z</time>
      </trkpt>
      <trkpt lat="31.83204445" lon="35.32006759">
        <ele>214.35</ele>
        <time>2025-10-12T17:01:26.755Z</time>
      </trkpt>
      <trkpt lat="31.83206566" lon="35.32014906">
        <ele>213.95</ele>
        <time>2025-10-12T17:01:28.540Z</time>
      </trkpt>
      <trkpt lat="31.83206666" lon="35.32018653">
        <ele>213.55</ele>
        <time>2025-10-12T17:01:30.328Z</time>
      </trkpt>
      <trkpt lat="31.83207085" lon="35.32027437">
        <ele>213.16</ele>
        <time>2025-10-12T17:01:32.125Z</time>
      </trkpt>
      <trkpt lat="31.83207337" lon="35.32028502">
        <ele>212.83</ele>
        <time>2025-10-12T17:01:33.923Z</time>
      </trkpt>
      <trkpt lat="31.83208292" lon="35.32030673">
        <ele>212.54</ele>
        <time>2025-10-12T17:01:35.724Z</time>
      </trkpt>
      <trkpt lat="31.83208896" lon="35.32034185">
        <ele>212.28</ele>
        <time>2025-10-12T17:01:37.528Z</time>
      </trkpt>
      <trkpt lat="31.83208276" lon="35.32038552">
        <ele>212.05</ele>
        <time>2025-10-12T17:01:39.337Z</time>
      </trkpt>
      <trkpt lat="31.83208158" lon="35.32044813">
        <ele>211.85</ele>
        <time>2025-10-12T17:01:41.152Z</time>
      </trkpt>
      <trkpt lat="31.8320846" lon="35.32047663">
        <ele>211.7</ele>
        <time>2025-10-12T17:01:42.970Z</time>
      </trkpt>
      <trkpt lat="31.83207647" lon="35.32051795">
        <ele>211.57</ele>
        <time>2025-10-12T17:01:44.792Z</time>
      </trkpt>
      <trkpt lat="31.83206675" lon="35.32055592">
        <ele>211.48</ele>
        <time>2025-10-12T17:01:46.618Z</time>
      </trkpt>
      <trkpt lat="31.83204487" lon="35.32059993">
        <ele>211.41</ele>
        <time>2025-10-12T17:01:48.449Z</time>
      </trkpt>
      <trkpt lat="31.83202735" lon="35.32065718">
        <ele>211.41</ele>
        <time>2025-10-12T17:01:50.286Z</time>
      </trkpt>
      <trkpt lat="31.83199382" lon="35.32075357">
        <ele>211.5</ele>
        <time>2025-10-12T17:01:52.134Z</time>
      </trkpt>
      <trkpt lat="31.83194186" lon="35.32085356">
        <ele>211.64</ele>
        <time>2025-10-12T17:01:53.993Z</time>
      </trkpt>
      <trkpt lat="31.83189349" lon="35.32096663">
        <ele>211.77</ele>
        <time>2025-10-12T17:01:55.865Z</time>
      </trkpt>
      <trkpt lat="31.83187162" lon="35.32100243">
        <ele>211.85</ele>
        <time>2025-10-12T17:01:57.742Z</time>
      </trkpt>
      <trkpt lat="31.83185477" lon="35.32106185">
        <ele>211.91</ele>
        <time>2025-10-12T17:01:59.625Z</time>
      </trkpt>
      <trkpt lat="31.83185217" lon="35.32106621">
        <ele>211.96</ele>
        <time>2025-10-12T17:02:01.508Z</time>
      </trkpt>
      <trkpt lat="31.83185292" lon="35.32108004">
        <ele>212</ele>
        <time>2025-10-12T17:02:03.393Z</time>
      </trkpt>
      <trkpt lat="31.83185762" lon="35.32110519">
        <ele>212.03</ele>
        <time>2025-10-12T17:02:05.280Z</time>
      </trkpt>
      <trkpt lat="31.83190104" lon="35.32115841">
        <ele>211.98</ele>
        <time>2025-10-12T17:02:07.175Z</time>
      </trkpt>
      <trkpt lat="31.83192593" lon="35.32115883">
        <ele>211.94</ele>
        <time>2025-10-12T17:02:09.073Z</time>
      </trkpt>
      <trkpt lat="31.83193666" lon="35.3211932">
        <ele>211.92</ele>
        <time>2025-10-12T17:02:10.974Z</time>
      </trkpt>
      <trkpt lat="31.83195191" lon="35.32121541">
        <ele>211.88</ele>
        <time>2025-10-12T17:02:12.878Z</time>
      </trkpt>
      <trkpt lat="31.83197572" lon="35.32123469">
        <ele>211.81</ele>
        <time>2025-10-12T17:02:14.786Z</time>
      </trkpt>
      <trkpt lat="31.83198025" lon="35.32126067">
        <ele>211.76</ele>
        <time>2025-10-12T17:02:16.696Z</time>
      </trkpt>
      <trkpt lat="31.83197874" lon="35.32130308">
        <ele>211.72</ele>
        <time>2025-10-12T17:02:18.610Z</time>
      </trkpt>
      <trkpt lat="31.83198083" lon="35.32131532">
        <ele>211.64</ele>
        <time>2025-10-12T17:02:20.526Z</time>
      </trkpt>
      <trkpt lat="31.83199055" lon="35.32136796">
        <ele>211.54</ele>
        <time>2025-10-12T17:02:22.447Z</time>
      </trkpt>
      <trkpt lat="31.83199843" lon="35.32140191">
        <ele>211.41</ele>
        <time>2025-10-12T17:02:24.372Z</time>
      </trkpt>
      <trkpt lat="31.83206742" lon="35.3215097">
        <ele>211.2</ele>
        <time>2025-10-12T17:02:26.310Z</time>
      </trkpt>
      <trkpt lat="31.83209818" lon="35.32165295">
        <ele>211.04</ele>
        <time>2025-10-12T17:02:28.263Z</time>
      </trkpt>
      <trkpt lat="31.83210773" lon="35.32168723">
        <ele>210.85</ele>
        <time>2025-10-12T17:02:30.220Z</time>
      </trkpt>
      <trkpt lat="31.83209114" lon="35.32171623">
        <ele>210.68</ele>
        <time>2025-10-12T17:02:32.180Z</time>
      </trkpt>
      <trkpt lat="31.83207261" lon="35.3217288">
        <ele>210.5</ele>
        <time>2025-10-12T17:02:34.143Z</time>
      </trkpt>
      <trkpt lat="31.83207245" lon="35.32173014">
        <ele>210.3</ele>
        <time>2025-10-12T17:02:36.106Z</time>
      </trkpt>
      <trkpt lat="31.83207211" lon="35.32173241">
        <ele>210.09</ele>
        <time>2025-10-12T17:02:38.069Z</time>
      </trkpt>
      <trkpt lat="31.83206004" lon="35.32173911">
        <ele>209.87</ele>
        <time>2025-10-12T17:02:40.034Z</time>
      </trkpt>
      <trkpt lat="31.8320385" lon="35.321748">
        <ele>209.64</ele>
        <time>2025-10-12T17:02:42.001Z</time>
      </trkpt>
      <trkpt lat="31.83203406" lon="35.32177138">
        <ele>209.4</ele>
        <time>2025-10-12T17:02:43.971Z</time>
      </trkpt>
      <trkpt lat="31.83204118" lon="35.32178337">
        <ele>209.12</ele>
        <time>2025-10-12T17:02:45.942Z</time>
      </trkpt>
      <trkpt lat="31.83208033" lon="35.32184833">
        <ele>208.81</ele>
        <time>2025-10-12T17:02:47.921Z</time>
      </trkpt>
      <trkpt lat="31.83210446" lon="35.32192628">
        <ele>208.49</ele>
        <time>2025-10-12T17:02:49.908Z</time>
      </trkpt>
      <trkpt lat="31.83215065" lon="35.32198546">
        <ele>208.16</ele>
        <time>2025-10-12T17:02:51.903Z</time>
      </trkpt>
      <trkpt lat="31.83215979" lon="35.3220018">
        <ele>207.87</ele>
        <time>2025-10-12T17:02:53.900Z</time>
      </trkpt>
      <trkpt lat="31.83217906" lon="35.32203482">
        <ele>207.56</ele>
        <time>2025-10-12T17:02:55.901Z</time>
      </trkpt>
      <trkpt lat="31.83218309" lon="35.3220448">
        <ele>207.26</ele>
        <time>2025-10-12T17:02:57.903Z</time>
      </trkpt>
      <trkpt lat="31.83219658" lon="35.32206986">
        <ele>206.95</ele>
        <time>2025-10-12T17:02:59.908Z</time>
      </trkpt>
      <trkpt lat="31.83219809" lon="35.32211957">
        <ele>206.64</ele>
        <time>2025-10-12T17:03:01.918Z</time>
      </trkpt>
      <trkpt lat="31.83220547" lon="35.32221847">
        <ele>206.33</ele>
        <time>2025-10-12T17:03:03.938Z</time>
      </trkpt>
      <trkpt lat="31.83221217" lon="35.32225535">
        <ele>206.05</ele>
        <time>2025-10-12T17:03:05.962Z</time>
      </trkpt>
      <trkpt lat="31.83222332" lon="35.32228963">
        <ele>205.76</ele>
        <time>2025-10-12T17:03:07.990Z</time>
      </trkpt>
      <trkpt lat="31.83223078" lon="35.32230833">
        <ele>205.47</ele>
        <time>2025-10-12T17:03:10.020Z</time>
      </trkpt>
      <trkpt lat="31.83224469" lon="35.32235124">
        <ele>205.19</ele>
        <time>2025-10-12T17:03:12.054Z</time>
      </trkpt>
      <trkpt lat="31.83225241" lon="35.32241327">
        <ele>204.9</ele>
        <time>2025-10-12T17:03:14.095Z</time>
      </trkpt>
      <trkpt lat="31.83225039" lon="35.32244571">
        <ele>204.61</ele>
        <time>2025-10-12T17:03:16.139Z</time>
      </trkpt>
      <trkpt lat="31.83225408" lon="35.3224934">
        <ele>204.32</ele>
        <time>2025-10-12T17:03:18.188Z</time>
      </trkpt>
      <trkpt lat="31.83225953" lon="35.32251955">
        <ele>204.03</ele>
        <time>2025-10-12T17:03:20.240Z</time>
      </trkpt>
      <trkpt lat="31.83226557" lon="35.32257521">
        <ele>203.74</ele>
        <time>2025-10-12T17:03:22.297Z</time>
      </trkpt>
      <trkpt lat="31.83224444" lon="35.3226514">
        <ele>203.45</ele>
        <time>2025-10-12T17:03:24.362Z</time>
      </trkpt>
      <trkpt lat="31.83224386" lon="35.32266481">
        <ele>203.14</ele>
        <time>2025-10-12T17:03:26.429Z</time>
      </trkpt>
      <trkpt lat="31.83223179" lon="35.32274268">
        <ele>202.78</ele>
        <time>2025-10-12T17:03:28.503Z</time>
      </trkpt>
      <trkpt lat="31.83223003" lon="35.32278442">
        <ele>202.46</ele>
        <time>2025-10-12T17:03:30.582Z</time>
      </trkpt>
      <trkpt lat="31.83219432" lon="35.32289296">
        <ele>202.11</ele>
        <time>2025-10-12T17:03:32.672Z</time>
      </trkpt>
      <trkpt lat="31.83215694" lon="35.3229617">
        <ele>201.78</ele>
        <time>2025-10-12T17:03:34.770Z</time>
      </trkpt>
      <trkpt lat="31.83213548" lon="35.32300578">
        <ele>201.45</ele>
        <time>2025-10-12T17:03:36.874Z</time>
      </trkpt>
      <trkpt lat="31.83205065" lon="35.32313612">
        <ele>200.98</ele>
        <time>2025-10-12T17:03:38.994Z</time>
      </trkpt>
      <trkpt lat="31.83200011" lon="35.32317728">
        <ele>200.66</ele>
        <time>2025-10-12T17:03:41.121Z</time>
      </trkpt>
      <trkpt lat="31.83195988" lon="35.32322614">
        <ele>200.34</ele>
        <time>2025-10-12T17:03:43.255Z</time>
      </trkpt>
      <trkpt lat="31.83194269" lon="35.32323821">
        <ele>200.03</ele>
        <time>2025-10-12T17:03:45.391Z</time>
      </trkpt>
      <trkpt lat="31.83193339" lon="35.32324559">
        <ele>199.7</ele>
        <time>2025-10-12T17:03:47.529Z</time>
      </trkpt>
      <trkpt lat="31.83186307" lon="35.32329312">
        <ele>199.41</ele>
        <time>2025-10-12T17:03:49.676Z</time>
      </trkpt>
      <trkpt lat="31.83186013" lon="35.32329823">
        <ele>199.06</ele>
        <time>2025-10-12T17:03:51.824Z</time>
      </trkpt>
      <trkpt lat="31.83185343" lon="35.32331843">
        <ele>198.7</ele>
        <time>2025-10-12T17:03:53.974Z</time>
      </trkpt>
      <trkpt lat="31.83184236" lon="35.3233559">
        <ele>198.32</ele>
        <time>2025-10-12T17:03:56.128Z</time>
      </trkpt>
      <trkpt lat="31.83183549" lon="35.32337392">
        <ele>197.94</ele>
        <time>2025-10-12T17:03:58.284Z</time>
      </trkpt>
      <trkpt lat="31.83178788" lon="35.32347492">
        <ele>197.59</ele>
        <time>2025-10-12T17:04:00.452Z</time>
      </trkpt>
      <trkpt lat="31.83177019" lon="35.32350744">
        <ele>197.21</ele>
        <time>2025-10-12T17:04:02.623Z</time>
      </trkpt>
      <trkpt lat="31.83175318" lon="35.32354147">
        <ele>196.82</ele>
        <time>2025-10-12T17:04:04.798Z</time>
      </trkpt>
      <trkpt lat="31.83176441" lon="35.32356025">
        <ele>196.35</ele>
        <time>2025-10-12T17:04:06.976Z</time>
      </trkpt>
      <trkpt lat="31.83178294" lon="35.32357944">
        <ele>195.88</ele>
        <time>2025-10-12T17:04:09.157Z</time>
      </trkpt>
      <trkpt lat="31.83183121" lon="35.32361959">
        <ele>195.35</ele>
        <time>2025-10-12T17:04:11.345Z</time>
      </trkpt>
      <trkpt lat="31.83190447" lon="35.32365764">
        <ele>194.76</ele>
        <time>2025-10-12T17:04:13.542Z</time>
      </trkpt>
      <trkpt lat="31.83192249" lon="35.32371799">
        <ele>194.28</ele>
        <time>2025-10-12T17:04:15.745Z</time>
      </trkpt>
      <trkpt lat="31.83192425" lon="35.32378832">
        <ele>193.79</ele>
        <time>2025-10-12T17:04:17.955Z</time>
      </trkpt>
      <trkpt lat="31.83193197" lon="35.32382797">
        <ele>193.31</ele>
        <time>2025-10-12T17:04:20.169Z</time>
      </trkpt>
      <trkpt lat="31.83194772" lon="35.32390617">
        <ele>192.86</ele>
        <time>2025-10-12T17:04:22.392Z</time>
      </trkpt>
      <trkpt lat="31.83197832" lon="35.32397733">
        <ele>192.4</ele>
        <time>2025-10-12T17:04:24.622Z</time>
      </trkpt>
      <trkpt lat="31.8320007" lon="35.32407632">
        <ele>191.98</ele>
        <time>2025-10-12T17:04:26.863Z</time>
      </trkpt>
      <trkpt lat="31.83200698" lon="35.324093">
        <ele>191.59</ele>
        <time>2025-10-12T17:04:29.106Z</time>
      </trkpt>
      <trkpt lat="31.8320131" lon="35.32409845">
        <ele>191.22</ele>
        <time>2025-10-12T17:04:31.349Z</time>
      </trkpt>
      <trkpt lat="31.83202333" lon="35.32416224">
        <ele>190.85</ele>
        <time>2025-10-12T17:04:33.599Z</time>
      </trkpt>
      <trkpt lat="31.83200271" lon="35.32418914">
        <ele>190.54</ele>
        <time>2025-10-12T17:04:35.853Z</time>
      </trkpt>
      <trkpt lat="31.83198812" lon="35.32421119">
        <ele>190.26</ele>
        <time>2025-10-12T17:04:38.109Z</time>
      </trkpt>
      <trkpt lat="31.83197027" lon="35.32422837">
        <ele>190</ele>
        <time>2025-10-12T17:04:40.368Z</time>
      </trkpt>
      <trkpt lat="31.83196357" lon="35.32423273">
        <ele>189.76</ele>
        <time>2025-10-12T17:04:42.628Z</time>
      </trkpt>
      <trkpt lat="31.83196348" lon="35.32423935">
        <ele>189.55</ele>
        <time>2025-10-12T17:04:44.889Z</time>
      </trkpt>
      <trkpt lat="31.83197186" lon="35.32425226">
        <ele>189.35</ele>
        <time>2025-10-12T17:04:47.151Z</time>
      </trkpt>
      <trkpt lat="31.83200053" lon="35.32428352">
        <ele>189.16</ele>
        <time>2025-10-12T17:04:49.418Z</time>
      </trkpt>
      <trkpt lat="31.83201553" lon="35.32430607">
        <ele>189.01</ele>
        <time>2025-10-12T17:04:51.688Z</time>
      </trkpt>
      <trkpt lat="31.83201897" lon="35.32431755">
        <ele>188.9</ele>
        <time>2025-10-12T17:04:53.959Z</time>
      </trkpt>
      <trkpt lat="31.83203213" lon="35.32434437">
        <ele>188.8</ele>
        <time>2025-10-12T17:04:56.233Z</time>
      </trkpt>
      <trkpt lat="31.83203657" lon="35.32441">
        <ele>188.73</ele>
        <time>2025-10-12T17:04:58.514Z</time>
      </trkpt>
      <trkpt lat="31.83200908" lon="35.32441168">
        <ele>188.73</ele>
        <time>2025-10-12T17:05:00.798Z</time>
      </trkpt>
      <trkpt lat="31.8319836" lon="35.32441344">
        <ele>188.75</ele>
        <time>2025-10-12T17:05:03.085Z</time>
      </trkpt>
      <trkpt lat="31.83195669" lon="35.32443305">
        <ele>188.8</ele>
        <time>2025-10-12T17:05:05.376Z</time>
      </trkpt>
      <trkpt lat="31.83193054" lon="35.32445828">
        <ele>188.86</ele>
        <time>2025-10-12T17:05:07.671Z</time>
      </trkpt>
      <trkpt lat="31.83193498" lon="35.324467">
        <ele>188.92</ele>
        <time>2025-10-12T17:05:09.967Z</time>
      </trkpt>
      <trkpt lat="31.83193976" lon="35.32448066">
        <ele>189</ele>
        <time>2025-10-12T17:05:12.264Z</time>
      </trkpt>
      <trkpt lat="31.83193532" lon="35.32449257">
        <ele>189.09</ele>
        <time>2025-10-12T17:05:14.562Z</time>
      </trkpt>
      <trkpt lat="31.83192425" lon="35.3245219">
        <ele>189.21</ele>
        <time>2025-10-12T17:05:16.864Z</time>
      </trkpt>
      <trkpt lat="31.83192107" lon="35.32452693">
        <ele>189.33</ele>
        <time>2025-10-12T17:05:19.166Z</time>
      </trkpt>
      <trkpt lat="31.83191386" lon="35.32459809">
        <ele>189.45</ele>
        <time>2025-10-12T17:05:21.475Z</time>
      </trkpt>
      <trkpt lat="31.8318639" lon="35.32471368">
        <ele>189.59</ele>
        <time>2025-10-12T17:05:23.797Z</time>
      </trkpt>
      <trkpt lat="31.83185888" lon="35.32472013">
        <ele>189.73</ele>
        <time>2025-10-12T17:05:26.120Z</time>
      </trkpt>
      <trkpt lat="31.83185074" lon="35.32473455">
        <ele>189.88</ele>
        <time>2025-10-12T17:05:28.445Z</time>
      </trkpt>
      <trkpt lat="31.83181428" lon="35.32477755">
        <ele>190.02</ele>
        <time>2025-10-12T17:05:30.776Z</time>
      </trkpt>
      <trkpt lat="31.83181303" lon="35.32478669">
        <ele>190.16</ele>
        <time>2025-10-12T17:05:33.108Z</time>
      </trkpt>
      <trkpt lat="31.83178855" lon="35.32483296">
        <ele>190.29</ele>
        <time>2025-10-12T17:05:35.446Z</time>
      </trkpt>
      <trkpt lat="31.83177246" lon="35.32485961">
        <ele>190.42</ele>
        <time>2025-10-12T17:05:37.787Z</time>
      </trkpt>
      <trkpt lat="31.83176877" lon="35.32485877">
        <ele>190.55</ele>
        <time>2025-10-12T17:05:40.128Z</time>
      </trkpt>
      <trkpt lat="31.83176776" lon="35.3248576">
        <ele>190.69</ele>
        <time>2025-10-12T17:05:42.469Z</time>
      </trkpt>
      <trkpt lat="31.83177019" lon="35.3248581">
        <ele>190.82</ele>
        <time>2025-10-12T17:05:44.811Z</time>
      </trkpt>
      <trkpt lat="31.83177053" lon="35.32486221">
        <ele>190.94</ele>
        <time>2025-10-12T17:05:47.153Z</time>
      </trkpt>
      <trkpt lat="31.83176869" lon="35.32486699">
        <ele>191.05</ele>
        <time>2025-10-12T17:05:49.496Z</time>
      </trkpt>
      <trkpt lat="31.83176542" lon="35.32487327">
        <ele>191.15</ele>
        <time>2025-10-12T17:05:51.839Z</time>
      </trkpt>
      <trkpt lat="31.83174899" lon="35.32489624">
        <ele>191.27</ele>
        <time>2025-10-12T17:05:54.185Z</time>
      </trkpt>
      <trkpt lat="31.8317272" lon="35.32492767">
        <ele>191.4</ele>
        <time>2025-10-12T17:05:56.535Z</time>
      </trkpt>
      <trkpt lat="31.831723" lon="35.32493882">
        <ele>191.47</ele>
        <time>2025-10-12T17:05:58.887Z</time>
      </trkpt>
      <trkpt lat="31.8317049" lon="35.32498936">
        <ele>191.55</ele>
        <time>2025-10-12T17:06:01.244Z</time>
      </trkpt>
      <trkpt lat="31.83167816" lon="35.32505843">
        <ele>191.65</ele>
        <time>2025-10-12T17:06:03.609Z</time>
      </trkpt>
      <trkpt lat="31.83163114" lon="35.32512146">
        <ele>191.75</ele>
        <time>2025-10-12T17:06:05.982Z</time>
      </trkpt>
      <trkpt lat="31.83160935" lon="35.3251534">
        <ele>191.74</ele>
        <time>2025-10-12T17:06:08.359Z</time>
      </trkpt>
      <trkpt lat="31.83159912" lon="35.32516991">
        <ele>191.73</ele>
        <time>2025-10-12T17:06:10.738Z</time>
      </trkpt>
      <trkpt lat="31.83154799" lon="35.3252461">
        <ele>191.68</ele>
        <time>2025-10-12T17:06:13.127Z</time>
      </trkpt>
      <trkpt lat="31.83150901" lon="35.32531223">
        <ele>191.64</ele>
        <time>2025-10-12T17:06:15.524Z</time>
      </trkpt>
      <trkpt lat="31.83149896" lon="35.32535054">
        <ele>191.56</ele>
        <time>2025-10-12T17:06:17.925Z</time>
      </trkpt>
      <trkpt lat="31.8314542" lon="35.32544467">
        <ele>191.47</ele>
        <time>2025-10-12T17:06:20.337Z</time>
      </trkpt>
      <trkpt lat="31.83140852" lon="35.32548649">
        <ele>191.42</ele>
        <time>2025-10-12T17:06:22.756Z</time>
      </trkpt>
      <trkpt lat="31.83139142" lon="35.32550024">
        <ele>191.34</ele>
        <time>2025-10-12T17:06:25.177Z</time>
      </trkpt>
      <trkpt lat="31.83137951" lon="35.32551449">
        <ele>191.26</ele>
        <time>2025-10-12T17:06:27.600Z</time>
      </trkpt>
      <trkpt lat="31.83136677" lon="35.3255289">
        <ele>191.19</ele>
        <time>2025-10-12T17:06:30.025Z</time>
      </trkpt>
      <trkpt lat="31.83136627" lon="35.32552321">
        <ele>191.11</ele>
        <time>2025-10-12T17:06:32.451Z</time>
      </trkpt>
      <trkpt lat="31.83135747" lon="35.32553729">
        <ele>191.03</ele>
        <time>2025-10-12T17:06:34.878Z</time>
      </trkpt>
      <trkpt lat="31.83134171" lon="35.32555053">
        <ele>190.97</ele>
        <time>2025-10-12T17:06:37.308Z</time>
      </trkpt>
      <trkpt lat="31.83128664" lon="35.32560728">
        <ele>190.93</ele>
        <time>2025-10-12T17:06:39.746Z</time>
      </trkpt>
      <trkpt lat="31.83126435" lon="35.32568003">
        <ele>190.78</ele>
        <time>2025-10-12T17:06:42.192Z</time>
      </trkpt>
      <trkpt lat="31.83123409" lon="35.32571733">
        <ele>190.69</ele>
        <time>2025-10-12T17:06:44.643Z</time>
      </trkpt>
      <trkpt lat="31.83121003" lon="35.32574667">
        <ele>190.62</ele>
        <time>2025-10-12T17:06:47.098Z</time>
      </trkpt>
      <trkpt lat="31.83117533" lon="35.32579101">
        <ele>190.61</ele>
        <time>2025-10-12T17:06:49.559Z</time>
      </trkpt>
      <trkpt lat="31.83115622" lon="35.32581481">
        <ele>190.64</ele>
        <time>2025-10-12T17:06:52.024Z</time>
      </trkpt>
      <trkpt lat="31.83111305" lon="35.32588765">
        <ele>190.71</ele>
        <time>2025-10-12T17:06:54.498Z</time>
      </trkpt>
      <trkpt lat="31.83105874" lon="35.32597851">
        <ele>190.76</ele>
        <time>2025-10-12T17:06:56.983Z</time>
      </trkpt>
      <trkpt lat="31.83103862" lon="35.32601028">
        <ele>190.82</ele>
        <time>2025-10-12T17:06:59.472Z</time>
      </trkpt>
      <trkpt lat="31.83103024" lon="35.32601975">
        <ele>190.94</ele>
        <time>2025-10-12T17:07:01.962Z</time>
      </trkpt>
      <trkpt lat="31.83101499" lon="35.32603668">
        <ele>191.08</ele>
        <time>2025-10-12T17:07:04.454Z</time>
      </trkpt>
      <trkpt lat="31.83099881" lon="35.32605479">
        <ele>191.25</ele>
        <time>2025-10-12T17:07:06.949Z</time>
      </trkpt>
      <trkpt lat="31.83096092" lon="35.32609267">
        <ele>191.49</ele>
        <time>2025-10-12T17:07:09.450Z</time>
      </trkpt>
      <trkpt lat="31.83089244" lon="35.32618395">
        <ele>191.79</ele>
        <time>2025-10-12T17:07:11.963Z</time>
      </trkpt>
      <trkpt lat="31.83086277" lon="35.32625151">
        <ele>192.11</ele>
        <time>2025-10-12T17:07:14.484Z</time>
      </trkpt>
      <trkpt lat="31.83086319" lon="35.3262583">
        <ele>192.41</ele>
        <time>2025-10-12T17:07:17.005Z</time>
      </trkpt>
      <trkpt lat="31.83085606" lon="35.3263189">
        <ele>192.77</ele>
        <time>2025-10-12T17:07:19.533Z</time>
      </trkpt>
      <trkpt lat="31.8308388" lon="35.32641278">
        <ele>193.23</ele>
        <time>2025-10-12T17:07:22.070Z</time>
      </trkpt>
      <trkpt lat="31.83081977" lon="35.32652333">
        <ele>193.74</ele>
        <time>2025-10-12T17:07:24.618Z</time>
      </trkpt>
      <trkpt lat="31.83081248" lon="35.32653725">
        <ele>194.18</ele>
        <time>2025-10-12T17:07:27.168Z</time>
      </trkpt>
      <trkpt lat="31.83081876" lon="35.32657614">
        <ele>194.63</ele>
        <time>2025-10-12T17:07:29.722Z</time>
      </trkpt>
      <trkpt lat="31.83082438" lon="35.32659424">
        <ele>195.07</ele>
        <time>2025-10-12T17:07:32.278Z</time>
      </trkpt>
      <trkpt lat="31.83082522" lon="35.32664169">
        <ele>195.57</ele>
        <time>2025-10-12T17:07:34.839Z</time>
      </trkpt>
      <trkpt lat="31.83082597" lon="35.32665392">
        <ele>196.06</ele>
        <time>2025-10-12T17:07:37.401Z</time>
      </trkpt>
      <trkpt lat="31.83083117" lon="35.32668527">
        <ele>196.56</ele>
        <time>2025-10-12T17:07:39.966Z</time>
      </trkpt>
      <trkpt lat="31.83085129" lon="35.32671427">
        <ele>197.04</ele>
        <time>2025-10-12T17:07:42.535Z</time>
      </trkpt>
      <trkpt lat="31.83085841" lon="35.32672274">
        <ele>197.51</ele>
        <time>2025-10-12T17:07:45.105Z</time>
      </trkpt>
      <trkpt lat="31.83092656" lon="35.32678183">
        <ele>197.92</ele>
        <time>2025-10-12T17:07:47.685Z</time>
      </trkpt>
      <trkpt lat="31.83097685" lon="35.3267996">
        <ele>198.39</ele>
        <time>2025-10-12T17:07:50.271Z</time>
      </trkpt>
      <trkpt lat="31.8310149" lon="35.32679373">
        <ele>198.82</ele>
        <time>2025-10-12T17:07:52.862Z</time>
      </trkpt>
      <trkpt lat="31.83109612" lon="35.32683145">
        <ele>199.27</ele>
        <time>2025-10-12T17:07:55.463Z</time>
      </trkpt>
      <trkpt lat="31.83113887" lon="35.32686389">
        <ele>199.75</ele>
        <time>2025-10-12T17:07:58.070Z</time>
      </trkpt>
      <trkpt lat="31.83113954" lon="35.32686448">
        <ele>200.21</ele>
        <time>2025-10-12T17:08:00.677Z</time>
      </trkpt>
      <trkpt lat="31.83114197" lon="35.32686867">
        <ele>200.65</ele>
        <time>2025-10-12T17:08:03.285Z</time>
      </trkpt>
      <trkpt lat="31.83124071" lon="35.32695198">
        <ele>201.12</ele>
        <time>2025-10-12T17:08:05.907Z</time>
      </trkpt>
      <trkpt lat="31.83131481" lon="35.32703505">
        <ele>201.61</ele>
        <time>2025-10-12T17:08:08.541Z</time>
      </trkpt>
      <trkpt lat="31.83133358" lon="35.32704871">
        <ele>202.01</ele>
        <time>2025-10-12T17:08:11.178Z</time>
      </trkpt>
      <trkpt lat="31.83139083" lon="35.32712557">
        <ele>202.43</ele>
        <time>2025-10-12T17:08:13.825Z</time>
      </trkpt>
      <trkpt lat="31.83144665" lon="35.32717285">
        <ele>202.79</ele>
        <time>2025-10-12T17:08:16.480Z</time>
      </trkpt>
      <trkpt lat="31.83149535" lon="35.32727888">
        <ele>203.11</ele>
        <time>2025-10-12T17:08:19.147Z</time>
      </trkpt>
      <trkpt lat="31.83156299" lon="35.32735398">
        <ele>203.38</ele>
        <time>2025-10-12T17:08:21.825Z</time>
      </trkpt>
      <trkpt lat="31.83160205" lon="35.32740662">
        <ele>203.58</ele>
        <time>2025-10-12T17:08:24.510Z</time>
      </trkpt>
      <trkpt lat="31.83163181" lon="35.3274171">
        <ele>203.7</ele>
        <time>2025-10-12T17:08:27.198Z</time>
      </trkpt>
      <trkpt lat="31.83167213" lon="35.32746437">
        <ele>203.78</ele>
        <time>2025-10-12T17:08:29.893Z</time>
      </trkpt>
      <trkpt lat="31.83167833" lon="35.32749052">
        <ele>203.78</ele>
        <time>2025-10-12T17:08:32.591Z</time>
      </trkpt>
      <trkpt lat="31.83170062" lon="35.32753662">
        <ele>203.71</ele>
        <time>2025-10-12T17:08:35.294Z</time>
      </trkpt>
      <trkpt lat="31.83169954" lon="35.32754031">
        <ele>203.56</ele>
        <time>2025-10-12T17:08:37.998Z</time>
      </trkpt>
      <trkpt lat="31.83169845" lon="35.32753997">
        <ele>203.35</ele>
        <time>2025-10-12T17:08:40.702Z</time>
      </trkpt>
      <trkpt lat="31.83172619" lon="35.32757082">
        <ele>203.08</ele>
        <time>2025-10-12T17:08:43.410Z</time>
      </trkpt>
      <trkpt lat="31.83181068" lon="35.32765673">
        <ele>202.7</ele>
        <time>2025-10-12T17:08:46.131Z</time>
      </trkpt>
      <trkpt lat="31.83186072" lon="35.32768984">
        <ele>202.24</ele>
        <time>2025-10-12T17:08:48.859Z</time>
      </trkpt>
      <trkpt lat="31.83194362" lon="35.32778716">
        <ele>201.71</ele>
        <time>2025-10-12T17:08:51.601Z</time>
      </trkpt>
      <trkpt lat="31.83194839" lon="35.32780065">
        <ele>201.16</ele>
        <time>2025-10-12T17:08:54.344Z</time>
      </trkpt>
      <trkpt lat="31.83201587" lon="35.32786829">
        <ele>200.52</ele>
        <time>2025-10-12T17:08:57.098Z</time>
      </trkpt>
      <trkpt lat="31.83208996" lon="35.32793468">
        <ele>199.78</ele>
        <time>2025-10-12T17:08:59.863Z</time>
      </trkpt>
      <trkpt lat="31.8320965" lon="35.32794432">
        <ele>199.07</ele>
        <time>2025-10-12T17:09:02.629Z</time>
      </trkpt>
      <trkpt lat="31.8321214" lon="35.32797726">
        <ele>198.3</ele>
        <time>2025-10-12T17:09:05.399Z</time>
      </trkpt>
      <trkpt lat="31.83216406" lon="35.32802579">
        <ele>197.44</ele>
        <time>2025-10-12T17:09:08.176Z</time>
      </trkpt>
      <trkpt lat="31.8321732" lon="35.32803032">
        <ele>196.62</ele>
        <time>2025-10-12T17:09:10.955Z</time>
      </trkpt>
      <trkpt lat="31.83218376" lon="35.32805345">
        <ele>195.75</ele>
        <time>2025-10-12T17:09:13.736Z</time>
      </trkpt>
      <trkpt lat="31.83219826" lon="35.32806762">
        <ele>194.86</ele>
        <time>2025-10-12T17:09:16.519Z</time>
      </trkpt>
      <trkpt lat="31.83225668" lon="35.32814481">
        <ele>193.86</ele>
        <time>2025-10-12T17:09:19.313Z</time>
      </trkpt>
      <trkpt lat="31.83234025" lon="35.32820055">
        <ele>192.84</ele>
        <time>2025-10-12T17:09:22.118Z</time>
      </trkpt>
      <trkpt lat="31.83235575" lon="35.32822344">
        <ele>191.94</ele>
        <time>2025-10-12T17:09:24.926Z</time>
      </trkpt>
      <trkpt lat="31.83237797" lon="35.32827071">
        <ele>191.04</ele>
        <time>2025-10-12T17:09:27.739Z</time>
      </trkpt>
      <trkpt lat="31.83239255" lon="35.32833022">
        <ele>190.14</ele>
        <time>2025-10-12T17:09:30.559Z</time>
      </trkpt>
      <trkpt lat="31.83242784" lon="35.32839384">
        <ele>189.24</ele>
        <time>2025-10-12T17:09:33.386Z</time>
      </trkpt>
      <trkpt lat="31.83244578" lon="35.32842175">
        <ele>188.4</ele>
        <time>2025-10-12T17:09:36.217Z</time>
      </trkpt>
      <trkpt lat="31.83247578" lon="35.32848998">
        <ele>187.58</ele>
        <time>2025-10-12T17:09:39.055Z</time>
      </trkpt>
      <trkpt lat="31.83249012" lon="35.32851638">
        <ele>186.8</ele>
        <time>2025-10-12T17:09:41.896Z</time>
      </trkpt>
      <trkpt lat="31.83251141" lon="35.32855544">
        <ele>186.03</ele>
        <time>2025-10-12T17:09:44.742Z</time>
      </trkpt>
      <trkpt lat="31.83251878" lon="35.32857053">
        <ele>185.3</ele>
        <time>2025-10-12T17:09:47.590Z</time>
      </trkpt>
      <trkpt lat="31.83256052" lon="35.32864404">
        <ele>184.56</ele>
        <time>2025-10-12T17:09:50.447Z</time>
      </trkpt>
      <trkpt lat="31.83259011" lon="35.32872886">
        <ele>183.87</ele>
        <time>2025-10-12T17:09:53.313Z</time>
      </trkpt>
      <trkpt lat="31.83259849" lon="35.32878402">
        <ele>183.25</ele>
        <time>2025-10-12T17:09:56.185Z</time>
      </trkpt>
      <trkpt lat="31.8326047" lon="35.32882668">
        <ele>182.65</ele>
        <time>2025-10-12T17:09:59.061Z</time>
      </trkpt>
      <trkpt lat="31.83262456" lon="35.32892291">
        <ele>182.08</ele>
        <time>2025-10-12T17:10:01.947Z</time>
      </trkpt>
      <trkpt lat="31.83265608" lon="35.3289789">
        <ele>181.53</ele>
        <time>2025-10-12T17:10:04.840Z</time>
      </trkpt>
      <trkpt lat="31.83268676" lon="35.32902148">
        <ele>181.01</ele>
        <time>2025-10-12T17:10:07.738Z</time>
      </trkpt>
      <trkpt lat="31.83269547" lon="35.329069">
        <ele>180.54</ele>
        <time>2025-10-12T17:10:10.641Z</time>
      </trkpt>
      <trkpt lat="31.83273671" lon="35.32912742">
        <ele>180.07</ele>
        <time>2025-10-12T17:10:13.552Z</time>
      </trkpt>
      <trkpt lat="31.8327492" lon="35.32919071">
        <ele>179.61</ele>
        <time>2025-10-12T17:10:16.469Z</time>
      </trkpt>
      <trkpt lat="31.83274903" lon="35.32921518">
        <ele>179.21</ele>
        <time>2025-10-12T17:10:19.389Z</time>
      </trkpt>
      <trkpt lat="31.83275381" lon="35.32923714">
        <ele>178.82</ele>
        <time>2025-10-12T17:10:22.311Z</time>
      </trkpt>
      <trkpt lat="31.8327772" lon="35.32928651">
        <ele>178.44</ele>
        <time>2025-10-12T17:10:25.238Z</time>
      </trkpt>
      <trkpt lat="31.83279832" lon="35.32931878">
        <ele>178.09</ele>
        <time>2025-10-12T17:10:28.170Z</time>
      </trkpt>
      <trkpt lat="31.83279916" lon="35.32932725">
        <ele>177.78</ele>
        <time>2025-10-12T17:10:31.102Z</time>
      </trkpt>
      <trkpt lat="31.83279857" lon="35.32932624">
        <ele>177.51</ele>
        <time>2025-10-12T17:10:34.035Z</time>
      </trkpt>
      <trkpt lat="31.83279798" lon="35.32932725">
        <ele>177.24</ele>
        <time>2025-10-12T17:10:36.968Z</time>
      </trkpt>
      <trkpt lat="31.83279337" lon="35.32932825">
        <ele>177</ele>
        <time>2025-10-12T17:10:39.901Z</time>
      </trkpt>
      <trkpt lat="31.83279212" lon="35.32932867">
        <ele>176.77</ele>
        <time>2025-10-12T17:10:42.834Z</time>
      </trkpt>
      <trkpt lat="31.8327917" lon="35.32932934">
        <ele>176.54</ele>
        <time>2025-10-12T17:10:45.767Z</time>
      </trkpt>
      <trkpt lat="31.83279186" lon="35.32933001">
        <ele>176.32</ele>
        <time>2025-10-12T17:10:48.700Z</time>
      </trkpt>
      <trkpt lat="31.83279455" lon="35.32934586">
        <ele>176.1</ele>
        <time>2025-10-12T17:10:51.635Z</time>
      </trkpt>
      <trkpt lat="31.83281542" lon="35.32935876">
        <ele>175.86</ele>
        <time>2025-10-12T17:10:54.573Z</time>
      </trkpt>
      <trkpt lat="31.8328331" lon="35.32939523">
        <ele>175.63</ele>
        <time>2025-10-12T17:10:57.515Z</time>
      </trkpt>
      <trkpt lat="31.8328461" lon="35.32941325">
        <ele>175.41</ele>
        <time>2025-10-12T17:11:00.459Z</time>
      </trkpt>
      <trkpt lat="31.83286596" lon="35.32945549">
        <ele>175.18</ele>
        <time>2025-10-12T17:11:03.408Z</time>
      </trkpt>
      <trkpt lat="31.83288155" lon="35.32949044">
        <ele>174.96</ele>
        <time>2025-10-12T17:11:06.361Z</time>
      </trkpt>
      <trkpt lat="31.8328808" lon="35.32959036">
        <ele>174.76</ele>
        <time>2025-10-12T17:11:09.324Z</time>
      </trkpt>
      <trkpt lat="31.83287476" lon="35.32959346">
        <ele>174.55</ele>
        <time>2025-10-12T17:11:12.288Z</time>
      </trkpt>
      <trkpt lat="31.83287711" lon="35.32959471">
        <ele>174.32</ele>
        <time>2025-10-12T17:11:15.252Z</time>
      </trkpt>
      <trkpt lat="31.83287853" lon="35.32960746">
        <ele>174.09</ele>
        <time>2025-10-12T17:11:18.218Z</time>
      </trkpt>
      <trkpt lat="31.83287007" lon="35.32961165">
        <ele>173.86</ele>
        <time>2025-10-12T17:11:21.185Z</time>
      </trkpt>
      <trkpt lat="31.83285917" lon="35.32961802">
        <ele>173.64</ele>
        <time>2025-10-12T17:11:24.153Z</time>
      </trkpt>
      <trkpt lat="31.83286294" lon="35.3296642">
        <ele>173.39</ele>
        <time>2025-10-12T17:11:27.126Z</time>
      </trkpt>
      <trkpt lat="31.83288901" lon="35.32971516">
        <ele>173.11</ele>
        <time>2025-10-12T17:11:30.105Z</time>
      </trkpt>
      <trkpt lat="31.83292128" lon="35.32974735">
        <ele>172.83</ele>
        <time>2025-10-12T17:11:33.089Z</time>
      </trkpt>
      <trkpt lat="31.83295489" lon="35.32979278">
        <ele>172.54</ele>
        <time>2025-10-12T17:11:36.079Z</time>
      </trkpt>
      <trkpt lat="31.8329668" lon="35.32982849">
        <ele>172.27</ele>
        <time>2025-10-12T17:11:39.073Z</time>
      </trkpt>
      <trkpt lat="31.83297887" lon="35.32986872">
        <ele>172</ele>
        <time>2025-10-12T17:11:42.071Z</time>
      </trkpt>
      <trkpt lat="31.83297995" lon="35.3298802">
        <ele>171.75</ele>
        <time>2025-10-12T17:11:45.070Z</time>
      </trkpt>
      <trkpt lat="31.83297358" lon="35.3299631">
        <ele>171.48</ele>
        <time>2025-10-12T17:11:48.077Z</time>
      </trkpt>
      <trkpt lat="31.83298565" lon="35.33007391">
        <ele>171.21</ele>
        <time>2025-10-12T17:11:51.096Z</time>
      </trkpt>
      <trkpt lat="31.83302036" lon="35.33013375">
        <ele>170.96</ele>
        <time>2025-10-12T17:11:54.122Z</time>
      </trkpt>
      <trkpt lat="31.83302488" lon="35.3301817">
        <ele>170.74</ele>
        <time>2025-10-12T17:11:57.153Z</time>
      </trkpt>
      <trkpt lat="31.83302077" lon="35.33018874">
        <ele>170.58</ele>
        <time>2025-10-12T17:12:00.184Z</time>
      </trkpt>
      <trkpt lat="31.83301365" lon="35.33021053">
        <ele>170.44</ele>
        <time>2025-10-12T17:12:03.218Z</time>
      </trkpt>
      <trkpt lat="31.83300242" lon="35.33023945">
        <ele>170.33</ele>
        <time>2025-10-12T17:12:06.255Z</time>
      </trkpt>
      <trkpt lat="31.83299898" lon="35.33026166">
        <ele>170.27</ele>
        <time>2025-10-12T17:12:09.294Z</time>
      </trkpt>
      <trkpt lat="31.83299546" lon="35.33026627">
        <ele>170.23</ele>
        <time>2025-10-12T17:12:12.334Z</time>
      </trkpt>
      <trkpt lat="31.83297861" lon="35.33028605">
        <ele>170.24</ele>
        <time>2025-10-12T17:12:15.377Z</time>
      </trkpt>
      <trkpt lat="31.83295791" lon="35.33034531">
        <ele>170.29</ele>
        <time>2025-10-12T17:12:18.426Z</time>
      </trkpt>
      <trkpt lat="31.83293763" lon="35.33037901">
        <ele>170.36</ele>
        <time>2025-10-12T17:12:21.479Z</time>
      </trkpt>
      <trkpt lat="31.83292128" lon="35.33039435">
        <ele>170.46</ele>
        <time>2025-10-12T17:12:24.535Z</time>
      </trkpt>
      <trkpt lat="31.83291215" lon="35.33041296">
        <ele>170.6</ele>
        <time>2025-10-12T17:12:27.593Z</time>
      </trkpt>
      <trkpt lat="31.83290821" lon="35.33041472">
        <ele>170.76</ele>
        <time>2025-10-12T17:12:30.651Z</time>
      </trkpt>
      <trkpt lat="31.83290158" lon="35.33042612">
        <ele>170.95</ele>
        <time>2025-10-12T17:12:33.711Z</time>
      </trkpt>
      <trkpt lat="31.83289513" lon="35.33043534">
        <ele>171.17</ele>
        <time>2025-10-12T17:12:36.772Z</time>
      </trkpt>
      <trkpt lat="31.83288708" lon="35.33043643">
        <ele>171.41</ele>
        <time>2025-10-12T17:12:39.834Z</time>
      </trkpt>
      <trkpt lat="31.83288507" lon="35.33043257">
        <ele>171.68</ele>
        <time>2025-10-12T17:12:42.896Z</time>
      </trkpt>
      <trkpt lat="31.83287392" lon="35.33045135">
        <ele>171.97</ele>
        <time>2025-10-12T17:12:45.961Z</time>
      </trkpt>
      <trkpt lat="31.83286998" lon="35.33053055">
        <ele>172.33</ele>
        <time>2025-10-12T17:12:49.034Z</time>
      </trkpt>
      <trkpt lat="31.83281936" lon="35.33059727">
        <ele>172.72</ele>
        <time>2025-10-12T17:12:52.116Z</time>
      </trkpt>
      <trkpt lat="31.83279932" lon="35.33060892">
        <ele>173.06</ele>
        <time>2025-10-12T17:12:55.200Z</time>
      </trkpt>
      <trkpt lat="31.83279882" lon="35.3306106">
        <ele>173.41</ele>
        <time>2025-10-12T17:12:58.284Z</time>
      </trkpt>
      <trkpt lat="31.83279857" lon="35.3306127">
        <ele>173.76</ele>
        <time>2025-10-12T17:13:01.369Z</time>
      </trkpt>
      <trkpt lat="31.83279949" lon="35.33061286">
        <ele>174.11</ele>
        <time>2025-10-12T17:13:04.454Z</time>
      </trkpt>
      <trkpt lat="31.83279891" lon="35.33065075">
        <ele>174.5</ele>
        <time>2025-10-12T17:13:07.542Z</time>
      </trkpt>
      <trkpt lat="31.83279857" lon="35.33066123">
        <ele>174.85</ele>
        <time>2025-10-12T17:13:10.631Z</time>
      </trkpt>
      <trkpt lat="31.83278767" lon="35.33067925">
        <ele>175.2</ele>
        <time>2025-10-12T17:13:13.723Z</time>
      </trkpt>
      <trkpt lat="31.83278675" lon="35.33068637">
        <ele>175.52</ele>
        <time>2025-10-12T17:13:16.815Z</time>
      </trkpt>
      <trkpt lat="31.83279061" lon="35.33069157">
        <ele>175.83</ele>
        <time>2025-10-12T17:13:19.908Z</time>
      </trkpt>
      <trkpt lat="31.83278851" lon="35.33069149">
        <ele>176.11</ele>
        <time>2025-10-12T17:13:23.001Z</time>
      </trkpt>
      <trkpt lat="31.83277359" lon="35.3306774">
        <ele>176.34</ele>
        <time>2025-10-12T17:13:26.097Z</time>
      </trkpt>
      <trkpt lat="31.83278382" lon="35.33069392">
        <ele>176.59</ele>
        <time>2025-10-12T17:13:29.195Z</time>
      </trkpt>
      <trkpt lat="31.83278684" lon="35.33074287">
        <ele>176.86</ele>
        <time>2025-10-12T17:13:32.298Z</time>
      </trkpt>
      <trkpt lat="31.83278508" lon="35.33073222">
        <ele>177.01</ele>
        <time>2025-10-12T17:13:35.402Z</time>
      </trkpt>
      <trkpt lat="31.83277141" lon="35.3307463">
        <ele>177.16</ele>
        <time>2025-10-12T17:13:38.508Z</time>
      </trkpt>
      <trkpt lat="31.83277049" lon="35.33074203">
        <ele>177.25</ele>
        <time>2025-10-12T17:13:41.614Z</time>
      </trkpt>
      <trkpt lat="31.8327699" lon="35.3307484">
        <ele>177.31</ele>
        <time>2025-10-12T17:13:44.721Z</time>
      </trkpt>
      <trkpt lat="31.83277141" lon="35.33075251">
        <ele>177.33</ele>
        <time>2025-10-12T17:13:47.828Z</time>
      </trkpt>
      <trkpt lat="31.8327694" lon="35.33075293">
        <ele>177.3</ele>
        <time>2025-10-12T17:13:50.936Z</time>
      </trkpt>
      <trkpt lat="31.8327694" lon="35.33075787">
        <ele>177.23</ele>
        <time>2025-10-12T17:13:54.044Z</time>
      </trkpt>
      <trkpt lat="31.83276756" lon="35.33075812">
        <ele>177.11</ele>
        <time>2025-10-12T17:13:57.152Z</time>
      </trkpt>
      <trkpt lat="31.83276127" lon="35.33076324">
        <ele>176.96</ele>
        <time>2025-10-12T17:14:00.261Z</time>
      </trkpt>
      <trkpt lat="31.83276504" lon="35.33077748">
        <ele>176.76</ele>
        <time>2025-10-12T17:14:03.372Z</time>
      </trkpt>
      <trkpt lat="31.83275658" lon="35.33080632">
        <ele>176.58</ele>
        <time>2025-10-12T17:14:06.486Z</time>
      </trkpt>
      <trkpt lat="31.83274652" lon="35.33080456">
        <ele>176.27</ele>
        <time>2025-10-12T17:14:09.601Z</time>
      </trkpt>
      <trkpt lat="31.83268659" lon="35.33078318">
        <ele>175.91</ele>
        <time>2025-10-12T17:14:12.723Z</time>
      </trkpt>
      <trkpt lat="31.83265138" lon="35.3307075">
        <ele>175.42</ele>
        <time>2025-10-12T17:14:15.854Z</time>
      </trkpt>
      <trkpt lat="31.83258961" lon="35.3306365">
        <ele>174.91</ele>
        <time>2025-10-12T17:14:18.995Z</time>
      </trkpt>
      <trkpt lat="31.83256203" lon="35.33058043">
        <ele>174.39</ele>
        <time>2025-10-12T17:14:22.143Z</time>
      </trkpt>
      <trkpt lat="31.83255323" lon="35.33057045">
        <ele>173.91</ele>
        <time>2025-10-12T17:14:25.292Z</time>
      </trkpt>
      <trkpt lat="31.83250831" lon="35.33054614">
        <ele>173.39</ele>
        <time>2025-10-12T17:14:28.447Z</time>
      </trkpt>
      <trkpt lat="31.83246489" lon="35.33049577">
        <ele>172.83</ele>
        <time>2025-10-12T17:14:31.609Z</time>
      </trkpt>
      <trkpt lat="31.83246472" lon="35.33048605">
        <ele>172.33</ele>
        <time>2025-10-12T17:14:34.772Z</time>
      </trkpt>
      <trkpt lat="31.83244879" lon="35.33051002">
        <ele>171.8</ele>
        <time>2025-10-12T17:14:37.938Z</time>
      </trkpt>
      <trkpt lat="31.8324436" lon="35.33051287">
        <ele>171.29</ele>
        <time>2025-10-12T17:14:41.105Z</time>
      </trkpt>
      <trkpt lat="31.83243865" lon="35.33050985">
        <ele>170.76</ele>
        <time>2025-10-12T17:14:44.272Z</time>
      </trkpt>
      <trkpt lat="31.83243371" lon="35.33051522">
        <ele>170.25</ele>
        <time>2025-10-12T17:14:47.440Z</time>
      </trkpt>
      <trkpt lat="31.83243287" lon="35.33052519">
        <ele>169.75</ele>
        <time>2025-10-12T17:14:50.609Z</time>
      </trkpt>
      <trkpt lat="31.83241912" lon="35.3305132">
        <ele>169.22</ele>
        <time>2025-10-12T17:14:53.780Z</time>
      </trkpt>
      <trkpt lat="31.83234779" lon="35.33050457">
        <ele>168.7</ele>
        <time>2025-10-12T17:14:56.960Z</time>
      </trkpt>
      <trkpt lat="31.83226548" lon="35.33051739">
        <ele>168.16</ele>
        <time>2025-10-12T17:15:00.149Z</time>
      </trkpt>
      <trkpt lat="31.83219851" lon="35.33051672">
        <ele>167.62</ele>
        <time>2025-10-12T17:15:03.346Z</time>
      </trkpt>
      <trkpt lat="31.83217714" lon="35.33051262">
        <ele>167.13</ele>
        <time>2025-10-12T17:15:06.546Z</time>
      </trkpt>
      <trkpt lat="31.83210019" lon="35.33050826">
        <ele>166.62</ele>
        <time>2025-10-12T17:15:09.755Z</time>
      </trkpt>
      <trkpt lat="31.83208317" lon="35.33053441">
        <ele>166.2</ele>
        <time>2025-10-12T17:15:12.967Z</time>
      </trkpt>
      <trkpt lat="31.83203649" lon="35.33052737">
        <ele>165.77</ele>
        <time>2025-10-12T17:15:16.185Z</time>
      </trkpt>
      <trkpt lat="31.8319675" lon="35.33050633">
        <ele>165.39</ele>
        <time>2025-10-12T17:15:19.411Z</time>
      </trkpt>
      <trkpt lat="31.83193322" lon="35.33051589">
        <ele>165.06</ele>
        <time>2025-10-12T17:15:22.641Z</time>
      </trkpt>
      <trkpt lat="31.83192291" lon="35.33052888">
        <ele>164.76</ele>
        <time>2025-10-12T17:15:25.873Z</time>
      </trkpt>
      <trkpt lat="31.83191931" lon="35.33052997">
        <ele>164.47</ele>
        <time>2025-10-12T17:15:29.105Z</time>
      </trkpt>
      <trkpt lat="31.83191185" lon="35.33053483">
        <ele>164.21</ele>
        <time>2025-10-12T17:15:32.338Z</time>
      </trkpt>
      <trkpt lat="31.83183507" lon="35.33054925">
        <ele>163.99</ele>
        <time>2025-10-12T17:15:35.580Z</time>
      </trkpt>
      <trkpt lat="31.83177036" lon="35.3305837">
        <ele>163.78</ele>
        <time>2025-10-12T17:15:38.831Z</time>
      </trkpt>
      <trkpt lat="31.8317365" lon="35.33057565">
        <ele>163.58</ele>
        <time>2025-10-12T17:15:42.086Z</time>
      </trkpt>
      <trkpt lat="31.8316769" lon="35.33058135">
        <ele>163.42</ele>
        <time>2025-10-12T17:15:45.348Z</time>
      </trkpt>
      <trkpt lat="31.83161815" lon="35.33055997">
        <ele>163.26</ele>
        <time>2025-10-12T17:15:48.617Z</time>
      </trkpt>
      <trkpt lat="31.83157993" lon="35.33056743">
        <ele>163.13</ele>
        <time>2025-10-12T17:15:51.891Z</time>
      </trkpt>
      <trkpt lat="31.83152318" lon="35.33060255">
        <ele>162.98</ele>
        <time>2025-10-12T17:15:55.172Z</time>
      </trkpt>
      <trkpt lat="31.83151346" lon="35.33060943">
        <ele>162.84</ele>
        <time>2025-10-12T17:15:58.455Z</time>
      </trkpt>
      <trkpt lat="31.83148219" lon="35.33065368">
        <ele>162.69</ele>
        <time>2025-10-12T17:16:01.743Z</time>
      </trkpt>
      <trkpt lat="31.83147901" lon="35.33065595">
        <ele>162.57</ele>
        <time>2025-10-12T17:16:05.032Z</time>
      </trkpt>
      <trkpt lat="31.8314324" lon="35.33069668">
        <ele>162.47</ele>
        <time>2025-10-12T17:16:08.328Z</time>
      </trkpt>
      <trkpt lat="31.83140877" lon="35.33069911">
        <ele>162.38</ele>
        <time>2025-10-12T17:16:11.626Z</time>
      </trkpt>
      <trkpt lat="31.83138429" lon="35.33069333">
        <ele>162.29</ele>
        <time>2025-10-12T17:16:14.927Z</time>
      </trkpt>
      <trkpt lat="31.83135269" lon="35.33070414">
        <ele>162.17</ele>
        <time>2025-10-12T17:16:18.232Z</time>
      </trkpt>
      <trkpt lat="31.8313195" lon="35.33071512">
        <ele>162.05</ele>
        <time>2025-10-12T17:16:21.541Z</time>
      </trkpt>
      <trkpt lat="31.83125638" lon="35.33078277">
        <ele>161.87</ele>
        <time>2025-10-12T17:16:24.860Z</time>
      </trkpt>
      <trkpt lat="31.83123669" lon="35.3308701">
        <ele>161.76</ele>
        <time>2025-10-12T17:16:28.188Z</time>
      </trkpt>
      <trkpt lat="31.83123501" lon="35.33089357">
        <ele>161.65</ele>
        <time>2025-10-12T17:16:31.519Z</time>
      </trkpt>
      <trkpt lat="31.83122965" lon="35.33094512">
        <ele>161.51</ele>
        <time>2025-10-12T17:16:34.855Z</time>
      </trkpt>
      <trkpt lat="31.83121171" lon="35.33097605">
        <ele>161.37</ele>
        <time>2025-10-12T17:16:38.195Z</time>
      </trkpt>
      <trkpt lat="31.83116787" lon="35.33101888">
        <ele>161.27</ele>
        <time>2025-10-12T17:16:41.541Z</time>
      </trkpt>
      <trkpt lat="31.83115035" lon="35.33103322">
        <ele>161.15</ele>
        <time>2025-10-12T17:16:44.890Z</time>
      </trkpt>
      <trkpt lat="31.83112822" lon="35.33103405">
        <ele>161.04</ele>
        <time>2025-10-12T17:16:48.241Z</time>
      </trkpt>
      <trkpt lat="31.83110702" lon="35.33104084">
        <ele>160.93</ele>
        <time>2025-10-12T17:16:51.595Z</time>
      </trkpt>
      <trkpt lat="31.83109746" lon="35.33106264">
        <ele>160.8</ele>
        <time>2025-10-12T17:16:54.951Z</time>
      </trkpt>
      <trkpt lat="31.83108321" lon="35.33108602">
        <ele>160.7</ele>
        <time>2025-10-12T17:16:58.310Z</time>
      </trkpt>
      <trkpt lat="31.83107357" lon="35.33110069">
        <ele>160.61</ele>
        <time>2025-10-12T17:17:01.671Z</time>
      </trkpt>
      <trkpt lat="31.83106109" lon="35.33112332">
        <ele>160.53</ele>
        <time>2025-10-12T17:17:05.035Z</time>
      </trkpt>
      <trkpt lat="31.83104617" lon="35.33116951">
        <ele>160.46</ele>
        <time>2025-10-12T17:17:08.404Z</time>
      </trkpt>
      <trkpt lat="31.83102295" lon="35.33123463">
        <ele>160.36</ele>
        <time>2025-10-12T17:17:11.780Z</time>
      </trkpt>
      <trkpt lat="31.83099034" lon="35.33126221">
        <ele>160.26</ele>
        <time>2025-10-12T17:17:15.161Z</time>
      </trkpt>
      <trkpt lat="31.83097442" lon="35.33129163">
        <ele>160.19</ele>
        <time>2025-10-12T17:17:18.545Z</time>
      </trkpt>
      <trkpt lat="31.83098816" lon="35.3312923">
        <ele>160.14</ele>
        <time>2025-10-12T17:17:21.931Z</time>
      </trkpt>
      <trkpt lat="31.83097769" lon="35.33132566">
        <ele>160.09</ele>
        <time>2025-10-12T17:17:25.320Z</time>
      </trkpt>
      <trkpt lat="31.83097408" lon="35.33135441">
        <ele>160.05</ele>
        <time>2025-10-12T17:17:28.712Z</time>
      </trkpt>
      <trkpt lat="31.83096754" lon="35.33135014">
        <ele>160.03</ele>
        <time>2025-10-12T17:17:32.105Z</time>
      </trkpt>
      <trkpt lat="31.83096729" lon="35.33134955">
        <ele>160.02</ele>
        <time>2025-10-12T17:17:35.498Z</time>
      </trkpt>
      <trkpt lat="31.83095145" lon="35.33137771">
        <ele>160.02</ele>
        <time>2025-10-12T17:17:38.895Z</time>
      </trkpt>
      <trkpt lat="31.83094567" lon="35.33138962">
        <ele>160.04</ele>
        <time>2025-10-12T17:17:42.293Z</time>
      </trkpt>
      <trkpt lat="31.83093494" lon="35.33144703">
        <ele>160.06</ele>
        <time>2025-10-12T17:17:45.697Z</time>
      </trkpt>
      <trkpt lat="31.83092186" lon="35.33148693">
        <ele>160.1</ele>
        <time>2025-10-12T17:17:49.105Z</time>
      </trkpt>
      <trkpt lat="31.83090091" lon="35.33152993">
        <ele>160.18</ele>
        <time>2025-10-12T17:17:52.518Z</time>
      </trkpt>
      <trkpt lat="31.83088699" lon="35.33155357">
        <ele>160.25</ele>
        <time>2025-10-12T17:17:55.934Z</time>
      </trkpt>
      <trkpt lat="31.830859" lon="35.3316005">
        <ele>160.34</ele>
        <time>2025-10-12T17:17:59.356Z</time>
      </trkpt>
      <trkpt lat="31.8308455" lon="35.33161702">
        <ele>160.41</ele>
        <time>2025-10-12T17:18:02.780Z</time>
      </trkpt>
      <trkpt lat="31.83084307" lon="35.33162481">
        <ele>160.49</ele>
        <time>2025-10-12T17:18:06.205Z</time>
      </trkpt>
      <trkpt lat="31.83084408" lon="35.33162498">
        <ele>160.56</ele>
        <time>2025-10-12T17:18:09.630Z</time>
      </trkpt>
      <trkpt lat="31.83083528" lon="35.33165046">
        <ele>160.65</ele>
        <time>2025-10-12T17:18:13.058Z</time>
      </trkpt>
      <trkpt lat="31.83083746" lon="35.33169782">
        <ele>160.75</ele>
        <time>2025-10-12T17:18:16.490Z</time>
      </trkpt>
      <trkpt lat="31.83086679" lon="35.33174945">
        <ele>160.82</ele>
        <time>2025-10-12T17:18:19.929Z</time>
      </trkpt>
      <trkpt lat="31.83087341" lon="35.33175565">
        <ele>160.91</ele>
        <time>2025-10-12T17:18:23.369Z</time>
      </trkpt>
      <trkpt lat="31.83090074" lon="35.33178046">
        <ele>160.98</ele>
        <time>2025-10-12T17:18:26.813Z</time>
      </trkpt>
      <trkpt lat="31.83091214" lon="35.33178625">
        <ele>161.06</ele>
        <time>2025-10-12T17:18:30.258Z</time>
      </trkpt>
      <trkpt lat="31.83094718" lon="35.33182598">
        <ele>161.16</ele>
        <time>2025-10-12T17:18:33.709Z</time>
      </trkpt>
      <trkpt lat="31.83096562" lon="35.33183218">
        <ele>161.26</ele>
        <time>2025-10-12T17:18:37.162Z</time>
      </trkpt>
      <trkpt lat="31.83097878" lon="35.33183855">
        <ele>161.36</ele>
        <time>2025-10-12T17:18:40.617Z</time>
      </trkpt>
      <trkpt lat="31.83098531" lon="35.33184073">
        <ele>161.46</ele>
        <time>2025-10-12T17:18:44.073Z</time>
      </trkpt>
      <trkpt lat="31.83098816" lon="35.33186127">
        <ele>161.56</ele>
        <time>2025-10-12T17:18:47.531Z</time>
      </trkpt>
      <trkpt lat="31.83097241" lon="35.33186537">
        <ele>161.65</ele>
        <time>2025-10-12T17:18:50.991Z</time>
      </trkpt>
      <trkpt lat="31.83094827" lon="35.33189085">
        <ele>161.74</ele>
        <time>2025-10-12T17:18:54.454Z</time>
      </trkpt>
      <trkpt lat="31.83092438" lon="35.33192773">
        <ele>161.85</ele>
        <time>2025-10-12T17:18:57.922Z</time>
      </trkpt>
      <trkpt lat="31.83091373" lon="35.33193721">
        <ele>161.97</ele>
        <time>2025-10-12T17:19:01.392Z</time>
      </trkpt>
      <trkpt lat="31.8308916" lon="35.33194684">
        <ele>162.11</ele>
        <time>2025-10-12T17:19:04.864Z</time>
      </trkpt>
      <trkpt lat="31.83088984" lon="35.33194827">
        <ele>162.21</ele>
        <time>2025-10-12T17:19:08.337Z</time>
      </trkpt>
      <trkpt lat="31.83087752" lon="35.3319564">
        <ele>162.34</ele>
        <time>2025-10-12T17:19:11.811Z</time>
      </trkpt>
      <trkpt lat="31.8308766" lon="35.33196042">
        <ele>162.46</ele>
        <time>2025-10-12T17:19:15.286Z</time>
      </trkpt>
      <trkpt lat="31.83087945" lon="35.33196889">
        <ele>162.57</ele>
        <time>2025-10-12T17:19:18.762Z</time>
      </trkpt>
      <trkpt lat="31.8308797" lon="35.33196788">
        <ele>162.69</ele>
        <time>2025-10-12T17:19:22.238Z</time>
      </trkpt>
      <trkpt lat="31.83087777" lon="35.3319683">
        <ele>162.82</ele>
        <time>2025-10-12T17:19:25.714Z</time>
      </trkpt>
      <trkpt lat="31.83091591" lon="35.33195539">
        <ele>162.9</ele>
        <time>2025-10-12T17:19:29.195Z</time>
      </trkpt>
      <trkpt lat="31.83090921" lon="35.33195799">
        <ele>163.05</ele>
        <time>2025-10-12T17:19:32.676Z</time>
      </trkpt>
      <trkpt lat="31.83090879" lon="35.3319585">
        <ele>163.21</ele>
        <time>2025-10-12T17:19:36.157Z</time>
      </trkpt>
      <trkpt lat="31.83089521" lon="35.33198892">
        <ele>163.41</ele>
        <time>2025-10-12T17:19:39.642Z</time>
      </trkpt>
      <trkpt lat="31.83089512" lon="35.33199294">
        <ele>163.59</ele>
        <time>2025-10-12T17:19:43.127Z</time>
      </trkpt>
      <trkpt lat="31.83089512" lon="35.33199504">
        <ele>163.78</ele>
        <time>2025-10-12T17:19:46.613Z</time>
      </trkpt>
      <trkpt lat="31.83089512" lon="35.33199512">
        <ele>163.99</ele>
        <time>2025-10-12T17:19:50.099Z</time>
      </trkpt>
      <trkpt lat="31.83091122" lon="35.3319885">
        <ele>164.18</ele>
        <time>2025-10-12T17:19:53.587Z</time>
      </trkpt>
      <trkpt lat="31.83093293" lon="35.33199202">
        <ele>164.4</ele>
        <time>2025-10-12T17:19:57.077Z</time>
      </trkpt>
      <trkpt lat="31.83097425" lon="35.33202488">
        <ele>164.67</ele>
        <time>2025-10-12T17:20:00.573Z</time>
      </trkpt>
      <trkpt lat="31.83097852" lon="35.33204952">
        <ele>164.95</ele>
        <time>2025-10-12T17:20:04.072Z</time>
      </trkpt>
      <trkpt lat="31.83098372" lon="35.33207199">
        <ele>165.25</ele>
        <time>2025-10-12T17:20:07.573Z</time>
      </trkpt>
      <trkpt lat="31.83098875" lon="35.33208624">
        <ele>165.55</ele>
        <time>2025-10-12T17:20:11.075Z</time>
      </trkpt>
      <trkpt lat="31.83099244" lon="35.33209302">
        <ele>165.87</ele>
        <time>2025-10-12T17:20:14.578Z</time>
      </trkpt>
      <trkpt lat="31.83102278" lon="35.33218154">
        <ele>166.24</ele>
        <time>2025-10-12T17:20:18.091Z</time>
      </trkpt>
      <trkpt lat="31.83103016" lon="35.33229738">
        <ele>166.62</ele>
        <time>2025-10-12T17:20:21.615Z</time>
      </trkpt>
      <trkpt lat="31.83101842" lon="35.33238522">
        <ele>166.97</ele>
        <time>2025-10-12T17:20:25.148Z</time>
      </trkpt>
      <trkpt lat="31.83097836" lon="35.33246258">
        <ele>167.32</ele>
        <time>2025-10-12T17:20:28.690Z</time>
      </trkpt>
      <trkpt lat="31.83097442" lon="35.33250173">
        <ele>167.68</ele>
        <time>2025-10-12T17:20:32.236Z</time>
      </trkpt>
      <trkpt lat="31.83096654" lon="35.33254221">
        <ele>168.05</ele>
        <time>2025-10-12T17:20:35.786Z</time>
      </trkpt>
      <trkpt lat="31.83095765" lon="35.3326158">
        <ele>168.43</ele>
        <time>2025-10-12T17:20:39.344Z</time>
      </trkpt>
      <trkpt lat="31.83094994" lon="35.33266107">
        <ele>168.81</ele>
        <time>2025-10-12T17:20:42.907Z</time>
      </trkpt>
      <trkpt lat="31.83093435" lon="35.33269292">
        <ele>169.17</ele>
        <time>2025-10-12T17:20:46.473Z</time>
      </trkpt>
      <trkpt lat="31.83092505" lon="35.332721">
        <ele>169.54</ele>
        <time>2025-10-12T17:20:50.042Z</time>
      </trkpt>
      <trkpt lat="31.83091046" lon="35.33279367">
        <ele>169.97</ele>
        <time>2025-10-12T17:20:53.619Z</time>
      </trkpt>
      <trkpt lat="31.8309144" lon="35.33280289">
        <ele>170.3</ele>
        <time>2025-10-12T17:20:57.197Z</time>
      </trkpt>
      <trkpt lat="31.83090216" lon="35.3328458">
        <ele>170.68</ele>
        <time>2025-10-12T17:21:00.779Z</time>
      </trkpt>
      <trkpt lat="31.83087911" lon="35.33292091">
        <ele>171.09</ele>
        <time>2025-10-12T17:21:04.369Z</time>
      </trkpt>
      <trkpt lat="31.83087098" lon="35.33303574">
        <ele>171.46</ele>
        <time>2025-10-12T17:21:07.971Z</time>
      </trkpt>
      <trkpt lat="31.83087509" lon="35.33304454">
        <ele>171.73</ele>
        <time>2025-10-12T17:21:11.574Z</time>
      </trkpt>
      <trkpt lat="31.83089697" lon="35.33311562">
        <ele>171.99</ele>
        <time>2025-10-12T17:21:15.184Z</time>
      </trkpt>
      <trkpt lat="31.83090585" lon="35.33312609">
        <ele>172.18</ele>
        <time>2025-10-12T17:21:18.796Z</time>
      </trkpt>
      <trkpt lat="31.83090996" lon="35.33313867">
        <ele>172.35</ele>
        <time>2025-10-12T17:21:22.409Z</time>
      </trkpt>
      <trkpt lat="31.83092111" lon="35.33317957">
        <ele>172.5</ele>
        <time>2025-10-12T17:21:26.027Z</time>
      </trkpt>
      <trkpt lat="31.83093661" lon="35.33319969">
        <ele>172.6</ele>
        <time>2025-10-12T17:21:29.647Z</time>
      </trkpt>
      <trkpt lat="31.83097291" lon="35.3332012">
        <ele>172.61</ele>
        <time>2025-10-12T17:21:33.272Z</time>
      </trkpt>
      <trkpt lat="31.83100543" lon="35.33319701">
        <ele>172.59</ele>
        <time>2025-10-12T17:21:36.900Z</time>
      </trkpt>
      <trkpt lat="31.83101616" lon="35.33319131">
        <ele>172.57</ele>
        <time>2025-10-12T17:21:40.530Z</time>
      </trkpt>
      <trkpt lat="31.83101993" lon="35.33319483">
        <ele>172.54</ele>
        <time>2025-10-12T17:21:44.160Z</time>
      </trkpt>
      <trkpt lat="31.8310268" lon="35.3331815">
        <ele>172.47</ele>
        <time>2025-10-12T17:21:47.792Z</time>
      </trkpt>
      <trkpt lat="31.83106042" lon="35.333153">
        <ele>172.31</ele>
        <time>2025-10-12T17:21:51.429Z</time>
      </trkpt>
      <trkpt lat="31.83112353" lon="35.33314286">
        <ele>172.17</ele>
        <time>2025-10-12T17:21:55.073Z</time>
      </trkpt>
      <trkpt lat="31.83115555" lon="35.33313129">
        <ele>172.03</ele>
        <time>2025-10-12T17:21:58.721Z</time>
      </trkpt>
      <trkpt lat="31.8311962" lon="35.33311034">
        <ele>171.87</ele>
        <time>2025-10-12T17:22:02.374Z</time>
      </trkpt>
      <trkpt lat="31.83121179" lon="35.33310707">
        <ele>171.71</ele>
        <time>2025-10-12T17:22:06.029Z</time>
      </trkpt>
      <trkpt lat="31.83136669" lon="35.33304135">
        <ele>171.59</ele>
        <time>2025-10-12T17:22:09.704Z</time>
      </trkpt>
      <trkpt lat="31.83140927" lon="35.33305108">
        <ele>171.41</ele>
        <time>2025-10-12T17:22:13.384Z</time>
      </trkpt>
      <trkpt lat="31.83145118" lon="35.33304295">
        <ele>171.23</ele>
        <time>2025-10-12T17:22:17.069Z</time>
      </trkpt>
      <trkpt lat="31.83148471" lon="35.33304043">
        <ele>171.02</ele>
        <time>2025-10-12T17:22:20.758Z</time>
      </trkpt>
      <trkpt lat="31.8315526" lon="35.33303054">
        <ele>170.82</ele>
        <time>2025-10-12T17:22:24.455Z</time>
      </trkpt>
      <trkpt lat="31.83157909" lon="35.33303582">
        <ele>170.59</ele>
        <time>2025-10-12T17:22:28.155Z</time>
      </trkpt>
      <trkpt lat="31.83161278" lon="35.33308217">
        <ele>170.31</ele>
        <time>2025-10-12T17:22:31.861Z</time>
      </trkpt>
      <trkpt lat="31.83166844" lon="35.33306876">
        <ele>170.08</ele>
        <time>2025-10-12T17:22:35.574Z</time>
      </trkpt>
      <trkpt lat="31.83167917" lon="35.33306734">
        <ele>169.81</ele>
        <time>2025-10-12T17:22:39.288Z</time>
      </trkpt>
      <trkpt lat="31.83170289" lon="35.33312014">
        <ele>169.48</ele>
        <time>2025-10-12T17:22:43.008Z</time>
      </trkpt>
      <trkpt lat="31.83171035" lon="35.3331411">
        <ele>169.16</ele>
        <time>2025-10-12T17:22:46.730Z</time>
      </trkpt>
      <trkpt lat="31.83172326" lon="35.33315811">
        <ele>168.85</ele>
        <time>2025-10-12T17:22:50.454Z</time>
      </trkpt>
      <trkpt lat="31.83172594" lon="35.33318787">
        <ele>168.51</ele>
        <time>2025-10-12T17:22:54.181Z</time>
      </trkpt>
      <trkpt lat="31.83173239" lon="35.33318519">
        <ele>168.2</ele>
        <time>2025-10-12T17:22:57.909Z</time>
      </trkpt>
      <trkpt lat="31.83173524" lon="35.33318502">
        <ele>167.88</ele>
        <time>2025-10-12T17:23:01.638Z</time>
      </trkpt>
      <trkpt lat="31.83175997" lon="35.33324101">
        <ele>167.52</ele>
        <time>2025-10-12T17:23:05.373Z</time>
      </trkpt>
      <trkpt lat="31.83176776" lon="35.33326398">
        <ele>167.18</ele>
        <time>2025-10-12T17:23:09.110Z</time>
      </trkpt>
      <trkpt lat="31.83181822" lon="35.33343078">
        <ele>166.77</ele>
        <time>2025-10-12T17:23:12.865Z</time>
      </trkpt>
      <trkpt lat="31.83182392" lon="35.33345316">
        <ele>166.45</ele>
        <time>2025-10-12T17:23:16.622Z</time>
      </trkpt>
      <trkpt lat="31.83185125" lon="35.33352784">
        <ele>166.12</ele>
        <time>2025-10-12T17:23:20.388Z</time>
      </trkpt>
      <trkpt lat="31.83189953" lon="35.33362406">
        <ele>165.81</ele>
        <time>2025-10-12T17:23:24.165Z</time>
      </trkpt>
      <trkpt lat="31.83190154" lon="35.333628">
        <ele>165.53</ele>
        <time>2025-10-12T17:23:27.942Z</time>
      </trkpt>
      <trkpt lat="31.83191453" lon="35.33369858">
        <ele>165.25</ele>
        <time>2025-10-12T17:23:31.726Z</time>
      </trkpt>
      <trkpt lat="31.83191638" lon="35.33370763">
        <ele>165</ele>
        <time>2025-10-12T17:23:35.511Z</time>
      </trkpt>
      <trkpt lat="31.83194261" lon="35.33374518">
        <ele>164.75</ele>
        <time>2025-10-12T17:23:39.301Z</time>
      </trkpt>
      <trkpt lat="31.83194571" lon="35.33375817">
        <ele>164.53</ele>
        <time>2025-10-12T17:23:43.093Z</time>
      </trkpt>
      <trkpt lat="31.8319432" lon="35.33378969">
        <ele>164.34</ele>
        <time>2025-10-12T17:23:46.888Z</time>
      </trkpt>
      <trkpt lat="31.83198385" lon="35.33384199">
        <ele>164.15</ele>
        <time>2025-10-12T17:23:50.690Z</time>
      </trkpt>
      <trkpt lat="31.83201335" lon="35.33386127">
        <ele>163.94</ele>
        <time>2025-10-12T17:23:54.496Z</time>
      </trkpt>
      <trkpt lat="31.83204495" lon="35.33386789">
        <ele>163.74</ele>
        <time>2025-10-12T17:23:58.306Z</time>
      </trkpt>
      <trkpt lat="31.83208393" lon="35.33386655">
        <ele>163.57</ele>
        <time>2025-10-12T17:24:02.120Z</time>
      </trkpt>
      <trkpt lat="31.83210522" lon="35.3339419">
        <ele>163.42</ele>
        <time>2025-10-12T17:24:05.942Z</time>
      </trkpt>
      <trkpt lat="31.8321157" lon="35.33397493">
        <ele>163.3</ele>
        <time>2025-10-12T17:24:09.768Z</time>
      </trkpt>
      <trkpt lat="31.8321126" lon="35.33398239">
        <ele>163.19</ele>
        <time>2025-10-12T17:24:13.594Z</time>
      </trkpt>
      <trkpt lat="31.83213891" lon="35.33404048">
        <ele>163.1</ele>
        <time>2025-10-12T17:24:17.427Z</time>
      </trkpt>
      <trkpt lat="31.83214436" lon="35.33411667">
        <ele>163.04</ele>
        <time>2025-10-12T17:24:21.268Z</time>
      </trkpt>
      <trkpt lat="31.83216641" lon="35.33409429">
        <ele>162.94</ele>
        <time>2025-10-12T17:24:25.112Z</time>
      </trkpt>
      <trkpt lat="31.83216121" lon="35.33410074">
        <ele>162.9</ele>
        <time>2025-10-12T17:24:28.957Z</time>
      </trkpt>
      <trkpt lat="31.83216557" lon="35.33412027">
        <ele>162.86</ele>
        <time>2025-10-12T17:24:32.804Z</time>
      </trkpt>
      <trkpt lat="31.83220035" lon="35.33413511">
        <ele>162.8</ele>
        <time>2025-10-12T17:24:36.655Z</time>
      </trkpt>
      <trkpt lat="31.83221754" lon="35.33414877">
        <ele>162.77</ele>
        <time>2025-10-12T17:24:40.509Z</time>
      </trkpt>
      <trkpt lat="31.83220656" lon="35.33416419">
        <ele>162.77</ele>
        <time>2025-10-12T17:24:44.365Z</time>
      </trkpt>
      <trkpt lat="31.83220253" lon="35.33416545">
        <ele>162.78</ele>
        <time>2025-10-12T17:24:48.221Z</time>
      </trkpt>
      <trkpt lat="31.83220035" lon="35.33416763">
        <ele>162.79</ele>
        <time>2025-10-12T17:24:52.078Z</time>
      </trkpt>
      <trkpt lat="31.83219424" lon="35.33417895">
        <ele>162.82</ele>
        <time>2025-10-12T17:24:55.936Z</time>
      </trkpt>
      <trkpt lat="31.83218384" lon="35.33418045">
        <ele>162.85</ele>
        <time>2025-10-12T17:24:59.795Z</time>
      </trkpt>
      <trkpt lat="31.83210203" lon="35.33414315">
        <ele>162.95</ele>
        <time>2025-10-12T17:25:03.665Z</time>
      </trkpt>
      <trkpt lat="31.83214059" lon="35.33416092">
        <ele>162.95</ele>
        <time>2025-10-12T17:25:07.539Z</time>
      </trkpt>
      <trkpt lat="31.8321644" lon="35.33423024">
        <ele>162.98</ele>
        <time>2025-10-12T17:25:11.421Z</time>
      </trkpt>
      <trkpt lat="31.83222692" lon="35.33432982">
        <ele>163.01</ele>
        <time>2025-10-12T17:25:15.315Z</time>
      </trkpt>
      <trkpt lat="31.83223162" lon="35.33434985">
        <ele>163.06</ele>
        <time>2025-10-12T17:25:19.211Z</time>
      </trkpt>
      <trkpt lat="31.83223044" lon="35.33435505">
        <ele>163.12</ele>
        <time>2025-10-12T17:25:23.108Z</time>
      </trkpt>
      <trkpt lat="31.83223036" lon="35.33435932">
        <ele>163.17</ele>
        <time>2025-10-12T17:25:27.005Z</time>
      </trkpt>
      <trkpt lat="31.83222919" lon="35.33436452">
        <ele>163.23</ele>
        <time>2025-10-12T17:25:30.903Z</time>
      </trkpt>
      <trkpt lat="31.83222617" lon="35.33438061">
        <ele>163.3</ele>
        <time>2025-10-12T17:25:34.803Z</time>
      </trkpt>
      <trkpt lat="31.83221972" lon="35.33440199">
        <ele>163.39</ele>
        <time>2025-10-12T17:25:38.705Z</time>
      </trkpt>
      <trkpt lat="31.83226749" lon="35.33452872">
        <ele>163.38</ele>
        <time>2025-10-12T17:25:42.621Z</time>
      </trkpt>
      <trkpt lat="31.83229381" lon="35.33461916">
        <ele>163.4</ele>
        <time>2025-10-12T17:25:46.546Z</time>
      </trkpt>
      <trkpt lat="31.83236011" lon="35.33474305">
        <ele>163.43</ele>
        <time>2025-10-12T17:25:50.486Z</time>
      </trkpt>
      <trkpt lat="31.83237872" lon="35.33477783">
        <ele>163.48</ele>
        <time>2025-10-12T17:25:54.430Z</time>
      </trkpt>
      <trkpt lat="31.8323944" lon="35.33480097">
        <ele>163.54</ele>
        <time>2025-10-12T17:25:58.377Z</time>
      </trkpt>
      <trkpt lat="31.83240789" lon="35.33481563">
        <ele>163.6</ele>
        <time>2025-10-12T17:26:02.326Z</time>
      </trkpt>
      <trkpt lat="31.8324498" lon="35.33489317">
        <ele>163.67</ele>
        <time>2025-10-12T17:26:06.284Z</time>
      </trkpt>
      <trkpt lat="31.83245315" lon="35.33493114">
        <ele>163.76</ele>
        <time>2025-10-12T17:26:10.246Z</time>
      </trkpt>
      <trkpt lat="31.83245785" lon="35.33493072">
        <ele>163.83</ele>
        <time>2025-10-12T17:26:14.209Z</time>
      </trkpt>
      <trkpt lat="31.83245843" lon="35.33493072">
        <ele>163.91</ele>
        <time>2025-10-12T17:26:18.172Z</time>
      </trkpt>
      <trkpt lat="31.83245718" lon="35.33493306">
        <ele>163.99</ele>
        <time>2025-10-12T17:26:22.135Z</time>
      </trkpt>
      <trkpt lat="31.83246816" lon="35.33496073">
        <ele>164.07</ele>
        <time>2025-10-12T17:26:26.101Z</time>
      </trkpt>
      <trkpt lat="31.83246832" lon="35.33500624">
        <ele>164.2</ele>
        <time>2025-10-12T17:26:30.072Z</time>
      </trkpt>
      <trkpt lat="31.83244938" lon="35.33506307">
        <ele>164.36</ele>
        <time>2025-10-12T17:26:34.049Z</time>
      </trkpt>
      <trkpt lat="31.83245064" lon="35.33506718">
        <ele>164.44</ele>
        <time>2025-10-12T17:26:38.026Z</time>
      </trkpt>
      <trkpt lat="31.83245097" lon="35.33506558">
        <ele>164.5</ele>
        <time>2025-10-12T17:26:42.003Z</time>
      </trkpt>
      <trkpt lat="31.83244569" lon="35.33506986">
        <ele>164.58</ele>
        <time>2025-10-12T17:26:45.981Z</time>
      </trkpt>
      <trkpt lat="31.83244997" lon="35.33505854">
        <ele>164.62</ele>
        <time>2025-10-12T17:26:49.960Z</time>
      </trkpt>
      <trkpt lat="31.83245625" lon="35.33505192">
        <ele>164.66</ele>
        <time>2025-10-12T17:26:53.940Z</time>
      </trkpt>
      <trkpt lat="31.8324493" lon="35.33505972">
        <ele>164.73</ele>
        <time>2025-10-12T17:26:57.922Z</time>
      </trkpt>
      <trkpt lat="31.83244879" lon="35.33505904">
        <ele>164.77</ele>
        <time>2025-10-12T17:27:01.904Z</time>
      </trkpt>
      <trkpt lat="31.8324472" lon="35.33505561">
        <ele>164.8</ele>
        <time>2025-10-12T17:27:05.886Z</time>
      </trkpt>
      <trkpt lat="31.83244946" lon="35.33503314">
        <ele>164.8</ele>
        <time>2025-10-12T17:27:09.870Z</time>
      </trkpt>
      <trkpt lat="31.83244871" lon="35.33504027">
        <ele>164.83</ele>
        <time>2025-10-12T17:27:13.855Z</time>
      </trkpt>
      <trkpt lat="31.8324524" lon="35.3350401">
        <ele>164.84</ele>
        <time>2025-10-12T17:27:17.840Z</time>
      </trkpt>
      <trkpt lat="31.83246086" lon="35.3350344">
        <ele>164.83</ele>
        <time>2025-10-12T17:27:21.827Z</time>
      </trkpt>
      <trkpt lat="31.83246262" lon="35.33503398">
        <ele>164.83</ele>
        <time>2025-10-12T17:27:25.814Z</time>
      </trkpt>
      <trkpt lat="31.8324638" lon="35.33503382">
        <ele>164.83</ele>
        <time>2025-10-12T17:27:29.801Z</time>
      </trkpt>
      <trkpt lat="31.83246396" lon="35.3350339">
        <ele>164.82</ele>
        <time>2025-10-12T17:27:33.788Z</time>
      </trkpt>
      <trkpt lat="31.83246355" lon="35.33503566">
        <ele>164.82</ele>
        <time>2025-10-12T17:27:37.775Z</time>
      </trkpt>
      <trkpt lat="31.83245969" lon="35.33503298">
        <ele>164.8</ele>
        <time>2025-10-12T17:27:41.763Z</time>
      </trkpt>
      <trkpt lat="31.83245969" lon="35.33503264">
        <ele>164.79</ele>
        <time>2025-10-12T17:27:45.751Z</time>
      </trkpt>
      <trkpt lat="31.83245961" lon="35.33503214">
        <ele>164.76</ele>
        <time>2025-10-12T17:27:49.739Z</time>
      </trkpt>
      <trkpt lat="31.83245944" lon="35.33503189">
        <ele>164.74</ele>
        <time>2025-10-12T17:27:53.727Z</time>
      </trkpt>
      <trkpt lat="31.83245885" lon="35.33503323">
        <ele>164.72</ele>
        <time>2025-10-12T17:27:57.715Z</time>
      </trkpt>
      <trkpt lat="31.83245877" lon="35.33503331">
        <ele>164.69</ele>
        <time>2025-10-12T17:28:01.703Z</time>
      </trkpt>
      <trkpt lat="31.83245902" lon="35.33503348">
        <ele>164.66</ele>
        <time>2025-10-12T17:28:05.691Z</time>
      </trkpt>
      <trkpt lat="31.8324591" lon="35.3350334">
        <ele>164.63</ele>
        <time>2025-10-12T17:28:09.679Z</time>
      </trkpt>
      <trkpt lat="31.83245969" lon="35.33503256">
        <ele>164.59</ele>
        <time>2025-10-12T17:28:13.667Z</time>
      </trkpt>
      <trkpt lat="31.83245986" lon="35.33503273">
        <ele>164.56</ele>
        <time>2025-10-12T17:28:17.655Z</time>
      </trkpt>
      <trkpt lat="31.83245994" lon="35.33503264">
        <ele>164.53</ele>
        <time>2025-10-12T17:28:21.643Z</time>
      </trkpt>
      <trkpt lat="31.83245977" lon="35.33503298">
        <ele>164.5</ele>
        <time>2025-10-12T17:28:25.631Z</time>
      </trkpt>
      <trkpt lat="31.83245961" lon="35.33503273">
        <ele>164.47</ele>
        <time>2025-10-12T17:28:29.619Z</time>
      </trkpt>
      <trkpt lat="31.83246003" lon="35.33503222">
        <ele>164.44</ele>
        <time>2025-10-12T17:28:33.607Z</time>
      </trkpt>
      <trkpt lat="31.83246288" lon="35.33503105">
        <ele>164.41</ele>
        <time>2025-10-12T17:28:37.596Z</time>
      </trkpt>
      <trkpt lat="31.83246296" lon="35.33503113">
        <ele>164.38</ele>
        <time>2025-10-12T17:28:41.585Z</time>
      </trkpt>
      <trkpt lat="31.83246296" lon="35.33503138">
        <ele>164.36</ele>
        <time>2025-10-12T17:28:45.574Z</time>
      </trkpt>
      <trkpt lat="31.83246413" lon="35.33503063">
        <ele>164.33</ele>
        <time>2025-10-12T17:28:49.563Z</time>
      </trkpt>
      <trkpt lat="31.83246321" lon="35.33503097">
        <ele>164.32</ele>
        <time>2025-10-12T17:28:53.552Z</time>
      </trkpt>
      <trkpt lat="31.83246321" lon="35.33503088">
        <ele>164.3</ele>
        <time>2025-10-12T17:28:57.541Z</time>
      </trkpt>
      <trkpt lat="31.83246288" lon="35.33503138">
        <ele>164.29</ele>
        <time>2025-10-12T17:29:01.530Z</time>
      </trkpt>
      <trkpt lat="31.83246296" lon="35.33503147">
        <ele>164.29</ele>
        <time>2025-10-12T17:29:05.519Z</time>
      </trkpt>
      <trkpt lat="31.83246321" lon="35.33503138">
        <ele>164.29</ele>
        <time>2025-10-12T17:29:09.508Z</time>
      </trkpt>
      <trkpt lat="31.83246363" lon="35.3350313">
        <ele>164.29</ele>
        <time>2025-10-12T17:29:13.497Z</time>
      </trkpt>
      <trkpt lat="31.83246371" lon="35.3350313">
        <ele>164.3</ele>
        <time>2025-10-12T17:29:17.486Z</time>
      </trkpt>
      <trkpt lat="31.83246388" lon="35.3350313">
        <ele>164.31</ele>
        <time>2025-10-12T17:29:21.475Z</time>
      </trkpt>
      <trkpt lat="31.83241711" lon="35.33497958">
        <ele>164.33</ele>
        <time>2025-10-12T17:29:25.472Z</time>
      </trkpt>
      <trkpt lat="31.83238719" lon="35.33489401">
        <ele>164.32</ele>
        <time>2025-10-12T17:29:29.478Z</time>
      </trkpt>
      <trkpt lat="31.83239792" lon="35.33481924">
        <ele>164.3</ele>
        <time>2025-10-12T17:29:33.492Z</time>
      </trkpt>
      <trkpt lat="31.83240144" lon="35.3347842">
        <ele>164.32</ele>
        <time>2025-10-12T17:29:37.509Z</time>
      </trkpt>
      <trkpt lat="31.83239339" lon="35.33473542">
        <ele>164.35</ele>
        <time>2025-10-12T17:29:41.531Z</time>
      </trkpt>
      <trkpt lat="31.83239582" lon="35.33473039">
        <ele>164.4</ele>
        <time>2025-10-12T17:29:45.554Z</time>
      </trkpt>
      <trkpt lat="31.83239372" lon="35.33473148">
        <ele>164.45</ele>
        <time>2025-10-12T17:29:49.577Z</time>
      </trkpt>
      <trkpt lat="31.83239188" lon="35.33472997">
        <ele>164.51</ele>
        <time>2025-10-12T17:29:53.600Z</time>
      </trkpt>
      <trkpt lat="31.83239188" lon="35.3347298">
        <ele>164.57</ele>
        <time>2025-10-12T17:29:57.623Z</time>
      </trkpt>
      <trkpt lat="31.83241133" lon="35.33471388">
        <ele>164.61</ele>
        <time>2025-10-12T17:30:01.649Z</time>
      </trkpt>
      <trkpt lat="31.83242901" lon="35.33471363">
        <ele>164.66</ele>
        <time>2025-10-12T17:30:05.677Z</time>
      </trkpt>
      <trkpt lat="31.83242977" lon="35.33471363">
        <ele>164.72</ele>
        <time>2025-10-12T17:30:09.705Z</time>
      </trkpt>
      <trkpt lat="31.83246598" lon="35.33480046">
        <ele>164.74</ele>
        <time>2025-10-12T17:30:13.743Z</time>
      </trkpt>
      <trkpt lat="31.83249523" lon="35.33491999">
        <ele>164.8</ele>
        <time>2025-10-12T17:30:17.793Z</time>
      </trkpt>
      <trkpt lat="31.83249305" lon="35.33493156">
        <ele>164.84</ele>
        <time>2025-10-12T17:30:21.845Z</time>
      </trkpt>
      <trkpt lat="31.83252079" lon="35.33501429">
        <ele>164.89</ele>
        <time>2025-10-12T17:30:25.905Z</time>
      </trkpt>
      <trkpt lat="31.83253228" lon="35.33505217">
        <ele>164.91</ele>
        <time>2025-10-12T17:30:29.969Z</time>
      </trkpt>
      <trkpt lat="31.83254493" lon="35.3351111">
        <ele>164.93</ele>
        <time>2025-10-12T17:30:34.040Z</time>
      </trkpt>
      <trkpt lat="31.83253697" lon="35.335152">
        <ele>164.92</ele>
        <time>2025-10-12T17:30:38.115Z</time>
      </trkpt>
      <trkpt lat="31.8325327" lon="35.33520212">
        <ele>164.88</ele>
        <time>2025-10-12T17:30:42.195Z</time>
      </trkpt>
      <trkpt lat="31.83256522" lon="35.3352411">
        <ele>164.77</ele>
        <time>2025-10-12T17:30:46.280Z</time>
      </trkpt>
      <trkpt lat="31.83261484" lon="35.33527245">
        <ele>164.59</ele>
        <time>2025-10-12T17:30:50.372Z</time>
      </trkpt>
      <trkpt lat="31.83264283" lon="35.33527714">
        <ele>164.34</ele>
        <time>2025-10-12T17:30:54.467Z</time>
      </trkpt>
      <trkpt lat="31.83268977" lon="35.33528016">
        <ele>164.07</ele>
        <time>2025-10-12T17:30:58.568Z</time>
      </trkpt>
      <trkpt lat="31.83274526" lon="35.33528754">
        <ele>163.74</ele>
        <time>2025-10-12T17:31:02.675Z</time>
      </trkpt>
      <trkpt lat="31.83278885" lon="35.33529189">
        <ele>163.39</ele>
        <time>2025-10-12T17:31:06.787Z</time>
      </trkpt>
      <trkpt lat="31.83282254" lon="35.33524713">
        <ele>162.99</ele>
        <time>2025-10-12T17:31:10.905Z</time>
      </trkpt>
      <trkpt lat="31.83284031" lon="35.3352551">
        <ele>162.58</ele>
        <time>2025-10-12T17:31:15.026Z</time>
      </trkpt>
      <trkpt lat="31.83284911" lon="35.3352551">
        <ele>162.13</ele>
        <time>2025-10-12T17:31:19.148Z</time>
      </trkpt>
      <trkpt lat="31.83286772" lon="35.33520916">
        <ele>161.63</ele>
        <time>2025-10-12T17:31:23.275Z</time>
      </trkpt>
      <trkpt lat="31.83294559" lon="35.33515728">
        <ele>161</ele>
        <time>2025-10-12T17:31:27.412Z</time>
      </trkpt>
      <trkpt lat="31.83292262" lon="35.33519181">
        <ele>160.48</ele>
        <time>2025-10-12T17:31:31.554Z</time>
      </trkpt>
      <trkpt lat="31.83292631" lon="35.33516055">
        <ele>159.89</ele>
        <time>2025-10-12T17:31:35.699Z</time>
      </trkpt>
      <trkpt lat="31.83293293" lon="35.33513356">
        <ele>159.25</ele>
        <time>2025-10-12T17:31:39.847Z</time>
      </trkpt>
      <trkpt lat="31.83297878" lon="35.33506759">
        <ele>158.53</ele>
        <time>2025-10-12T17:31:44.003Z</time>
      </trkpt>
      <trkpt lat="31.83301248" lon="35.33508587">
        <ele>157.8</ele>
        <time>2025-10-12T17:31:48.164Z</time>
      </trkpt>
      <trkpt lat="31.83308708" lon="35.33507874">
        <ele>157.03</ele>
        <time>2025-10-12T17:31:52.333Z</time>
      </trkpt>
      <trkpt lat="31.83313837" lon="35.33507749">
        <ele>156.25</ele>
        <time>2025-10-12T17:31:56.508Z</time>
      </trkpt>
      <trkpt lat="31.83315145" lon="35.3349681">
        <ele>155.55</ele>
        <time>2025-10-12T17:32:00.694Z</time>
      </trkpt>
      <trkpt lat="31.83316293" lon="35.33495461">
        <ele>154.78</ele>
        <time>2025-10-12T17:32:04.882Z</time>
      </trkpt>
      <trkpt lat="31.83317902" lon="35.3349671">
        <ele>153.95</ele>
        <time>2025-10-12T17:32:09.073Z</time>
      </trkpt>
      <trkpt lat="31.83322454" lon="35.33498738">
        <ele>153.09</ele>
        <time>2025-10-12T17:32:13.269Z</time>
      </trkpt>
      <trkpt lat="31.83326259" lon="35.33499819">
        <ele>152.23</ele>
        <time>2025-10-12T17:32:17.470Z</time>
      </trkpt>
      <trkpt lat="31.83331347" lon="35.3350344">
        <ele>151.32</ele>
        <time>2025-10-12T17:32:21.678Z</time>
      </trkpt>
      <trkpt lat="31.83339042" lon="35.33500507">
        <ele>150.48</ele>
        <time>2025-10-12T17:32:25.895Z</time>
      </trkpt>
      <trkpt lat="31.83341414" lon="35.33501739">
        <ele>149.61</ele>
        <time>2025-10-12T17:32:30.115Z</time>
      </trkpt>
      <trkpt lat="31.83344834" lon="35.33500934">
        <ele>148.78</ele>
        <time>2025-10-12T17:32:34.340Z</time>
      </trkpt>
      <trkpt lat="31.83347449" lon="35.33504471">
        <ele>147.9</ele>
        <time>2025-10-12T17:32:38.569Z</time>
      </trkpt>
      <trkpt lat="31.83351355" lon="35.33510657">
        <ele>146.98</ele>
        <time>2025-10-12T17:32:42.806Z</time>
      </trkpt>
      <trkpt lat="31.83351531" lon="35.33519039">
        <ele>146.04</ele>
        <time>2025-10-12T17:32:47.051Z</time>
      </trkpt>
      <trkpt lat="31.83350869" lon="35.33527505">
        <ele>145.14</ele>
        <time>2025-10-12T17:32:51.305Z</time>
      </trkpt>
      <trkpt lat="31.83352687" lon="35.33531142">
        <ele>144.35</ele>
        <time>2025-10-12T17:32:55.563Z</time>
      </trkpt>
      <trkpt lat="31.83354959" lon="35.33542433">
        <ele>143.54</ele>
        <time>2025-10-12T17:32:59.833Z</time>
      </trkpt>
      <trkpt lat="31.83355378" lon="35.33547739">
        <ele>142.81</ele>
        <time>2025-10-12T17:33:04.108Z</time>
      </trkpt>
      <trkpt lat="31.83355403" lon="35.33547563">
        <ele>142.15</ele>
        <time>2025-10-12T17:33:08.383Z</time>
      </trkpt>
      <trkpt lat="31.83355252" lon="35.33547563">
        <ele>141.54</ele>
        <time>2025-10-12T17:33:12.658Z</time>
      </trkpt>
      <trkpt lat="31.83355646" lon="35.3354768">
        <ele>140.97</ele>
        <time>2025-10-12T17:33:16.934Z</time>
      </trkpt>
      <trkpt lat="31.83355772" lon="35.33554805">
        <ele>140.41</ele>
        <time>2025-10-12T17:33:21.217Z</time>
      </trkpt>
      <trkpt lat="31.83354196" lon="35.33565751">
        <ele>139.9</ele>
        <time>2025-10-12T17:33:25.511Z</time>
      </trkpt>
      <trkpt lat="31.8335262" lon="35.33573588">
        <ele>139.48</ele>
        <time>2025-10-12T17:33:29.813Z</time>
      </trkpt>
      <trkpt lat="31.83352252" lon="35.33576237">
        <ele>139.12</ele>
        <time>2025-10-12T17:33:34.118Z</time>
      </trkpt>
      <trkpt lat="31.83351304" lon="35.3358218">
        <ele>138.81</ele>
        <time>2025-10-12T17:33:38.429Z</time>
      </trkpt>
      <trkpt lat="31.83352721" lon="35.33588776">
        <ele>138.56</ele>
        <time>2025-10-12T17:33:42.747Z</time>
      </trkpt>
      <trkpt lat="31.83355185" lon="35.33592674">
        <ele>138.37</ele>
        <time>2025-10-12T17:33:47.070Z</time>
      </trkpt>
      <trkpt lat="31.83357247" lon="35.33600268">
        <ele>138.23</ele>
        <time>2025-10-12T17:33:51.401Z</time>
      </trkpt>
      <trkpt lat="31.83357029" lon="35.33602791">
        <ele>138.16</ele>
        <time>2025-10-12T17:33:55.734Z</time>
      </trkpt>
      <trkpt lat="31.83357909" lon="35.33603755">
        <ele>138.14</ele>
        <time>2025-10-12T17:34:00.069Z</time>
      </trkpt>
      <trkpt lat="31.83358831" lon="35.33605867">
        <ele>138.17</ele>
        <time>2025-10-12T17:34:04.406Z</time>
      </trkpt>
      <trkpt lat="31.83358454" lon="35.33612925">
        <ele>138.26</ele>
        <time>2025-10-12T17:34:08.750Z</time>
      </trkpt>
      <trkpt lat="31.83358094" lon="35.33621851">
        <ele>138.41</ele>
        <time>2025-10-12T17:34:13.103Z</time>
      </trkpt>
      <trkpt lat="31.83358873" lon="35.33629177">
        <ele>138.61</ele>
        <time>2025-10-12T17:34:17.463Z</time>
      </trkpt>
      <trkpt lat="31.83359292" lon="35.3363455">
        <ele>138.85</ele>
        <time>2025-10-12T17:34:21.829Z</time>
      </trkpt>
      <trkpt lat="31.83359728" lon="35.33635841">
        <ele>139.12</ele>
        <time>2025-10-12T17:34:26.196Z</time>
      </trkpt>
      <trkpt lat="31.83361128" lon="35.33637995">
        <ele>139.43</ele>
        <time>2025-10-12T17:34:30.566Z</time>
      </trkpt>
      <trkpt lat="31.83362955" lon="35.33643485">
        <ele>139.8</ele>
        <time>2025-10-12T17:34:34.942Z</time>
      </trkpt>
      <trkpt lat="31.83362628" lon="35.33645706">
        <ele>140.17</ele>
        <time>2025-10-12T17:34:39.320Z</time>
      </trkpt>
      <trkpt lat="31.83363299" lon="35.33649277">
        <ele>140.58</ele>
        <time>2025-10-12T17:34:43.702Z</time>
      </trkpt>
      <trkpt lat="31.83363726" lon="35.33650635">
        <ele>140.98</ele>
        <time>2025-10-12T17:34:48.085Z</time>
      </trkpt>
      <trkpt lat="31.83364028" lon="35.33651356">
        <ele>141.39</ele>
        <time>2025-10-12T17:34:52.469Z</time>
      </trkpt>
      <trkpt lat="31.83364104" lon="35.33653166">
        <ele>141.83</ele>
        <time>2025-10-12T17:34:56.855Z</time>
      </trkpt>
      <trkpt lat="31.83364674" lon="35.33655086">
        <ele>142.27</ele>
        <time>2025-10-12T17:35:01.243Z</time>
      </trkpt>
      <trkpt lat="31.8336609" lon="35.33658111">
        <ele>142.73</ele>
        <time>2025-10-12T17:35:05.634Z</time>
      </trkpt>
      <trkpt lat="31.83366819" lon="35.33660023">
        <ele>143.18</ele>
        <time>2025-10-12T17:35:10.027Z</time>
      </trkpt>
      <trkpt lat="31.83367121" lon="35.33660785">
        <ele>143.61</ele>
        <time>2025-10-12T17:35:14.421Z</time>
      </trkpt>
      <trkpt lat="31.83366727" lon="35.33660945">
        <ele>144.04</ele>
        <time>2025-10-12T17:35:18.816Z</time>
      </trkpt>
      <trkpt lat="31.83367624" lon="35.3366299">
        <ele>144.48</ele>
        <time>2025-10-12T17:35:23.213Z</time>
      </trkpt>
      <trkpt lat="31.83367188" lon="35.33667508">
        <ele>144.95</ele>
        <time>2025-10-12T17:35:27.615Z</time>
      </trkpt>
      <trkpt lat="31.83366308" lon="35.33668622">
        <ele>145.36</ele>
        <time>2025-10-12T17:35:32.018Z</time>
      </trkpt>
      <trkpt lat="31.83366585" lon="35.33669427">
        <ele>145.75</ele>
        <time>2025-10-12T17:35:36.422Z</time>
      </trkpt>
      <trkpt lat="31.83370206" lon="35.33671724">
        <ele>146.1</ele>
        <time>2025-10-12T17:35:40.831Z</time>
      </trkpt>
      <trkpt lat="31.83373248" lon="35.33670399">
        <ele>146.38</ele>
        <time>2025-10-12T17:35:45.244Z</time>
      </trkpt>
      <trkpt lat="31.83373558" lon="35.33672252">
        <ele>146.73</ele>
        <time>2025-10-12T17:35:49.659Z</time>
      </trkpt>
      <trkpt lat="31.83374874" lon="35.33673182">
        <ele>147.03</ele>
        <time>2025-10-12T17:35:54.075Z</time>
      </trkpt>
      <trkpt lat="31.8337562" lon="35.33673501">
        <ele>147.32</ele>
        <time>2025-10-12T17:35:58.492Z</time>
      </trkpt>
      <trkpt lat="31.83379116" lon="35.33676174">
        <ele>147.57</ele>
        <time>2025-10-12T17:36:02.914Z</time>
      </trkpt>
      <trkpt lat="31.83379702" lon="35.33676485">
        <ele>147.83</ele>
        <time>2025-10-12T17:36:07.337Z</time>
      </trkpt>
      <trkpt lat="31.83383298" lon="35.33681673">
        <ele>148.09</ele>
        <time>2025-10-12T17:36:11.767Z</time>
      </trkpt>
      <trkpt lat="31.83384455" lon="35.33682788">
        <ele>148.31</ele>
        <time>2025-10-12T17:36:16.198Z</time>
      </trkpt>
      <trkpt lat="31.83385352" lon="35.33683643">
        <ele>148.52</ele>
        <time>2025-10-12T17:36:20.631Z</time>
      </trkpt>
      <trkpt lat="31.83385125" lon="35.33682243">
        <ele>148.7</ele>
        <time>2025-10-12T17:36:25.065Z</time>
      </trkpt>
      <trkpt lat="31.83385067" lon="35.33682335">
        <ele>148.87</ele>
        <time>2025-10-12T17:36:29.499Z</time>
      </trkpt>
      <trkpt lat="31.83385117" lon="35.33682293">
        <ele>149.03</ele>
        <time>2025-10-12T17:36:33.933Z</time>
      </trkpt>
      <trkpt lat="31.83387313" lon="35.3368283">
        <ele>149.16</ele>
        <time>2025-10-12T17:36:38.370Z</time>
      </trkpt>
      <trkpt lat="31.83388679" lon="35.33685244">
        <ele>149.31</ele>
        <time>2025-10-12T17:36:42.810Z</time>
      </trkpt>
      <trkpt lat="31.83389006" lon="35.33688035">
        <ele>149.46</ele>
        <time>2025-10-12T17:36:47.253Z</time>
      </trkpt>
      <trkpt lat="31.83390004" lon="35.33689409">
        <ele>149.57</ele>
        <time>2025-10-12T17:36:51.698Z</time>
      </trkpt>
      <trkpt lat="31.83390314" lon="35.33690843">
        <ele>149.67</ele>
        <time>2025-10-12T17:36:56.144Z</time>
      </trkpt>
      <trkpt lat="31.83392426" lon="35.33692905">
        <ele>149.72</ele>
        <time>2025-10-12T17:37:00.593Z</time>
      </trkpt>
      <trkpt lat="31.83397338" lon="35.33700214">
        <ele>149.75</ele>
        <time>2025-10-12T17:37:05.052Z</time>
      </trkpt>
      <trkpt lat="31.83397799" lon="35.33701396">
        <ele>149.78</ele>
        <time>2025-10-12T17:37:09.512Z</time>
      </trkpt>
      <trkpt lat="31.8339888" lon="35.33705436">
        <ele>149.83</ele>
        <time>2025-10-12T17:37:13.976Z</time>
      </trkpt>
      <trkpt lat="31.83401244" lon="35.33710934">
        <ele>149.87</ele>
        <time>2025-10-12T17:37:18.446Z</time>
      </trkpt>
      <trkpt lat="31.83401973" lon="35.33715134">
        <ele>149.87</ele>
        <time>2025-10-12T17:37:22.921Z</time>
      </trkpt>
      <trkpt lat="31.83404446" lon="35.3372572">
        <ele>149.87</ele>
        <time>2025-10-12T17:37:27.407Z</time>
      </trkpt>
      <trkpt lat="31.83406851" lon="35.33728268">
        <ele>149.81</ele>
        <time>2025-10-12T17:37:31.896Z</time>
      </trkpt>
      <trkpt lat="31.83410179" lon="35.33730799">
        <ele>149.71</ele>
        <time>2025-10-12T17:37:36.390Z</time>
      </trkpt>
      <trkpt lat="31.83412258" lon="35.33735493">
        <ele>149.62</ele>
        <time>2025-10-12T17:37:40.889Z</time>
      </trkpt>
      <trkpt lat="31.83415107" lon="35.33739684">
        <ele>149.5</ele>
        <time>2025-10-12T17:37:45.394Z</time>
      </trkpt>
      <trkpt lat="31.83416541" lon="35.33742148">
        <ele>149.34</ele>
        <time>2025-10-12T17:37:49.902Z</time>
      </trkpt>
      <trkpt lat="31.8342038" lon="35.3374903">
        <ele>149.13</ele>
        <time>2025-10-12T17:37:54.418Z</time>
      </trkpt>
      <trkpt lat="31.83422291" lon="35.33752215">
        <ele>148.88</ele>
        <time>2025-10-12T17:37:58.938Z</time>
      </trkpt>
      <trkpt lat="31.83422911" lon="35.33753606">
        <ele>148.62</ele>
        <time>2025-10-12T17:38:03.459Z</time>
      </trkpt>
      <trkpt lat="31.83427052" lon="35.33761519">
        <ele>148.29</ele>
        <time>2025-10-12T17:38:07.990Z</time>
      </trkpt>
      <trkpt lat="31.83428141" lon="35.33764243">
        <ele>147.99</ele>
        <time>2025-10-12T17:38:12.524Z</time>
      </trkpt>
      <trkpt lat="31.83434721" lon="35.33768593">
        <ele>147.64</ele>
        <time>2025-10-12T17:38:17.067Z</time>
      </trkpt>
      <trkpt lat="31.83435517" lon="35.33769071">
        <ele>147.31</ele>
        <time>2025-10-12T17:38:21.611Z</time>
      </trkpt>
      <trkpt lat="31.83446665" lon="35.33775927">
        <ele>146.89</ele>
        <time>2025-10-12T17:38:26.169Z</time>
      </trkpt>
      <trkpt lat="31.83447612" lon="35.33776799">
        <ele>146.52</ele>
        <time>2025-10-12T17:38:30.729Z</time>
      </trkpt>
      <trkpt lat="31.83452935" lon="35.33782884">
        <ele>146.09</ele>
        <time>2025-10-12T17:38:35.298Z</time>
      </trkpt>
      <trkpt lat="31.83455433" lon="35.33787201">
        <ele>145.68</ele>
        <time>2025-10-12T17:38:39.872Z</time>
      </trkpt>
      <trkpt lat="31.83454779" lon="35.33802716">
        <ele>145.17</ele>
        <time>2025-10-12T17:38:44.461Z</time>
      </trkpt>
      <trkpt lat="31.83453958" lon="35.33806748">
        <ele>144.81</ele>
        <time>2025-10-12T17:38:49.055Z</time>
      </trkpt>
      <trkpt lat="31.83453178" lon="35.3380912">
        <ele>144.46</ele>
        <time>2025-10-12T17:38:53.651Z</time>
      </trkpt>
      <trkpt lat="31.83450504" lon="35.33814677">
        <ele>144.15</ele>
        <time>2025-10-12T17:38:58.254Z</time>
      </trkpt>
      <trkpt lat="31.83448442" lon="35.33822891">
        <ele>143.83</ele>
        <time>2025-10-12T17:39:02.865Z</time>
      </trkpt>
      <trkpt lat="31.83449037" lon="35.3383191">
        <ele>143.48</ele>
        <time>2025-10-12T17:39:07.485Z</time>
      </trkpt>
      <trkpt lat="31.83449255" lon="35.33842019">
        <ele>143.17</ele>
        <time>2025-10-12T17:39:12.115Z</time>
      </trkpt>
      <trkpt lat="31.83448602" lon="35.33848079">
        <ele>142.86</ele>
        <time>2025-10-12T17:39:16.751Z</time>
      </trkpt>
      <trkpt lat="31.83446146" lon="35.3386315">
        <ele>142.65</ele>
        <time>2025-10-12T17:39:21.403Z</time>
      </trkpt>
      <trkpt lat="31.83447051" lon="35.33865228">
        <ele>142.32</ele>
        <time>2025-10-12T17:39:26.057Z</time>
      </trkpt>
      <trkpt lat="31.83447646" lon="35.33865396">
        <ele>141.97</ele>
        <time>2025-10-12T17:39:30.712Z</time>
      </trkpt>
      <trkpt lat="31.83449867" lon="35.33864834">
        <ele>141.58</ele>
        <time>2025-10-12T17:39:35.370Z</time>
      </trkpt>
      <trkpt lat="31.8345778" lon="35.33861465">
        <ele>141.1</ele>
        <time>2025-10-12T17:39:40.037Z</time>
      </trkpt>
      <trkpt lat="31.83465055" lon="35.33862613">
        <ele>140.7</ele>
        <time>2025-10-12T17:39:44.713Z</time>
      </trkpt>
      <trkpt lat="31.8346819" lon="35.33863652">
        <ele>140.35</ele>
        <time>2025-10-12T17:39:49.393Z</time>
      </trkpt>
      <trkpt lat="31.83476421" lon="35.33863778">
        <ele>139.95</ele>
        <time>2025-10-12T17:39:54.083Z</time>
      </trkpt>
      <trkpt lat="31.83484493" lon="35.33867299">
        <ele>139.57</ele>
        <time>2025-10-12T17:39:58.783Z</time>
      </trkpt>
      <trkpt lat="31.83488198" lon="35.33868589">
        <ele>139.23</ele>
        <time>2025-10-12T17:40:03.487Z</time>
      </trkpt>
      <trkpt lat="31.83498407" lon="35.33877181">
        <ele>138.88</ele>
        <time>2025-10-12T17:40:08.206Z</time>
      </trkpt>
      <trkpt lat="31.8349901" lon="35.33878254">
        <ele>138.59</ele>
        <time>2025-10-12T17:40:12.926Z</time>
      </trkpt>
      <trkpt lat="31.83504936" lon="35.33889083">
        <ele>138.31</ele>
        <time>2025-10-12T17:40:17.659Z</time>
      </trkpt>
      <trkpt lat="31.83505498" lon="35.33891715">
        <ele>138.05</ele>
        <time>2025-10-12T17:40:22.395Z</time>
      </trkpt>
      <trkpt lat="31.83511759" lon="35.33897934">
        <ele>137.76</ele>
        <time>2025-10-12T17:40:27.140Z</time>
      </trkpt>
      <trkpt lat="31.83518481" lon="35.33903576">
        <ele>137.46</ele>
        <time>2025-10-12T17:40:31.895Z</time>
      </trkpt>
      <trkpt lat="31.83519588" lon="35.33903559">
        <ele>137.19</ele>
        <time>2025-10-12T17:40:36.651Z</time>
      </trkpt>
      <trkpt lat="31.835232" lon="35.3390459">
        <ele>136.91</ele>
        <time>2025-10-12T17:40:41.412Z</time>
      </trkpt>
      <trkpt lat="31.83527157" lon="35.33908278">
        <ele>136.64</ele>
        <time>2025-10-12T17:40:46.179Z</time>
      </trkpt>
      <trkpt lat="31.83531549" lon="35.33916735">
        <ele>136.42</ele>
        <time>2025-10-12T17:40:50.956Z</time>
      </trkpt>
      <trkpt lat="31.83533778" lon="35.33922334">
        <ele>136.2</ele>
        <time>2025-10-12T17:40:55.739Z</time>
      </trkpt>
      <trkpt lat="31.83535346" lon="35.33925603">
        <ele>135.97</ele>
        <time>2025-10-12T17:41:00.526Z</time>
      </trkpt>
      <trkpt lat="31.8353579" lon="35.33926852">
        <ele>135.72</ele>
        <time>2025-10-12T17:41:05.314Z</time>
      </trkpt>
      <trkpt lat="31.83539025" lon="35.33933692">
        <ele>135.48</ele>
        <time>2025-10-12T17:41:10.110Z</time>
      </trkpt>
      <trkpt lat="31.83540576" lon="35.33934161">
        <ele>135.19</ele>
        <time>2025-10-12T17:41:14.908Z</time>
      </trkpt>
      <trkpt lat="31.83541515" lon="35.33934463">
        <ele>134.9</ele>
        <time>2025-10-12T17:41:19.707Z</time>
      </trkpt>
      <trkpt lat="31.83543627" lon="35.33935955">
        <ele>134.58</ele>
        <time>2025-10-12T17:41:24.509Z</time>
      </trkpt>
      <trkpt lat="31.8354475" lon="35.3393852">
        <ele>134.27</ele>
        <time>2025-10-12T17:41:29.314Z</time>
      </trkpt>
      <trkpt lat="31.83547106" lon="35.33945418">
        <ele>133.96</ele>
        <time>2025-10-12T17:41:34.126Z</time>
      </trkpt>
      <trkpt lat="31.83547986" lon="35.33947606">
        <ele>133.6</ele>
        <time>2025-10-12T17:41:38.941Z</time>
      </trkpt>
      <trkpt lat="31.83553392" lon="35.33958787">
        <ele>133.24</ele>
        <time>2025-10-12T17:41:43.768Z</time>
      </trkpt>
      <trkpt lat="31.83557541" lon="35.33967588">
        <ele>132.85</ele>
        <time>2025-10-12T17:41:48.605Z</time>
      </trkpt>
      <trkpt lat="31.83557927" lon="35.33968728">
        <ele>132.4</ele>
        <time>2025-10-12T17:41:53.444Z</time>
      </trkpt>
      <trkpt lat="31.83560349" lon="35.33980044">
        <ele>131.92</ele>
        <time>2025-10-12T17:41:58.294Z</time>
      </trkpt>
      <trkpt lat="31.83560517" lon="35.33981376">
        <ele>131.42</ele>
        <time>2025-10-12T17:42:03.146Z</time>
      </trkpt>
      <trkpt lat="31.83561305" lon="35.33983396">
        <ele>130.88</ele>
        <time>2025-10-12T17:42:08.000Z</time>
      </trkpt>
      <trkpt lat="31.83562302" lon="35.3398524">
        <ele>130.31</ele>
        <time>2025-10-12T17:42:12.856Z</time>
      </trkpt>
      <trkpt lat="31.83564791" lon="35.33989247">
        <ele>129.7</ele>
        <time>2025-10-12T17:42:17.717Z</time>
      </trkpt>
      <trkpt lat="31.83565705" lon="35.33989934">
        <ele>129.08</ele>
        <time>2025-10-12T17:42:22.579Z</time>
      </trkpt>
      <trkpt lat="31.83575462" lon="35.339984">
        <ele>128.26</ele>
        <time>2025-10-12T17:42:27.456Z</time>
      </trkpt>
      <trkpt lat="31.83583165" lon="35.34004712">
        <ele>127.47</ele>
        <time>2025-10-12T17:42:32.344Z</time>
      </trkpt>
      <trkpt lat="31.83585897" lon="35.34006204">
        <ele>126.78</ele>
        <time>2025-10-12T17:42:37.235Z</time>
      </trkpt>
      <trkpt lat="31.83588286" lon="35.34008341">
        <ele>126.09</ele>
        <time>2025-10-12T17:42:42.130Z</time>
      </trkpt>
      <trkpt lat="31.83590474" lon="35.34011048">
        <ele>125.42</ele>
        <time>2025-10-12T17:42:47.028Z</time>
      </trkpt>
      <trkpt lat="31.83595243" lon="35.34015449">
        <ele>124.73</ele>
        <time>2025-10-12T17:42:51.934Z</time>
      </trkpt>
      <trkpt lat="31.83601731" lon="35.34020168">
        <ele>124.06</ele>
        <time>2025-10-12T17:42:56.849Z</time>
      </trkpt>
      <trkpt lat="31.83607732" lon="35.34025867">
        <ele>123.42</ele>
        <time>2025-10-12T17:43:01.773Z</time>
      </trkpt>
      <trkpt lat="31.8360821" lon="35.34027183">
        <ele>122.85</ele>
        <time>2025-10-12T17:43:06.698Z</time>
      </trkpt>
      <trkpt lat="31.83611638" lon="35.34041181">
        <ele>122.32</ele>
        <time>2025-10-12T17:43:11.638Z</time>
      </trkpt>
      <trkpt lat="31.83613063" lon="35.34049488">
        <ele>121.82</ele>
        <time>2025-10-12T17:43:16.586Z</time>
      </trkpt>
      <trkpt lat="31.83613205" lon="35.34050527">
        <ele>121.34</ele>
        <time>2025-10-12T17:43:21.535Z</time>
      </trkpt>
      <trkpt lat="31.83613633" lon="35.34053645">
        <ele>120.88</ele>
        <time>2025-10-12T17:43:26.487Z</time>
      </trkpt>
      <trkpt lat="31.83613591" lon="35.34066754">
        <ele>120.44</ele>
        <time>2025-10-12T17:43:31.453Z</time>
      </trkpt>
      <trkpt lat="31.83614102" lon="35.34068372">
        <ele>120.04</ele>
        <time>2025-10-12T17:43:36.420Z</time>
      </trkpt>
      <trkpt lat="31.83614094" lon="35.34068515">
        <ele>119.68</ele>
        <time>2025-10-12T17:43:41.387Z</time>
      </trkpt>
      <trkpt lat="31.83614245" lon="35.34068573">
        <ele>119.35</ele>
        <time>2025-10-12T17:43:46.355Z</time>
      </trkpt>
      <trkpt lat="31.83614169" lon="35.34068565">
        <ele>119.04</ele>
        <time>2025-10-12T17:43:51.323Z</time>
      </trkpt>
      <trkpt lat="31.83614312" lon="35.34068716">
        <ele>118.76</ele>
        <time>2025-10-12T17:43:56.291Z</time>
      </trkpt>
      <trkpt lat="31.83614354" lon="35.34068724">
        <ele>118.5</ele>
        <time>2025-10-12T17:44:01.259Z</time>
      </trkpt>
      <trkpt lat="31.83614379" lon="35.34068741">
        <ele>118.27</ele>
        <time>2025-10-12T17:44:06.227Z</time>
      </trkpt>
      <trkpt lat="31.83614161" lon="35.34071088">
        <ele>118.05</ele>
        <time>2025-10-12T17:44:11.197Z</time>
      </trkpt>
      <trkpt lat="31.83613381" lon="35.34075983">
        <ele>117.87</ele>
        <time>2025-10-12T17:44:16.172Z</time>
      </trkpt>
      <trkpt lat="31.83612493" lon="35.34085555">
        <ele>117.7</ele>
        <time>2025-10-12T17:44:21.157Z</time>
      </trkpt>
      <trkpt lat="31.83612526" lon="35.34086502">
        <ele>117.52</ele>
        <time>2025-10-12T17:44:26.143Z</time>
      </trkpt>
      <trkpt lat="31.8361225" lon="35.34090576">
        <ele>117.35</ele>
        <time>2025-10-12T17:44:31.133Z</time>
      </trkpt>
      <trkpt lat="31.8361168" lon="35.34097558">
        <ele>117.19</ele>
        <time>2025-10-12T17:44:36.130Z</time>
      </trkpt>
      <trkpt lat="31.83610548" lon="35.34111388">
        <ele>117.02</ele>
        <time>2025-10-12T17:44:41.141Z</time>
      </trkpt>
      <trkpt lat="31.8361007" lon="35.34117482">
        <ele>116.86</ele>
        <time>2025-10-12T17:44:46.158Z</time>
      </trkpt>
      <trkpt lat="31.83610196" lon="35.34118806">
        <ele>116.71</ele>
        <time>2025-10-12T17:44:51.176Z</time>
      </trkpt>
      <trkpt lat="31.83610431" lon="35.34123961">
        <ele>116.55</ele>
        <time>2025-10-12T17:44:56.200Z</time>
      </trkpt>
      <trkpt lat="31.83610322" lon="35.34132343">
        <ele>116.37</ele>
        <time>2025-10-12T17:45:01.232Z</time>
      </trkpt>
      <trkpt lat="31.83610464" lon="35.34133474">
        <ele>116.21</ele>
        <time>2025-10-12T17:45:06.265Z</time>
      </trkpt>
      <trkpt lat="31.83610749" lon="35.34151931">
        <ele>116.05</ele>
        <time>2025-10-12T17:45:11.317Z</time>
      </trkpt>
      <trkpt lat="31.8361049" lon="35.34174219">
        <ele>115.79</ele>
        <time>2025-10-12T17:45:16.391Z</time>
      </trkpt>
      <trkpt lat="31.83610523" lon="35.34175669">
        <ele>115.61</ele>
        <time>2025-10-12T17:45:21.466Z</time>
      </trkpt>
      <trkpt lat="31.83611085" lon="35.341925">
        <ele>115.39</ele>
        <time>2025-10-12T17:45:26.558Z</time>
      </trkpt>
      <trkpt lat="31.83612208" lon="35.34205215">
        <ele>115.24</ele>
        <time>2025-10-12T17:45:31.663Z</time>
      </trkpt>
      <trkpt lat="31.83613901" lon="35.34213941">
        <ele>115.06</ele>
        <time>2025-10-12T17:45:36.777Z</time>
      </trkpt>
      <trkpt lat="31.83616198" lon="35.34221082">
        <ele>114.85</ele>
        <time>2025-10-12T17:45:41.899Z</time>
      </trkpt>
      <trkpt lat="31.83617815" lon="35.34224317">
        <ele>114.64</ele>
        <time>2025-10-12T17:45:47.025Z</time>
      </trkpt>
      <trkpt lat="31.83620808" lon="35.34231132">
        <ele>114.41</ele>
        <time>2025-10-12T17:45:52.158Z</time>
      </trkpt>
      <trkpt lat="31.83621118" lon="35.34231618">
        <ele>114.19</ele>
        <time>2025-10-12T17:45:57.292Z</time>
      </trkpt>
      <trkpt lat="31.83620984" lon="35.34235155">
        <ele>113.98</ele>
        <time>2025-10-12T17:46:02.429Z</time>
      </trkpt>
      <trkpt lat="31.83620925" lon="35.34235968">
        <ele>113.75</ele>
        <time>2025-10-12T17:46:07.567Z</time>
      </trkpt>
      <trkpt lat="31.83620414" lon="35.34244384">
        <ele>113.52</ele>
        <time>2025-10-12T17:46:12.714Z</time>
      </trkpt>
      <trkpt lat="31.83622107" lon="35.34250938">
        <ele>113.26</ele>
        <time>2025-10-12T17:46:17.868Z</time>
      </trkpt>
      <trkpt lat="31.83623138" lon="35.34255917">
        <ele>112.99</ele>
        <time>2025-10-12T17:46:23.027Z</time>
      </trkpt>
      <trkpt lat="31.8362328" lon="35.34258088">
        <ele>112.71</ele>
        <time>2025-10-12T17:46:28.188Z</time>
      </trkpt>
      <trkpt lat="31.83623113" lon="35.34260963">
        <ele>112.42</ele>
        <time>2025-10-12T17:46:33.352Z</time>
      </trkpt>
      <trkpt lat="31.83621939" lon="35.34270502">
        <ele>112.12</ele>
        <time>2025-10-12T17:46:38.525Z</time>
      </trkpt>
      <trkpt lat="31.83622191" lon="35.34280317">
        <ele>111.77</ele>
        <time>2025-10-12T17:46:43.708Z</time>
      </trkpt>
      <trkpt lat="31.8362401" lon="35.34292429">
        <ele>111.37</ele>
        <time>2025-10-12T17:46:48.904Z</time>
      </trkpt>
      <trkpt lat="31.83625082" lon="35.34305437">
        <ele>111</ele>
        <time>2025-10-12T17:46:54.113Z</time>
      </trkpt>
      <trkpt lat="31.83625292" lon="35.34308178">
        <ele>110.64</ele>
        <time>2025-10-12T17:46:59.324Z</time>
      </trkpt>
      <trkpt lat="31.83623356" lon="35.3432371">
        <ele>110.2</ele>
        <time>2025-10-12T17:47:04.551Z</time>
      </trkpt>
      <trkpt lat="31.83616709" lon="35.34335847">
        <ele>109.81</ele>
        <time>2025-10-12T17:47:09.793Z</time>
      </trkpt>
      <trkpt lat="31.83604044" lon="35.34345201">
        <ele>109.45</ele>
        <time>2025-10-12T17:47:15.052Z</time>
      </trkpt>
      <trkpt lat="31.83593533" lon="35.3435246">
        <ele>109.04</ele>
        <time>2025-10-12T17:47:20.326Z</time>
      </trkpt>
      <trkpt lat="31.83586174" lon="35.34357271">
        <ele>108.69</ele>
        <time>2025-10-12T17:47:25.609Z</time>
      </trkpt>
      <trkpt lat="31.8358417" lon="35.34358981">
        <ele>108.33</ele>
        <time>2025-10-12T17:47:30.895Z</time>
      </trkpt>
      <trkpt lat="31.83576962" lon="35.34367262">
        <ele>108</ele>
        <time>2025-10-12T17:47:36.193Z</time>
      </trkpt>
      <trkpt lat="31.83573542" lon="35.34379567">
        <ele>107.57</ele>
        <time>2025-10-12T17:47:41.504Z</time>
      </trkpt>
      <trkpt lat="31.83565806" lon="35.34389826">
        <ele>107.17</ele>
        <time>2025-10-12T17:47:46.829Z</time>
      </trkpt>
      <trkpt lat="31.83562713" lon="35.34393397">
        <ele>106.8</ele>
        <time>2025-10-12T17:47:52.159Z</time>
      </trkpt>
      <trkpt lat="31.83560844" lon="35.34395426">
        <ele>106.44</ele>
        <time>2025-10-12T17:47:57.492Z</time>
      </trkpt>
      <trkpt lat="31.83558119" lon="35.34398024">
        <ele>106.08</ele>
        <time>2025-10-12T17:48:02.829Z</time>
      </trkpt>
      <trkpt lat="31.8355739" lon="35.34398871">
        <ele>105.71</ele>
        <time>2025-10-12T17:48:08.167Z</time>
      </trkpt>
      <trkpt lat="31.83553962" lon="35.34403112">
        <ele>105.35</ele>
        <time>2025-10-12T17:48:13.511Z</time>
      </trkpt>
      <trkpt lat="31.83550098" lon="35.3440659">
        <ele>104.96</ele>
        <time>2025-10-12T17:48:18.861Z</time>
      </trkpt>
      <trkpt lat="31.83544306" lon="35.34412743">
        <ele>104.56</ele>
        <time>2025-10-12T17:48:24.220Z</time>
      </trkpt>
      <trkpt lat="31.83541548" lon="35.3441633">
        <ele>104.21</ele>
        <time>2025-10-12T17:48:29.584Z</time>
      </trkpt>
      <trkpt lat="31.83540392" lon="35.34417202">
        <ele>103.87</ele>
        <time>2025-10-12T17:48:34.949Z</time>
      </trkpt>
      <trkpt lat="31.83538598" lon="35.34419272">
        <ele>103.52</ele>
        <time>2025-10-12T17:48:40.317Z</time>
      </trkpt>
      <trkpt lat="31.83537483" lon="35.344212">
        <ele>103.18</ele>
        <time>2025-10-12T17:48:45.688Z</time>
      </trkpt>
      <trkpt lat="31.83533259" lon="35.34425491">
        <ele>102.86</ele>
        <time>2025-10-12T17:48:51.065Z</time>
      </trkpt>
      <trkpt lat="31.8353196" lon="35.34426489">
        <ele>102.56</ele>
        <time>2025-10-12T17:48:56.444Z</time>
      </trkpt>
      <trkpt lat="31.83530736" lon="35.3443591">
        <ele>102.22</ele>
        <time>2025-10-12T17:49:01.833Z</time>
      </trkpt>
      <trkpt lat="31.8353097" lon="35.34447938">
        <ele>101.91</ele>
        <time>2025-10-12T17:49:07.234Z</time>
      </trkpt>
      <trkpt lat="31.83529135" lon="35.34457745">
        <ele>101.65</ele>
        <time>2025-10-12T17:49:12.645Z</time>
      </trkpt>
      <trkpt lat="31.83528758" lon="35.34462179">
        <ele>101.41</ele>
        <time>2025-10-12T17:49:18.060Z</time>
      </trkpt>
      <trkpt lat="31.83528339" lon="35.34466504">
        <ele>101.19</ele>
        <time>2025-10-12T17:49:23.480Z</time>
      </trkpt>
      <trkpt lat="31.83526369" lon="35.34479127">
        <ele>100.98</ele>
        <time>2025-10-12T17:49:28.913Z</time>
      </trkpt>
      <trkpt lat="31.8352538" lon="35.34489932">
        <ele>100.79</ele>
        <time>2025-10-12T17:49:34.356Z</time>
      </trkpt>
      <trkpt lat="31.83526746" lon="35.34497048">
        <ele>100.63</ele>
        <time>2025-10-12T17:49:39.807Z</time>
      </trkpt>
      <trkpt lat="31.83529043" lon="35.34497752">
        <ele>100.5</ele>
        <time>2025-10-12T17:49:45.261Z</time>
      </trkpt>
      <trkpt lat="31.83532597" lon="35.34498699">
        <ele>100.4</ele>
        <time>2025-10-12T17:49:50.719Z</time>
      </trkpt>
      <trkpt lat="31.8353341" lon="35.34502571">
        <ele>100.3</ele>
        <time>2025-10-12T17:49:56.181Z</time>
      </trkpt>
      <trkpt lat="31.83533787" lon="35.34509545">
        <ele>100.2</ele>
        <time>2025-10-12T17:50:01.650Z</time>
      </trkpt>
      <trkpt lat="31.83534541" lon="35.34519612">
        <ele>100.12</ele>
        <time>2025-10-12T17:50:07.129Z</time>
      </trkpt>
      <trkpt lat="31.83535782" lon="35.34528304">
        <ele>100.07</ele>
        <time>2025-10-12T17:50:12.617Z</time>
      </trkpt>
      <trkpt lat="31.83535723" lon="35.34538815">
        <ele>100.01</ele>
        <time>2025-10-12T17:50:18.115Z</time>
      </trkpt>
      <trkpt lat="31.83535354" lon="35.34556568">
        <ele>100.01</ele>
        <time>2025-10-12T17:50:23.631Z</time>
      </trkpt>
      <trkpt lat="31.83536352" lon="35.34559241">
        <ele>100.01</ele>
        <time>2025-10-12T17:50:29.150Z</time>
      </trkpt>
      <trkpt lat="31.83538992" lon="35.34565126">
        <ele>100.02</ele>
        <time>2025-10-12T17:50:34.676Z</time>
      </trkpt>
      <trkpt lat="31.83539185" lon="35.34566148">
        <ele>100.04</ele>
        <time>2025-10-12T17:50:40.203Z</time>
      </trkpt>
      <trkpt lat="31.83541113" lon="35.34570985">
        <ele>100.08</ele>
        <time>2025-10-12T17:50:45.735Z</time>
      </trkpt>
      <trkpt lat="31.83558363" lon="35.34602257">
        <ele>102.29</ele>
        <time>2025-10-12T17:58:01.636Z</time>
      </trkpt>
      <trkpt lat="31.83561288" lon="35.34607647">
        <ele>102.57</ele>
        <time>2025-10-12T17:58:07.587Z</time>
      </trkpt>
      <trkpt lat="31.83565269" lon="35.34611226">
        <ele>102.84</ele>
        <time>2025-10-12T17:58:13.544Z</time>
      </trkpt>
      <trkpt lat="31.83569418" lon="35.34613581">
        <ele>103.12</ele>
        <time>2025-10-12T17:58:19.506Z</time>
      </trkpt>
      <trkpt lat="31.83574514" lon="35.34615903">
        <ele>103.41</ele>
        <time>2025-10-12T17:58:25.475Z</time>
      </trkpt>
      <trkpt lat="31.83585813" lon="35.3461763">
        <ele>103.7</ele>
        <time>2025-10-12T17:58:31.457Z</time>
      </trkpt>
      <trkpt lat="31.83592871" lon="35.34615685">
        <ele>103.96</ele>
        <time>2025-10-12T17:58:37.448Z</time>
      </trkpt>
      <trkpt lat="31.83595796" lon="35.34615006">
        <ele>104.28</ele>
        <time>2025-10-12T17:58:43.442Z</time>
      </trkpt>
      <trkpt lat="31.83596953" lon="35.34614788">
        <ele>104.6</ele>
        <time>2025-10-12T17:58:49.438Z</time>
      </trkpt>
      <trkpt lat="31.83602275" lon="35.34612198">
        <ele>104.92</ele>
        <time>2025-10-12T17:58:55.440Z</time>
      </trkpt>
      <trkpt lat="31.83602368" lon="35.34611628">
        <ele>105.24</ele>
        <time>2025-10-12T17:59:01.443Z</time>
      </trkpt>
      <trkpt lat="31.83602368" lon="35.34611478">
        <ele>105.58</ele>
        <time>2025-10-12T17:59:07.446Z</time>
      </trkpt>
      <trkpt lat="31.83606969" lon="35.34610136">
        <ele>105.93</ele>
        <time>2025-10-12T17:59:13.455Z</time>
      </trkpt>
      <trkpt lat="31.83605955" lon="35.34610656">
        <ele>106.28</ele>
        <time>2025-10-12T17:59:19.465Z</time>
      </trkpt>
      <trkpt lat="31.83610632" lon="35.34609089">
        <ele>106.65</ele>
        <time>2025-10-12T17:59:25.481Z</time>
      </trkpt>
      <trkpt lat="31.8361976" lon="35.34606759">
        <ele>107.03</ele>
        <time>2025-10-12T17:59:31.508Z</time>
      </trkpt>
      <trkpt lat="31.83622191" lon="35.34605619">
        <ele>107.4</ele>
        <time>2025-10-12T17:59:37.538Z</time>
      </trkpt>
      <trkpt lat="31.83630045" lon="35.3460266">
        <ele>107.79</ele>
        <time>2025-10-12T17:59:43.577Z</time>
      </trkpt>
      <trkpt lat="31.83635778" lon="35.34599835">
        <ele>108.16</ele>
        <time>2025-10-12T17:59:49.624Z</time>
      </trkpt>
      <trkpt lat="31.83643322" lon="35.3459888">
        <ele>108.55</ele>
        <time>2025-10-12T17:59:55.680Z</time>
      </trkpt>
      <trkpt lat="31.83648652" lon="35.34598553">
        <ele>108.92</ele>
        <time>2025-10-12T18:00:01.742Z</time>
      </trkpt>
      <trkpt lat="31.8365395" lon="35.34601092">
        <ele>109.3</ele>
        <time>2025-10-12T18:00:07.811Z</time>
      </trkpt>
      <trkpt lat="31.83659121" lon="35.34603766">
        <ele>109.68</ele>
        <time>2025-10-12T18:00:13.886Z</time>
      </trkpt>
      <trkpt lat="31.83664117" lon="35.34606499">
        <ele>110.05</ele>
        <time>2025-10-12T18:00:19.968Z</time>
      </trkpt>
      <trkpt lat="31.83668182" lon="35.34610229">
        <ele>110.43</ele>
        <time>2025-10-12T18:00:26.056Z</time>
      </trkpt>
      <trkpt lat="31.83669674" lon="35.34611444">
        <ele>110.76</ele>
        <time>2025-10-12T18:00:32.146Z</time>
      </trkpt>
      <trkpt lat="31.83680579" lon="35.34622097">
        <ele>111.16</ele>
        <time>2025-10-12T18:00:38.253Z</time>
      </trkpt>
      <trkpt lat="31.8368824" lon="35.34628778">
        <ele>111.45</ele>
        <time>2025-10-12T18:00:44.371Z</time>
      </trkpt>
      <trkpt lat="31.83701676" lon="35.34641032">
        <ele>111.74</ele>
        <time>2025-10-12T18:00:50.509Z</time>
      </trkpt>
      <trkpt lat="31.83702691" lon="35.34641845">
        <ele>111.98</ele>
        <time>2025-10-12T18:00:56.648Z</time>
      </trkpt>
      <trkpt lat="31.83711475" lon="35.34648777">
        <ele>112.21</ele>
        <time>2025-10-12T18:01:02.800Z</time>
      </trkpt>
      <trkpt lat="31.83720619" lon="35.34653848">
        <ele>112.38</ele>
        <time>2025-10-12T18:01:08.963Z</time>
      </trkpt>
      <trkpt lat="31.83728591" lon="35.34658617">
        <ele>112.53</ele>
        <time>2025-10-12T18:01:15.137Z</time>
      </trkpt>
      <trkpt lat="31.83731097" lon="35.34659833">
        <ele>112.66</ele>
        <time>2025-10-12T18:01:21.314Z</time>
      </trkpt>
      <trkpt lat="31.837388" lon="35.34662892">
        <ele>112.77</ele>
        <time>2025-10-12T18:01:27.501Z</time>
      </trkpt>
      <trkpt lat="31.83749822" lon="35.34665206">
        <ele>112.82</ele>
        <time>2025-10-12T18:01:33.701Z</time>
      </trkpt>
      <trkpt lat="31.83758941" lon="35.34666622">
        <ele>112.85</ele>
        <time>2025-10-12T18:01:39.912Z</time>
      </trkpt>
      <trkpt lat="31.83774037" lon="35.34674484">
        <ele>112.86</ele>
        <time>2025-10-12T18:01:46.142Z</time>
      </trkpt>
      <trkpt lat="31.83781606" lon="35.34682422">
        <ele>112.93</ele>
        <time>2025-10-12T18:01:52.384Z</time>
      </trkpt>
      <trkpt lat="31.83788706" lon="35.34692355">
        <ele>113.02</ele>
        <time>2025-10-12T18:01:58.639Z</time>
      </trkpt>
      <trkpt lat="31.83789577" lon="35.34693494">
        <ele>113.02</ele>
        <time>2025-10-12T18:02:04.896Z</time>
      </trkpt>
      <trkpt lat="31.83796501" lon="35.347046">
        <ele>113.09</ele>
        <time>2025-10-12T18:02:11.166Z</time>
      </trkpt>
      <trkpt lat="31.83801404" lon="35.34711063">
        <ele>113.1</ele>
        <time>2025-10-12T18:02:17.445Z</time>
      </trkpt>
      <trkpt lat="31.83808872" lon="35.34719051">
        <ele>113.08</ele>
        <time>2025-10-12T18:02:23.736Z</time>
      </trkpt>
      <trkpt lat="31.83819249" lon="35.34726695">
        <ele>112.96</ele>
        <time>2025-10-12T18:02:30.041Z</time>
      </trkpt>
      <trkpt lat="31.83836583" lon="35.34735236">
        <ele>112.69</ele>
        <time>2025-10-12T18:02:36.368Z</time>
      </trkpt>
      <trkpt lat="31.83846918" lon="35.34746996">
        <ele>112.57</ele>
        <time>2025-10-12T18:02:42.712Z</time>
      </trkpt>
      <trkpt lat="31.83850631" lon="35.34758647">
        <ele>112.46</ele>
        <time>2025-10-12T18:02:49.069Z</time>
      </trkpt>
      <trkpt lat="31.83851159" lon="35.34762997">
        <ele>112.4</ele>
        <time>2025-10-12T18:02:55.430Z</time>
      </trkpt>
      <trkpt lat="31.8385074" lon="35.34773081">
        <ele>112.39</ele>
        <time>2025-10-12T18:03:01.801Z</time>
      </trkpt>
      <trkpt lat="31.83850522" lon="35.34775662">
        <ele>112.35</ele>
        <time>2025-10-12T18:03:08.175Z</time>
      </trkpt>
      <trkpt lat="31.83850028" lon="35.34781337">
        <ele>112.34</ele>
        <time>2025-10-12T18:03:14.555Z</time>
      </trkpt>
      <trkpt lat="31.8384934" lon="35.34786416">
        <ele>112.33</ele>
        <time>2025-10-12T18:03:20.940Z</time>
      </trkpt>
      <trkpt lat="31.83847421" lon="35.3480287">
        <ele>112.36</ele>
        <time>2025-10-12T18:03:27.341Z</time>
      </trkpt>
      <trkpt lat="31.83847002" lon="35.34806516">
        <ele>112.37</ele>
        <time>2025-10-12T18:03:33.746Z</time>
      </trkpt>
      <trkpt lat="31.83846407" lon="35.34820053">
        <ele>112.44</ele>
        <time>2025-10-12T18:03:40.165Z</time>
      </trkpt>
      <trkpt lat="31.83846323" lon="35.34828669">
        <ele>112.5</ele>
        <time>2025-10-12T18:03:46.592Z</time>
      </trkpt>
      <trkpt lat="31.83847178" lon="35.34836967">
        <ele>112.57</ele>
        <time>2025-10-12T18:03:53.028Z</time>
      </trkpt>
      <trkpt lat="31.83848795" lon="35.34846037">
        <ele>112.65</ele>
        <time>2025-10-12T18:03:59.473Z</time>
      </trkpt>
      <trkpt lat="31.83849977" lon="35.34858593">
        <ele>112.77</ele>
        <time>2025-10-12T18:04:05.931Z</time>
      </trkpt>
      <trkpt lat="31.83851159" lon="35.34864242">
        <ele>112.85</ele>
        <time>2025-10-12T18:04:12.394Z</time>
      </trkpt>
      <trkpt lat="31.83853975" lon="35.34885323">
        <ele>112.93</ele>
        <time>2025-10-12T18:04:18.879Z</time>
      </trkpt>
      <trkpt lat="31.83854671" lon="35.34894358">
        <ele>113.1</ele>
        <time>2025-10-12T18:04:25.373Z</time>
      </trkpt>
      <trkpt lat="31.83855057" lon="35.34897007">
        <ele>113.26</ele>
        <time>2025-10-12T18:04:31.870Z</time>
      </trkpt>
      <trkpt lat="31.83857362" lon="35.3491155">
        <ele>113.31</ele>
        <time>2025-10-12T18:04:38.381Z</time>
      </trkpt>
      <trkpt lat="31.8385799" lon="35.3492258">
        <ele>113.58</ele>
        <time>2025-10-12T18:04:44.903Z</time>
      </trkpt>
      <trkpt lat="31.83858133" lon="35.34923385">
        <ele>113.81</ele>
        <time>2025-10-12T18:04:51.426Z</time>
      </trkpt>
      <trkpt lat="31.83858275" lon="35.34923846">
        <ele>114.06</ele>
        <time>2025-10-12T18:04:57.950Z</time>
      </trkpt>
      <trkpt lat="31.83859105" lon="35.34926352">
        <ele>114.35</ele>
        <time>2025-10-12T18:05:04.476Z</time>
      </trkpt>
      <trkpt lat="31.83858921" lon="35.34932538">
        <ele>114.68</ele>
        <time>2025-10-12T18:05:11.009Z</time>
      </trkpt>
      <trkpt lat="31.83857647" lon="35.34935245">
        <ele>115.03</ele>
        <time>2025-10-12T18:05:17.545Z</time>
      </trkpt>
      <trkpt lat="31.83854529" lon="35.34938791">
        <ele>115.41</ele>
        <time>2025-10-12T18:05:24.086Z</time>
      </trkpt>
      <trkpt lat="31.83854411" lon="35.34939042">
        <ele>115.82</ele>
        <time>2025-10-12T18:05:30.627Z</time>
      </trkpt>
      <trkpt lat="31.83854378" lon="35.34938942">
        <ele>116.27</ele>
        <time>2025-10-12T18:05:37.168Z</time>
      </trkpt>
      <trkpt lat="31.83852836" lon="35.34942227">
        <ele>116.77</ele>
        <time>2025-10-12T18:05:43.713Z</time>
      </trkpt>
      <trkpt lat="31.83842911" lon="35.3495423">
        <ele>117.36</ele>
        <time>2025-10-12T18:05:50.275Z</time>
      </trkpt>
      <trkpt lat="31.83840171" lon="35.34958455">
        <ele>117.97</ele>
        <time>2025-10-12T18:05:56.842Z</time>
      </trkpt>
      <trkpt lat="31.83835493" lon="35.34961632">
        <ele>118.62</ele>
        <time>2025-10-12T18:06:03.415Z</time>
      </trkpt>
      <trkpt lat="31.83828947" lon="35.34967021">
        <ele>119.24</ele>
        <time>2025-10-12T18:06:09.998Z</time>
      </trkpt>
      <trkpt lat="31.83822669" lon="35.34972989">
        <ele>119.95</ele>
        <time>2025-10-12T18:06:16.590Z</time>
      </trkpt>
      <trkpt lat="31.83813323" lon="35.34980114">
        <ele>120.66</ele>
        <time>2025-10-12T18:06:23.195Z</time>
      </trkpt>
      <trkpt lat="31.83810507" lon="35.34982477">
        <ele>121.42</ele>
        <time>2025-10-12T18:06:29.804Z</time>
      </trkpt>
      <trkpt lat="31.83809493" lon="35.34983408">
        <ele>122.2</ele>
        <time>2025-10-12T18:06:36.415Z</time>
      </trkpt>
      <trkpt lat="31.83799242" lon="35.3499163">
        <ele>123.02</ele>
        <time>2025-10-12T18:06:43.041Z</time>
      </trkpt>
      <trkpt lat="31.83786476" lon="35.34998638">
        <ele>123.86</ele>
        <time>2025-10-12T18:06:49.683Z</time>
      </trkpt>
      <trkpt lat="31.83779125" lon="35.35008159">
        <ele>124.85</ele>
        <time>2025-10-12T18:06:56.338Z</time>
      </trkpt>
      <trkpt lat="31.83777692" lon="35.35016625">
        <ele>125.78</ele>
        <time>2025-10-12T18:07:03.002Z</time>
      </trkpt>
      <trkpt lat="31.83780265" lon="35.35026398">
        <ele>126.7</ele>
        <time>2025-10-12T18:07:09.676Z</time>
      </trkpt>
      <trkpt lat="31.83783643" lon="35.35034127">
        <ele>127.65</ele>
        <time>2025-10-12T18:07:16.359Z</time>
      </trkpt>
      <trkpt lat="31.8378464" lon="35.35036809">
        <ele>128.61</ele>
        <time>2025-10-12T18:07:23.045Z</time>
      </trkpt>
      <trkpt lat="31.83790424" lon="35.35050823">
        <ele>129.67</ele>
        <time>2025-10-12T18:07:29.746Z</time>
      </trkpt>
      <trkpt lat="31.83793911" lon="35.35067218">
        <ele>130.76</ele>
        <time>2025-10-12T18:07:36.464Z</time>
      </trkpt>
      <trkpt lat="31.83796325" lon="35.35079867">
        <ele>131.85</ele>
        <time>2025-10-12T18:07:43.195Z</time>
      </trkpt>
      <trkpt lat="31.83800558" lon="35.35098508">
        <ele>132.91</ele>
        <time>2025-10-12T18:07:49.945Z</time>
      </trkpt>
      <trkpt lat="31.83801396" lon="35.35103629">
        <ele>133.93</ele>
        <time>2025-10-12T18:07:56.701Z</time>
      </trkpt>
      <trkpt lat="31.83804011" lon="35.35116596">
        <ele>135.02</ele>
        <time>2025-10-12T18:08:03.470Z</time>
      </trkpt>
      <trkpt lat="31.83808638" lon="35.35131776">
        <ele>136.13</ele>
        <time>2025-10-12T18:08:10.255Z</time>
      </trkpt>
      <trkpt lat="31.83811806" lon="35.35143267">
        <ele>137.22</ele>
        <time>2025-10-12T18:08:17.052Z</time>
      </trkpt>
      <trkpt lat="31.83816768" lon="35.35151356">
        <ele>138.27</ele>
        <time>2025-10-12T18:08:23.859Z</time>
      </trkpt>
      <trkpt lat="31.83817749" lon="35.35152026">
        <ele>139.28</ele>
        <time>2025-10-12T18:08:30.668Z</time>
      </trkpt>
      <trkpt lat="31.83827036" lon="35.35152437">
        <ele>140.3</ele>
        <time>2025-10-12T18:08:37.487Z</time>
      </trkpt>
      <trkpt lat="31.83833691" lon="35.35147777">
        <ele>141.27</ele>
        <time>2025-10-12T18:08:44.316Z</time>
      </trkpt>
      <trkpt lat="31.8383556" lon="35.3513517">
        <ele>142.17</ele>
        <time>2025-10-12T18:08:51.157Z</time>
      </trkpt>
      <trkpt lat="31.83834295" lon="35.35121961">
        <ele>143.05</ele>
        <time>2025-10-12T18:08:58.012Z</time>
      </trkpt>
      <trkpt lat="31.8383266" lon="35.35112958">
        <ele>143.99</ele>
        <time>2025-10-12T18:09:04.876Z</time>
      </trkpt>
      <trkpt lat="31.83832199" lon="35.35103353">
        <ele>144.93</ele>
        <time>2025-10-12T18:09:11.750Z</time>
      </trkpt>
      <trkpt lat="31.8383178" lon="35.35098609">
        <ele>145.89</ele>
        <time>2025-10-12T18:09:18.628Z</time>
      </trkpt>
      <trkpt lat="31.83833406" lon="35.35085558">
        <ele>146.83</ele>
        <time>2025-10-12T18:09:25.520Z</time>
      </trkpt>
      <trkpt lat="31.83840556" lon="35.35071946">
        <ele>147.81</ele>
        <time>2025-10-12T18:09:32.428Z</time>
      </trkpt>
      <trkpt lat="31.83851092" lon="35.35063681">
        <ele>148.88</ele>
        <time>2025-10-12T18:09:39.350Z</time>
      </trkpt>
      <trkpt lat="31.83861913" lon="35.35065064">
        <ele>150.03</ele>
        <time>2025-10-12T18:09:46.285Z</time>
      </trkpt>
      <trkpt lat="31.83873539" lon="35.35077511">
        <ele>151.28</ele>
        <time>2025-10-12T18:09:53.239Z</time>
      </trkpt>
      <trkpt lat="31.83875743" lon="35.35082608">
        <ele>152.31</ele>
        <time>2025-10-12T18:10:00.198Z</time>
      </trkpt>
      <trkpt lat="31.83877269" lon="35.35089104">
        <ele>153.3</ele>
        <time>2025-10-12T18:10:07.164Z</time>
      </trkpt>
      <trkpt lat="31.83877839" lon="35.35100771">
        <ele>154.28</ele>
        <time>2025-10-12T18:10:14.142Z</time>
      </trkpt>
      <trkpt lat="31.83876271" lon="35.35114811">
        <ele>155.21</ele>
        <time>2025-10-12T18:10:21.134Z</time>
      </trkpt>
      <trkpt lat="31.8387628" lon="35.35116378">
        <ele>156.05</ele>
        <time>2025-10-12T18:10:28.128Z</time>
      </trkpt>
      <trkpt lat="31.83876255" lon="35.35131088">
        <ele>156.88</ele>
        <time>2025-10-12T18:10:35.136Z</time>
      </trkpt>
      <trkpt lat="31.83876322" lon="35.3513222">
        <ele>157.62</ele>
        <time>2025-10-12T18:10:42.146Z</time>
      </trkpt>
      <trkpt lat="31.83877571" lon="35.35141474">
        <ele>158.37</ele>
        <time>2025-10-12T18:10:49.165Z</time>
      </trkpt>
      <trkpt lat="31.83882264" lon="35.35158338">
        <ele>159.13</ele>
        <time>2025-10-12T18:10:56.202Z</time>
      </trkpt>
      <trkpt lat="31.83883673" lon="35.35170634">
        <ele>159.74</ele>
        <time>2025-10-12T18:11:03.251Z</time>
      </trkpt>
      <trkpt lat="31.83883547" lon="35.35175362">
        <ele>160.2</ele>
        <time>2025-10-12T18:11:10.305Z</time>
      </trkpt>
      <trkpt lat="31.83883295" lon="35.35181212">
        <ele>160.59</ele>
        <time>2025-10-12T18:11:17.365Z</time>
      </trkpt>
      <trkpt lat="31.83880982" lon="35.35194254">
        <ele>160.86</ele>
        <time>2025-10-12T18:11:24.438Z</time>
      </trkpt>
      <trkpt lat="31.83877797" lon="35.35207272">
        <ele>161.05</ele>
        <time>2025-10-12T18:11:31.525Z</time>
      </trkpt>
      <trkpt lat="31.83876087" lon="35.35211412">
        <ele>161.16</ele>
        <time>2025-10-12T18:11:38.616Z</time>
      </trkpt>
      <trkpt lat="31.83871318" lon="35.35217372">
        <ele>161.16</ele>
        <time>2025-10-12T18:11:45.716Z</time>
      </trkpt>
      <trkpt lat="31.83867688" lon="35.35221462">
        <ele>161.03</ele>
        <time>2025-10-12T18:11:52.821Z</time>
      </trkpt>
      <trkpt lat="31.83862542" lon="35.35226047">
        <ele>160.79</ele>
        <time>2025-10-12T18:11:59.934Z</time>
      </trkpt>
      <trkpt lat="31.83856063" lon="35.35235913">
        <ele>160.44</ele>
        <time>2025-10-12T18:12:07.060Z</time>
      </trkpt>
      <trkpt lat="31.83858267" lon="35.35235678">
        <ele>160.1</ele>
        <time>2025-10-12T18:12:14.188Z</time>
      </trkpt>
      <trkpt lat="31.83859248" lon="35.35236005">
        <ele>159.66</ele>
        <time>2025-10-12T18:12:21.317Z</time>
      </trkpt>
      <trkpt lat="31.83860363" lon="35.35237497">
        <ele>159.14</ele>
        <time>2025-10-12T18:12:28.448Z</time>
      </trkpt>
      <trkpt lat="31.83855032" lon="35.35241839">
        <ele>158.51</ele>
        <time>2025-10-12T18:12:35.587Z</time>
      </trkpt>
      <trkpt lat="31.83853313" lon="35.35244118">
        <ele>157.81</ele>
        <time>2025-10-12T18:12:42.729Z</time>
      </trkpt>
      <trkpt lat="31.83851209" lon="35.3524727">
        <ele>157.02</ele>
        <time>2025-10-12T18:12:49.875Z</time>
      </trkpt>
      <trkpt lat="31.83846306" lon="35.35255459">
        <ele>156.11</ele>
        <time>2025-10-12T18:12:57.031Z</time>
      </trkpt>
      <trkpt lat="31.83844001" lon="35.35260656">
        <ele>155.18</ele>
        <time>2025-10-12T18:13:04.193Z</time>
      </trkpt>
      <trkpt lat="31.83844546" lon="35.35263715">
        <ele>154.19</ele>
        <time>2025-10-12T18:13:11.358Z</time>
      </trkpt>
      <trkpt lat="31.83845703" lon="35.35272248">
        <ele>153.13</ele>
        <time>2025-10-12T18:13:18.532Z</time>
      </trkpt>
      <trkpt lat="31.83846692" lon="35.35275961">
        <ele>152.01</ele>
        <time>2025-10-12T18:13:25.710Z</time>
      </trkpt>
      <trkpt lat="31.83848091" lon="35.35280672">
        <ele>150.82</ele>
        <time>2025-10-12T18:13:32.893Z</time>
      </trkpt>
      <trkpt lat="31.83849877" lon="35.35287771">
        <ele>149.57</ele>
        <time>2025-10-12T18:13:40.083Z</time>
      </trkpt>
      <trkpt lat="31.8385152" lon="35.35293303">
        <ele>148.3</ele>
        <time>2025-10-12T18:13:47.279Z</time>
      </trkpt>
      <trkpt lat="31.83854118" lon="35.35302532">
        <ele>146.96</ele>
        <time>2025-10-12T18:13:54.485Z</time>
      </trkpt>
      <trkpt lat="31.83857831" lon="35.35309615">
        <ele>145.63</ele>
        <time>2025-10-12T18:14:01.699Z</time>
      </trkpt>
      <trkpt lat="31.83864118" lon="35.35319606">
        <ele>144.26</ele>
        <time>2025-10-12T18:14:08.925Z</time>
      </trkpt>
      <trkpt lat="31.83872877" lon="35.35331542">
        <ele>142.88</ele>
        <time>2025-10-12T18:14:16.167Z</time>
      </trkpt>
      <trkpt lat="31.83876632" lon="35.35341483">
        <ele>141.59</ele>
        <time>2025-10-12T18:14:23.420Z</time>
      </trkpt>
      <trkpt lat="31.83881728" lon="35.35349035">
        <ele>140.32</ele>
        <time>2025-10-12T18:14:30.683Z</time>
      </trkpt>
      <trkpt lat="31.83887964" lon="35.3536082">
        <ele>139.04</ele>
        <time>2025-10-12T18:14:37.960Z</time>
      </trkpt>
      <trkpt lat="31.83888861" lon="35.35362932">
        <ele>137.85</ele>
        <time>2025-10-12T18:14:45.239Z</time>
      </trkpt>
      <trkpt lat="31.83889942" lon="35.35369269">
        <ele>136.67</ele>
        <time>2025-10-12T18:14:52.524Z</time>
      </trkpt>
      <trkpt lat="31.83891107" lon="35.35381917">
        <ele>135.49</ele>
        <time>2025-10-12T18:14:59.822Z</time>
      </trkpt>
      <trkpt lat="31.83892356" lon="35.35396862">
        <ele>134.34</ele>
        <time>2025-10-12T18:15:07.135Z</time>
      </trkpt>
      <trkpt lat="31.83899347" lon="35.35408949">
        <ele>133.25</ele>
        <time>2025-10-12T18:15:14.463Z</time>
      </trkpt>
      <trkpt lat="31.83903923" lon="35.35422971">
        <ele>132.26</ele>
        <time>2025-10-12T18:15:21.806Z</time>
      </trkpt>
      <trkpt lat="31.83903672" lon="35.35425696">
        <ele>131.33</ele>
        <time>2025-10-12T18:15:29.152Z</time>
      </trkpt>
      <trkpt lat="31.83903697" lon="35.35425997">
        <ele>130.45</ele>
        <time>2025-10-12T18:15:36.498Z</time>
      </trkpt>
      <trkpt lat="31.83903303" lon="35.35426534">
        <ele>129.62</ele>
        <time>2025-10-12T18:15:43.845Z</time>
      </trkpt>
      <trkpt lat="31.83903521" lon="35.35432912">
        <ele>128.82</ele>
        <time>2025-10-12T18:15:51.198Z</time>
      </trkpt>
      <trkpt lat="31.8390368" lon="35.35448067">
        <ele>128.05</ele>
        <time>2025-10-12T18:15:58.566Z</time>
      </trkpt>
      <trkpt lat="31.83904736" lon="35.35450447">
        <ele>127.34</ele>
        <time>2025-10-12T18:16:05.937Z</time>
      </trkpt>
      <trkpt lat="31.83907276" lon="35.35459299">
        <ele>126.68</ele>
        <time>2025-10-12T18:16:13.317Z</time>
      </trkpt>
      <trkpt lat="31.83909832" lon="35.35466465">
        <ele>126.05</ele>
        <time>2025-10-12T18:16:20.705Z</time>
      </trkpt>
      <trkpt lat="31.83909774" lon="35.35472601">
        <ele>125.42</ele>
        <time>2025-10-12T18:16:28.099Z</time>
      </trkpt>
      <trkpt lat="31.83911174" lon="35.35476984">
        <ele>124.8</ele>
        <time>2025-10-12T18:16:35.498Z</time>
      </trkpt>
      <trkpt lat="31.83913403" lon="35.3548421">
        <ele>124.2</ele>
        <time>2025-10-12T18:16:42.905Z</time>
      </trkpt>
      <trkpt lat="31.83913378" lon="35.35485626">
        <ele>123.65</ele>
        <time>2025-10-12T18:16:50.313Z</time>
      </trkpt>
      <trkpt lat="31.8391399" lon="35.35488853">
        <ele>123.11</ele>
        <time>2025-10-12T18:16:57.724Z</time>
      </trkpt>
      <trkpt lat="31.83915205" lon="35.35493664">
        <ele>122.58</ele>
        <time>2025-10-12T18:17:05.140Z</time>
      </trkpt>
      <trkpt lat="31.83916823" lon="35.35497277">
        <ele>122.04</ele>
        <time>2025-10-12T18:17:12.560Z</time>
      </trkpt>
      <trkpt lat="31.83918759" lon="35.35500529">
        <ele>121.5</ele>
        <time>2025-10-12T18:17:19.984Z</time>
      </trkpt>
      <trkpt lat="31.8391948" lon="35.35502885">
        <ele>120.97</ele>
        <time>2025-10-12T18:17:27.411Z</time>
      </trkpt>
      <trkpt lat="31.83921056" lon="35.35507218">
        <ele>120.43</ele>
        <time>2025-10-12T18:17:34.843Z</time>
      </trkpt>
      <trkpt lat="31.83926697" lon="35.35520294">
        <ele>119.85</ele>
        <time>2025-10-12T18:17:42.289Z</time>
      </trkpt>
      <trkpt lat="31.83933495" lon="35.35531425">
        <ele>119.25</ele>
        <time>2025-10-12T18:17:49.749Z</time>
      </trkpt>
      <trkpt lat="31.83943109" lon="35.35535767">
        <ele>118.64</ele>
        <time>2025-10-12T18:17:57.221Z</time>
      </trkpt>
      <trkpt lat="31.83947291" lon="35.3553725">
        <ele>118.06</ele>
        <time>2025-10-12T18:18:04.698Z</time>
      </trkpt>
      <trkpt lat="31.83949714" lon="35.35537753">
        <ele>117.49</ele>
        <time>2025-10-12T18:18:12.178Z</time>
      </trkpt>
      <trkpt lat="31.83954491" lon="35.3553912">
        <ele>116.89</ele>
        <time>2025-10-12T18:18:19.664Z</time>
      </trkpt>
      <trkpt lat="31.83958246" lon="35.3554072">
        <ele>116.3</ele>
        <time>2025-10-12T18:18:27.155Z</time>
      </trkpt>
      <trkpt lat="31.83971582" lon="35.35549186">
        <ele>115.63</ele>
        <time>2025-10-12T18:18:34.663Z</time>
      </trkpt>
      <trkpt lat="31.83980978" lon="35.35558113">
        <ele>114.96</ele>
        <time>2025-10-12T18:18:42.186Z</time>
      </trkpt>
      <trkpt lat="31.83982948" lon="35.35561692">
        <ele>114.34</ele>
        <time>2025-10-12T18:18:49.713Z</time>
      </trkpt>
      <trkpt lat="31.83991162" lon="35.35576126">
        <ele>113.62</ele>
        <time>2025-10-12T18:18:57.257Z</time>
      </trkpt>
      <trkpt lat="31.84000458" lon="35.35591456">
        <ele>112.88</ele>
        <time>2025-10-12T18:19:04.820Z</time>
      </trkpt>
      <trkpt lat="31.83999846" lon="35.35601472">
        <ele>112.27</ele>
        <time>2025-10-12T18:19:12.393Z</time>
      </trkpt>
      <trkpt lat="31.8399376" lon="35.35612294">
        <ele>111.71</ele>
        <time>2025-10-12T18:19:19.979Z</time>
      </trkpt>
      <trkpt lat="31.83984867" lon="35.3561858">
        <ele>111.23</ele>
        <time>2025-10-12T18:19:27.577Z</time>
      </trkpt>
      <trkpt lat="31.83981582" lon="35.3562055">
        <ele>110.73</ele>
        <time>2025-10-12T18:19:35.180Z</time>
      </trkpt>
      <trkpt lat="31.83973937" lon="35.35631597">
        <ele>110.32</ele>
        <time>2025-10-12T18:19:42.797Z</time>
      </trkpt>
      <trkpt lat="31.83972512" lon="35.35638764">
        <ele>109.83</ele>
        <time>2025-10-12T18:19:50.421Z</time>
      </trkpt>
      <trkpt lat="31.83973107" lon="35.35646274">
        <ele>109.27</ele>
        <time>2025-10-12T18:19:58.053Z</time>
      </trkpt>
      <trkpt lat="31.8397413" lon="35.35666189">
        <ele>108.71</ele>
        <time>2025-10-12T18:20:05.705Z</time>
      </trkpt>
      <trkpt lat="31.8397532" lon="35.35683791">
        <ele>108.15</ele>
        <time>2025-10-12T18:20:13.375Z</time>
      </trkpt>
      <trkpt lat="31.83977592" lon="35.35696456">
        <ele>107.53</ele>
        <time>2025-10-12T18:20:21.058Z</time>
      </trkpt>
      <trkpt lat="31.83978698" lon="35.3570203">
        <ele>106.97</ele>
        <time>2025-10-12T18:20:28.746Z</time>
      </trkpt>
      <trkpt lat="31.83978975" lon="35.35702533">
        <ele>106.43</ele>
        <time>2025-10-12T18:20:36.435Z</time>
      </trkpt>
      <trkpt lat="31.83979176" lon="35.35703564">
        <ele>105.88</ele>
        <time>2025-10-12T18:20:44.125Z</time>
      </trkpt>
      <trkpt lat="31.83978564" lon="35.35710027">
        <ele>105.34</ele>
        <time>2025-10-12T18:20:51.822Z</time>
      </trkpt>
      <trkpt lat="31.83977097" lon="35.35715634">
        <ele>104.79</ele>
        <time>2025-10-12T18:20:59.524Z</time>
      </trkpt>
      <trkpt lat="31.83974465" lon="35.35721275">
        <ele>104.22</ele>
        <time>2025-10-12T18:21:07.233Z</time>
      </trkpt>
      <trkpt lat="31.83966083" lon="35.3573161">
        <ele>103.71</ele>
        <time>2025-10-12T18:21:14.956Z</time>
      </trkpt>
      <trkpt lat="31.83958305" lon="35.35742607">
        <ele>102.97</ele>
        <time>2025-10-12T18:21:22.693Z</time>
      </trkpt>
      <trkpt lat="31.83955631" lon="35.35745641">
        <ele>102.33</ele>
        <time>2025-10-12T18:21:30.435Z</time>
      </trkpt>
      <trkpt lat="31.8394901" lon="35.35761064">
        <ele>101.63</ele>
        <time>2025-10-12T18:21:38.194Z</time>
      </trkpt>
      <trkpt lat="31.83947593" lon="35.35763503">
        <ele>100.99</ele>
        <time>2025-10-12T18:21:45.956Z</time>
      </trkpt>
      <trkpt lat="31.83935917" lon="35.35771323">
        <ele>100.28</ele>
        <time>2025-10-12T18:21:53.734Z</time>
      </trkpt>
      <trkpt lat="31.83920017" lon="35.35779512">
        <ele>99.55</ele>
        <time>2025-10-12T18:22:01.532Z</time>
      </trkpt>
      <trkpt lat="31.83911467" lon="35.35784097">
        <ele>98.87</ele>
        <time>2025-10-12T18:22:09.341Z</time>
      </trkpt>
      <trkpt lat="31.83906874" lon="35.35786495">
        <ele>98.18</ele>
        <time>2025-10-12T18:22:17.156Z</time>
      </trkpt>
      <trkpt lat="31.83894276" lon="35.35793552">
        <ele>97.43</ele>
        <time>2025-10-12T18:22:24.988Z</time>
      </trkpt>
      <trkpt lat="31.83885508" lon="35.35795027">
        <ele>96.74</ele>
        <time>2025-10-12T18:22:32.830Z</time>
      </trkpt>
      <trkpt lat="31.83884586" lon="35.35795849">
        <ele>96.04</ele>
        <time>2025-10-12T18:22:40.673Z</time>
      </trkpt>
      <trkpt lat="31.83882608" lon="35.35798799">
        <ele>95.3</ele>
        <time>2025-10-12T18:22:48.520Z</time>
      </trkpt>
      <trkpt lat="31.8388094" lon="35.3580004">
        <ele>94.57</ele>
        <time>2025-10-12T18:22:56.369Z</time>
      </trkpt>
      <trkpt lat="31.83877914" lon="35.35800677">
        <ele>93.85</ele>
        <time>2025-10-12T18:23:04.222Z</time>
      </trkpt>
      <trkpt lat="31.83875232" lon="35.35801783">
        <ele>93.11</ele>
        <time>2025-10-12T18:23:12.078Z</time>
      </trkpt>
      <trkpt lat="31.83869474" lon="35.35805823">
        <ele>92.3</ele>
        <time>2025-10-12T18:23:19.942Z</time>
      </trkpt>
      <trkpt lat="31.83867898" lon="35.35807827">
        <ele>91.52</ele>
        <time>2025-10-12T18:23:27.809Z</time>
      </trkpt>
      <trkpt lat="31.83865073" lon="35.3581278">
        <ele>90.68</ele>
        <time>2025-10-12T18:23:35.682Z</time>
      </trkpt>
      <trkpt lat="31.83863229" lon="35.35814482">
        <ele>89.9</ele>
        <time>2025-10-12T18:23:43.558Z</time>
      </trkpt>
      <trkpt lat="31.83861502" lon="35.35815613">
        <ele>89.13</ele>
        <time>2025-10-12T18:23:51.436Z</time>
      </trkpt>
      <trkpt lat="31.83858468" lon="35.35817298">
        <ele>88.35</ele>
        <time>2025-10-12T18:23:59.318Z</time>
      </trkpt>
      <trkpt lat="31.83852961" lon="35.35821313">
        <ele>87.54</ele>
        <time>2025-10-12T18:24:07.208Z</time>
      </trkpt>
      <trkpt lat="31.83846457" lon="35.35829008">
        <ele>86.63</ele>
        <time>2025-10-12T18:24:15.108Z</time>
      </trkpt>
      <trkpt lat="31.83841512" lon="35.35832494">
        <ele>85.83</ele>
        <time>2025-10-12T18:24:23.015Z</time>
      </trkpt>
      <trkpt lat="31.8383168" lon="35.35839133">
        <ele>85.06</ele>
        <time>2025-10-12T18:24:30.936Z</time>
      </trkpt>
      <trkpt lat="31.83829836" lon="35.35840457">
        <ele>84.29</ele>
        <time>2025-10-12T18:24:38.859Z</time>
      </trkpt>
      <trkpt lat="31.83827363" lon="35.35843307">
        <ele>83.51</ele>
        <time>2025-10-12T18:24:46.786Z</time>
      </trkpt>
      <trkpt lat="31.83823298" lon="35.3584609">
        <ele>82.75</ele>
        <time>2025-10-12T18:24:54.719Z</time>
      </trkpt>
      <trkpt lat="31.83820205" lon="35.35848663">
        <ele>81.98</ele>
        <time>2025-10-12T18:25:02.656Z</time>
      </trkpt>
      <trkpt lat="31.83818948" lon="35.35849451">
        <ele>81.25</ele>
        <time>2025-10-12T18:25:10.595Z</time>
      </trkpt>
      <trkpt lat="31.83812552" lon="35.35854639">
        <ele>80.48</ele>
        <time>2025-10-12T18:25:18.543Z</time>
      </trkpt>
      <trkpt lat="31.83809032" lon="35.35857841">
        <ele>79.76</ele>
        <time>2025-10-12T18:25:26.496Z</time>
      </trkpt>
      <trkpt lat="31.83803625" lon="35.35860993">
        <ele>79.11</ele>
        <time>2025-10-12T18:25:34.456Z</time>
      </trkpt>
      <trkpt lat="31.83796149" lon="35.35869744">
        <ele>78.41</ele>
        <time>2025-10-12T18:25:42.429Z</time>
      </trkpt>
      <trkpt lat="31.83795579" lon="35.3587075">
        <ele>77.79</ele>
        <time>2025-10-12T18:25:50.403Z</time>
      </trkpt>
      <trkpt lat="31.83785328" lon="35.35885443">
        <ele>77.11</ele>
        <time>2025-10-12T18:25:58.396Z</time>
      </trkpt>
      <trkpt lat="31.83779586" lon="35.35899022">
        <ele>76.41</ele>
        <time>2025-10-12T18:26:06.404Z</time>
      </trkpt>
      <trkpt lat="31.83778983" lon="35.35901528">
        <ele>75.84</ele>
        <time>2025-10-12T18:26:14.415Z</time>
      </trkpt>
      <trkpt lat="31.83769662" lon="35.35913581">
        <ele>75.37</ele>
        <time>2025-10-12T18:26:22.442Z</time>
      </trkpt>
      <trkpt lat="31.83763744" lon="35.35924452">
        <ele>74.91</ele>
        <time>2025-10-12T18:26:30.482Z</time>
      </trkpt>
      <trkpt lat="31.83762847" lon="35.35930068">
        <ele>74.44</ele>
        <time>2025-10-12T18:26:38.528Z</time>
      </trkpt>
      <trkpt lat="31.83765806" lon="35.35938065">
        <ele>73.93</ele>
        <time>2025-10-12T18:26:46.582Z</time>
      </trkpt>
      <trkpt lat="31.83765857" lon="35.3593819">
        <ele>73.56</ele>
        <time>2025-10-12T18:26:54.637Z</time>
      </trkpt>
      <trkpt lat="31.83765932" lon="35.35938257">
        <ele>73.23</ele>
        <time>2025-10-12T18:27:02.692Z</time>
      </trkpt>
      <trkpt lat="31.83765974" lon="35.35938241">
        <ele>72.94</ele>
        <time>2025-10-12T18:27:10.747Z</time>
      </trkpt>
      <trkpt lat="31.83762856" lon="35.35942976">
        <ele>72.7</ele>
        <time>2025-10-12T18:27:18.808Z</time>
      </trkpt>
      <trkpt lat="31.83759721" lon="35.35954728">
        <ele>72.51</ele>
        <time>2025-10-12T18:27:26.881Z</time>
      </trkpt>
      <trkpt lat="31.83761037" lon="35.35968943">
        <ele>72.26</ele>
        <time>2025-10-12T18:27:34.968Z</time>
      </trkpt>
      <trkpt lat="31.83762412" lon="35.35976152">
        <ele>72.1</ele>
        <time>2025-10-12T18:27:43.063Z</time>
      </trkpt>
      <trkpt lat="31.83763116" lon="35.35978767">
        <ele>71.95</ele>
        <time>2025-10-12T18:27:51.160Z</time>
      </trkpt>
      <trkpt lat="31.83763476" lon="35.35983042">
        <ele>71.84</ele>
        <time>2025-10-12T18:27:59.262Z</time>
      </trkpt>
      <trkpt lat="31.83763384" lon="35.35984324">
        <ele>71.74</ele>
        <time>2025-10-12T18:28:07.365Z</time>
      </trkpt>
      <trkpt lat="31.83762462" lon="35.35995103">
        <ele>71.73</ele>
        <time>2025-10-12T18:28:15.479Z</time>
      </trkpt>
      <trkpt lat="31.83763686" lon="35.35997274">
        <ele>71.63</ele>
        <time>2025-10-12T18:28:23.596Z</time>
      </trkpt>
      <trkpt lat="31.83765421" lon="35.35999789">
        <ele>71.53</ele>
        <time>2025-10-12T18:28:31.716Z</time>
      </trkpt>
      <trkpt lat="31.83767365" lon="35.36003603">
        <ele>71.45</ele>
        <time>2025-10-12T18:28:39.840Z</time>
      </trkpt>
      <trkpt lat="31.83774892" lon="35.36015186">
        <ele>71.28</ele>
        <time>2025-10-12T18:28:47.979Z</time>
      </trkpt>
      <trkpt lat="31.83776082" lon="35.36021138">
        <ele>71.22</ele>
        <time>2025-10-12T18:28:56.124Z</time>
      </trkpt>
      <trkpt lat="31.83778044" lon="35.36028405">
        <ele>71.16</ele>
        <time>2025-10-12T18:29:04.277Z</time>
      </trkpt>
      <trkpt lat="31.83780542" lon="35.36033157">
        <ele>71.09</ele>
        <time>2025-10-12T18:29:12.435Z</time>
      </trkpt>
      <trkpt lat="31.83782562" lon="35.36037918">
        <ele>71.02</ele>
        <time>2025-10-12T18:29:20.599Z</time>
      </trkpt>
      <trkpt lat="31.83785655" lon="35.36044716">
        <ele>70.95</ele>
        <time>2025-10-12T18:29:28.770Z</time>
      </trkpt>
      <trkpt lat="31.83790365" lon="35.36054548">
        <ele>70.89</ele>
        <time>2025-10-12T18:29:36.953Z</time>
      </trkpt>
      <trkpt lat="31.83797423" lon="35.36073617">
        <ele>70.9</ele>
        <time>2025-10-12T18:29:45.156Z</time>
      </trkpt>
      <trkpt lat="31.8380536" lon="35.3608391">
        <ele>70.81</ele>
        <time>2025-10-12T18:29:53.373Z</time>
      </trkpt>
      <trkpt lat="31.83808185" lon="35.36086508">
        <ele>70.73</ele>
        <time>2025-10-12T18:30:01.594Z</time>
      </trkpt>
      <trkpt lat="31.8381246" lon="35.36093172">
        <ele>70.64</ele>
        <time>2025-10-12T18:30:09.824Z</time>
      </trkpt>
      <trkpt lat="31.8381365" lon="35.36095493">
        <ele>70.57</ele>
        <time>2025-10-12T18:30:18.057Z</time>
      </trkpt>
      <trkpt lat="31.83814681" lon="35.36107396">
        <ele>70.55</ele>
        <time>2025-10-12T18:30:26.302Z</time>
      </trkpt>
      <trkpt lat="31.83812485" lon="35.36118678">
        <ele>70.53</ele>
        <time>2025-10-12T18:30:34.558Z</time>
      </trkpt>
      <trkpt lat="31.83813633" lon="35.36123062">
        <ele>70.42</ele>
        <time>2025-10-12T18:30:42.819Z</time>
      </trkpt>
      <trkpt lat="31.83815184" lon="35.36125501">
        <ele>70.3</ele>
        <time>2025-10-12T18:30:51.083Z</time>
      </trkpt>
      <trkpt lat="31.83823373" lon="35.36128736">
        <ele>70.17</ele>
        <time>2025-10-12T18:30:59.357Z</time>
      </trkpt>
      <trkpt lat="31.83833968" lon="35.36128233">
        <ele>70.02</ele>
        <time>2025-10-12T18:31:07.643Z</time>
      </trkpt>
      <trkpt lat="31.83840481" lon="35.36129273">
        <ele>69.86</ele>
        <time>2025-10-12T18:31:15.937Z</time>
      </trkpt>
      <trkpt lat="31.83848259" lon="35.36128451">
        <ele>69.72</ele>
        <time>2025-10-12T18:31:24.240Z</time>
      </trkpt>
      <trkpt lat="31.83852961" lon="35.36125685">
        <ele>69.56</ele>
        <time>2025-10-12T18:31:32.549Z</time>
      </trkpt>
      <trkpt lat="31.83852517" lon="35.36122626">
        <ele>69.39</ele>
        <time>2025-10-12T18:31:40.862Z</time>
      </trkpt>
      <trkpt lat="31.83856985" lon="35.36118728">
        <ele>69.22</ele>
        <time>2025-10-12T18:31:49.181Z</time>
      </trkpt>
      <trkpt lat="31.83861243" lon="35.36115719">
        <ele>69.05</ele>
        <time>2025-10-12T18:31:57.506Z</time>
      </trkpt>
      <trkpt lat="31.83862022" lon="35.36115518">
        <ele>68.91</ele>
        <time>2025-10-12T18:32:05.832Z</time>
      </trkpt>
      <trkpt lat="31.83861888" lon="35.36115585">
        <ele>68.78</ele>
        <time>2025-10-12T18:32:14.158Z</time>
      </trkpt>
      <trkpt lat="31.83861913" lon="35.36113163">
        <ele>68.64</ele>
        <time>2025-10-12T18:32:22.486Z</time>
      </trkpt>
      <trkpt lat="31.83862165" lon="35.36104923">
        <ele>68.47</ele>
        <time>2025-10-12T18:32:30.823Z</time>
      </trkpt>
      <trkpt lat="31.83865408" lon="35.36096944">
        <ele>68.29</ele>
        <time>2025-10-12T18:32:39.169Z</time>
      </trkpt>
      <trkpt lat="31.83872181" lon="35.36093289">
        <ele>68.18</ele>
        <time>2025-10-12T18:32:47.523Z</time>
      </trkpt>
      <trkpt lat="31.83872282" lon="35.36093281">
        <ele>68.15</ele>
        <time>2025-10-12T18:32:55.877Z</time>
      </trkpt>
      <trkpt lat="31.83874905" lon="35.36092384">
        <ele>68.16</ele>
        <time>2025-10-12T18:33:04.235Z</time>
      </trkpt>
      <trkpt lat="31.8388151" lon="35.3608976">
        <ele>68.18</ele>
        <time>2025-10-12T18:33:12.601Z</time>
      </trkpt>
      <trkpt lat="31.83887922" lon="35.36086952">
        <ele>68.23</ele>
        <time>2025-10-12T18:33:20.975Z</time>
      </trkpt>
      <trkpt lat="31.83895818" lon="35.36081487">
        <ele>68.27</ele>
        <time>2025-10-12T18:33:29.360Z</time>
      </trkpt>
      <trkpt lat="31.83908156" lon="35.3607588">
        <ele>68.4</ele>
        <time>2025-10-12T18:33:37.760Z</time>
      </trkpt>
      <trkpt lat="31.83924291" lon="35.36074589">
        <ele>68.66</ele>
        <time>2025-10-12T18:33:46.179Z</time>
      </trkpt>
      <trkpt lat="31.83931131" lon="35.36075494">
        <ele>68.95</ele>
        <time>2025-10-12T18:33:54.606Z</time>
      </trkpt>
      <trkpt lat="31.83936168" lon="35.36077045">
        <ele>69.26</ele>
        <time>2025-10-12T18:34:03.039Z</time>
      </trkpt>
      <trkpt lat="31.83946679" lon="35.36083683">
        <ele>69.73</ele>
        <time>2025-10-12T18:34:11.486Z</time>
      </trkpt>
      <trkpt lat="31.83948012" lon="35.36084262">
        <ele>70.06</ele>
        <time>2025-10-12T18:34:19.935Z</time>
      </trkpt>
      <trkpt lat="31.83958506" lon="35.36091529">
        <ele>70.57</ele>
        <time>2025-10-12T18:34:28.398Z</time>
      </trkpt>
      <trkpt lat="31.83966343" lon="35.36089484">
        <ele>70.9</ele>
        <time>2025-10-12T18:34:36.871Z</time>
      </trkpt>
      <trkpt lat="31.83969495" lon="35.36087648">
        <ele>71.25</ele>
        <time>2025-10-12T18:34:45.348Z</time>
      </trkpt>
      <trkpt lat="31.83974625" lon="35.36086877">
        <ele>71.64</ele>
        <time>2025-10-12T18:34:53.831Z</time>
      </trkpt>
      <trkpt lat="31.8397838" lon="35.36085913">
        <ele>72.02</ele>
        <time>2025-10-12T18:35:02.319Z</time>
      </trkpt>
      <trkpt lat="31.83982965" lon="35.36084916">
        <ele>72.4</ele>
        <time>2025-10-12T18:35:10.812Z</time>
      </trkpt>
      <trkpt lat="31.83984054" lon="35.36084916">
        <ele>72.78</ele>
        <time>2025-10-12T18:35:19.306Z</time>
      </trkpt>
      <trkpt lat="31.83993258" lon="35.36085008">
        <ele>73.16</ele>
        <time>2025-10-12T18:35:27.811Z</time>
      </trkpt>
      <trkpt lat="31.8400174" lon="35.36086475">
        <ele>73.56</ele>
        <time>2025-10-12T18:35:36.326Z</time>
      </trkpt>
      <trkpt lat="31.84012771" lon="35.36085737">
        <ele>73.9</ele>
        <time>2025-10-12T18:35:44.854Z</time>
      </trkpt>
      <trkpt lat="31.84020524" lon="35.36086776">
        <ele>74.25</ele>
        <time>2025-10-12T18:35:53.391Z</time>
      </trkpt>
      <trkpt lat="31.84021781" lon="35.36087204">
        <ele>74.64</ele>
        <time>2025-10-12T18:36:01.930Z</time>
      </trkpt>
      <trkpt lat="31.84029283" lon="35.36088075">
        <ele>75.02</ele>
        <time>2025-10-12T18:36:10.478Z</time>
      </trkpt>
      <trkpt lat="31.84037858" lon="35.36092116">
        <ele>75.42</ele>
        <time>2025-10-12T18:36:19.037Z</time>
      </trkpt>
      <trkpt lat="31.84045359" lon="35.36096181">
        <ele>75.78</ele>
        <time>2025-10-12T18:36:27.605Z</time>
      </trkpt>
      <trkpt lat="31.84046223" lon="35.36097514">
        <ele>76.17</ele>
        <time>2025-10-12T18:36:36.175Z</time>
      </trkpt>
      <trkpt lat="31.84048955" lon="35.36102341">
        <ele>76.58</ele>
        <time>2025-10-12T18:36:44.751Z</time>
      </trkpt>
      <trkpt lat="31.84052249" lon="35.36108544">
        <ele>76.98</ele>
        <time>2025-10-12T18:36:53.334Z</time>
      </trkpt>
      <trkpt lat="31.8405313" lon="35.36109592">
        <ele>77.35</ele>
        <time>2025-10-12T18:37:01.919Z</time>
      </trkpt>
      <trkpt lat="31.84053767" lon="35.36110011">
        <ele>77.71</ele>
        <time>2025-10-12T18:37:10.504Z</time>
      </trkpt>
      <trkpt lat="31.84053825" lon="35.36110078">
        <ele>78.06</ele>
        <time>2025-10-12T18:37:19.089Z</time>
      </trkpt>
      <trkpt lat="31.84054621" lon="35.36115233">
        <ele>78.42</ele>
        <time>2025-10-12T18:37:27.680Z</time>
      </trkpt>
      <trkpt lat="31.84055418" lon="35.3612794">
        <ele>78.82</ele>
        <time>2025-10-12T18:37:36.284Z</time>
      </trkpt>
      <trkpt lat="31.84054278" lon="35.36131066">
        <ele>79.17</ele>
        <time>2025-10-12T18:37:44.891Z</time>
      </trkpt>
      <trkpt lat="31.84053767" lon="35.36133556">
        <ele>79.48</ele>
        <time>2025-10-12T18:37:53.500Z</time>
      </trkpt>
      <trkpt lat="31.84053415" lon="35.36135643">
        <ele>79.75</ele>
        <time>2025-10-12T18:38:02.112Z</time>
      </trkpt>
      <trkpt lat="31.84053356" lon="35.36135727">
        <ele>79.95</ele>
        <time>2025-10-12T18:38:10.724Z</time>
      </trkpt>
      <trkpt lat="31.84052803" lon="35.36135794">
        <ele>80.13</ele>
        <time>2025-10-12T18:38:19.336Z</time>
      </trkpt>
      <trkpt lat="31.84052694" lon="35.3613597">
        <ele>80.26</ele>
        <time>2025-10-12T18:38:27.949Z</time>
      </trkpt>
      <trkpt lat="31.84052434" lon="35.36138375">
        <ele>80.37</ele>
        <time>2025-10-12T18:38:36.564Z</time>
      </trkpt>
      <trkpt lat="31.84051923" lon="35.36139934">
        <ele>80.42</ele>
        <time>2025-10-12T18:38:45.181Z</time>
      </trkpt>
      <trkpt lat="31.84050615" lon="35.3614695">
        <ele>80.49</ele>
        <time>2025-10-12T18:38:53.805Z</time>
      </trkpt>
      <trkpt lat="31.84049869" lon="35.36153672">
        <ele>80.5</ele>
        <time>2025-10-12T18:39:02.436Z</time>
      </trkpt>
      <trkpt lat="31.84053146" lon="35.3615933">
        <ele>80.37</ele>
        <time>2025-10-12T18:39:11.074Z</time>
      </trkpt>
      <trkpt lat="31.84053783" lon="35.36160118">
        <ele>80.18</ele>
        <time>2025-10-12T18:39:19.713Z</time>
      </trkpt>
      <trkpt lat="31.84054714" lon="35.36161132">
        <ele>79.93</ele>
        <time>2025-10-12T18:39:28.353Z</time>
      </trkpt>
      <trkpt lat="31.84056885" lon="35.36163546">
        <ele>79.62</ele>
        <time>2025-10-12T18:39:36.997Z</time>
      </trkpt>
      <trkpt lat="31.84058636" lon="35.36164166">
        <ele>79.24</ele>
        <time>2025-10-12T18:39:45.643Z</time>
      </trkpt>
      <trkpt lat="31.84067823" lon="35.36165583">
        <ele>78.7</ele>
        <time>2025-10-12T18:39:54.300Z</time>
      </trkpt>
      <trkpt lat="31.84072852" lon="35.36166966">
        <ele>78.19</ele>
        <time>2025-10-12T18:40:02.963Z</time>
      </trkpt>
      <trkpt lat="31.84073456" lon="35.36167259">
        <ele>77.68</ele>
        <time>2025-10-12T18:40:11.626Z</time>
      </trkpt>
      <trkpt lat="31.84078803" lon="35.36169657">
        <ele>77.11</ele>
        <time>2025-10-12T18:40:20.296Z</time>
      </trkpt>
      <trkpt lat="31.84081511" lon="35.36170713">
        <ele>76.5</ele>
        <time>2025-10-12T18:40:28.970Z</time>
      </trkpt>
      <trkpt lat="31.84087479" lon="35.36170428">
        <ele>75.81</ele>
        <time>2025-10-12T18:40:37.651Z</time>
      </trkpt>
      <trkpt lat="31.84093782" lon="35.36169154">
        <ele>75.08</ele>
        <time>2025-10-12T18:40:46.339Z</time>
      </trkpt>
      <trkpt lat="31.84102918" lon="35.36169472">
        <ele>74.48</ele>
        <time>2025-10-12T18:40:55.038Z</time>
      </trkpt>
      <trkpt lat="31.84108978" lon="35.36167016">
        <ele>73.77</ele>
        <time>2025-10-12T18:41:03.744Z</time>
      </trkpt>
      <trkpt lat="31.84111501" lon="35.36165767">
        <ele>73.06</ele>
        <time>2025-10-12T18:41:12.454Z</time>
      </trkpt>
      <trkpt lat="31.84121132" lon="35.36160956">
        <ele>72.29</ele>
        <time>2025-10-12T18:41:21.176Z</time>
      </trkpt>
      <trkpt lat="31.84126496" lon="35.3615954">
        <ele>71.62</ele>
        <time>2025-10-12T18:41:29.904Z</time>
      </trkpt>
      <trkpt lat="31.84133973" lon="35.36158735">
        <ele>70.98</ele>
        <time>2025-10-12T18:41:38.641Z</time>
      </trkpt>
      <trkpt lat="31.84144978" lon="35.36162222">
        <ele>70.45</ele>
        <time>2025-10-12T18:41:47.392Z</time>
      </trkpt>
      <trkpt lat="31.84153" lon="35.36167754">
        <ele>69.88</ele>
        <time>2025-10-12T18:41:56.153Z</time>
      </trkpt>
      <trkpt lat="31.84158817" lon="35.36169615">
        <ele>69.2</ele>
        <time>2025-10-12T18:42:04.922Z</time>
      </trkpt>
      <trkpt lat="31.84163343" lon="35.36170671">
        <ele>68.54</ele>
        <time>2025-10-12T18:42:13.696Z</time>
      </trkpt>
      <trkpt lat="31.84177198" lon="35.36170126">
        <ele>67.75</ele>
        <time>2025-10-12T18:42:22.486Z</time>
      </trkpt>
      <trkpt lat="31.84188246" lon="35.36170185">
        <ele>67.02</ele>
        <time>2025-10-12T18:42:31.289Z</time>
      </trkpt>
      <trkpt lat="31.84190651" lon="35.36170419">
        <ele>66.46</ele>
        <time>2025-10-12T18:42:40.095Z</time>
      </trkpt>
      <trkpt lat="31.84196913" lon="35.36169766">
        <ele>65.88</ele>
        <time>2025-10-12T18:42:48.908Z</time>
      </trkpt>
      <trkpt lat="31.8420055" lon="35.36169933">
        <ele>65.39</ele>
        <time>2025-10-12T18:42:57.726Z</time>
      </trkpt>
      <trkpt lat="31.84209343" lon="35.36168307">
        <ele>64.9</ele>
        <time>2025-10-12T18:43:06.554Z</time>
      </trkpt>
      <trkpt lat="31.84227507" lon="35.36168357">
        <ele>64.48</ele>
        <time>2025-10-12T18:43:15.403Z</time>
      </trkpt>
      <trkpt lat="31.84228588" lon="35.36169003">
        <ele>64.19</ele>
        <time>2025-10-12T18:43:24.254Z</time>
      </trkpt>
      <trkpt lat="31.84238789" lon="35.36174208">
        <ele>63.91</ele>
        <time>2025-10-12T18:43:33.118Z</time>
      </trkpt>
      <trkpt lat="31.84243357" lon="35.36179128">
        <ele>63.72</ele>
        <time>2025-10-12T18:43:41.989Z</time>
      </trkpt>
      <trkpt lat="31.84244128" lon="35.36180855">
        <ele>63.61</ele>
        <time>2025-10-12T18:43:50.862Z</time>
      </trkpt>
      <trkpt lat="31.84244748" lon="35.3618813">
        <ele>63.62</ele>
        <time>2025-10-12T18:43:59.743Z</time>
      </trkpt>
      <trkpt lat="31.84242074" lon="35.36200502">
        <ele>63.7</ele>
        <time>2025-10-12T18:44:08.636Z</time>
      </trkpt>
      <trkpt lat="31.84241387" lon="35.3620455">
        <ele>63.77</ele>
        <time>2025-10-12T18:44:17.533Z</time>
      </trkpt>
      <trkpt lat="31.84240934" lon="35.3621056">
        <ele>63.89</ele>
        <time>2025-10-12T18:44:26.436Z</time>
      </trkpt>
      <trkpt lat="31.84239887" lon="35.36215925">
        <ele>64.06</ele>
        <time>2025-10-12T18:44:35.345Z</time>
      </trkpt>
      <trkpt lat="31.84240121" lon="35.36222404">
        <ele>64.22</ele>
        <time>2025-10-12T18:44:44.260Z</time>
      </trkpt>
      <trkpt lat="31.84241027" lon="35.36237014">
        <ele>64.34</ele>
        <time>2025-10-12T18:44:53.190Z</time>
      </trkpt>
      <trkpt lat="31.84241337" lon="35.36238221">
        <ele>64.55</ele>
        <time>2025-10-12T18:45:02.121Z</time>
      </trkpt>
      <trkpt lat="31.84241395" lon="35.3625392">
        <ele>64.69</ele>
        <time>2025-10-12T18:45:11.068Z</time>
      </trkpt>
      <trkpt lat="31.84239836" lon="35.36258563">
        <ele>64.92</ele>
        <time>2025-10-12T18:45:20.020Z</time>
      </trkpt>
      <trkpt lat="31.84234992" lon="35.36265093">
        <ele>65.17</ele>
        <time>2025-10-12T18:45:28.981Z</time>
      </trkpt>
      <trkpt lat="31.84224917" lon="35.36273282">
        <ele>65.56</ele>
        <time>2025-10-12T18:45:37.956Z</time>
      </trkpt>
      <trkpt lat="31.84222545" lon="35.36274648">
        <ele>65.9</ele>
        <time>2025-10-12T18:45:46.934Z</time>
      </trkpt>
      <trkpt lat="31.84211405" lon="35.36280851">
        <ele>66.39</ele>
        <time>2025-10-12T18:45:55.927Z</time>
      </trkpt>
      <trkpt lat="31.8419755" lon="35.36283558">
        <ele>66.77</ele>
        <time>2025-10-12T18:46:04.936Z</time>
      </trkpt>
      <trkpt lat="31.8419102" lon="35.36291353">
        <ele>66.93</ele>
        <time>2025-10-12T18:46:13.956Z</time>
      </trkpt>
      <trkpt lat="31.84181448" lon="35.36305083">
        <ele>67.07</ele>
        <time>2025-10-12T18:46:22.994Z</time>
      </trkpt>
      <trkpt lat="31.8417315" lon="35.36307975">
        <ele>67.37</ele>
        <time>2025-10-12T18:46:32.042Z</time>
      </trkpt>
      <trkpt lat="31.841732" lon="35.36308645">
        <ele>67.53</ele>
        <time>2025-10-12T18:46:41.091Z</time>
      </trkpt>
      <trkpt lat="31.84166755" lon="35.36309274">
        <ele>67.72</ele>
        <time>2025-10-12T18:46:50.147Z</time>
      </trkpt>
      <trkpt lat="31.8415699" lon="35.36315477">
        <ele>67.82</ele>
        <time>2025-10-12T18:46:59.217Z</time>
      </trkpt>
      <trkpt lat="31.84151206" lon="35.36321159">
        <ele>67.87</ele>
        <time>2025-10-12T18:47:08.295Z</time>
      </trkpt>
      <trkpt lat="31.84145833" lon="35.36327303">
        <ele>67.83</ele>
        <time>2025-10-12T18:47:17.382Z</time>
      </trkpt>
      <trkpt lat="31.84138256" lon="35.36335333">
        <ele>67.87</ele>
        <time>2025-10-12T18:47:26.481Z</time>
      </trkpt>
      <trkpt lat="31.84136664" lon="35.36337353">
        <ele>67.75</ele>
        <time>2025-10-12T18:47:35.583Z</time>
      </trkpt>
      <trkpt lat="31.84129807" lon="35.36348786">
        <ele>67.64</ele>
        <time>2025-10-12T18:47:44.699Z</time>
      </trkpt>
      <trkpt lat="31.8412865" lon="35.36352349">
        <ele>67.36</ele>
        <time>2025-10-12T18:47:53.819Z</time>
      </trkpt>
      <trkpt lat="31.84127284" lon="35.36358962">
        <ele>67</ele>
        <time>2025-10-12T18:48:02.946Z</time>
      </trkpt>
      <trkpt lat="31.84125859" lon="35.36362432">
        <ele>66.55</ele>
        <time>2025-10-12T18:48:12.076Z</time>
      </trkpt>
      <trkpt lat="31.84124267" lon="35.36368836">
        <ele>66.09</ele>
        <time>2025-10-12T18:48:21.213Z</time>
      </trkpt>
      <trkpt lat="31.84124082" lon="35.36370898">
        <ele>65.51</ele>
        <time>2025-10-12T18:48:30.352Z</time>
      </trkpt>
      <trkpt lat="31.8412316" lon="35.36375063">
        <ele>64.9</ele>
        <time>2025-10-12T18:48:39.496Z</time>
      </trkpt>
      <trkpt lat="31.84123068" lon="35.3638021">
        <ele>64.2</ele>
        <time>2025-10-12T18:48:48.645Z</time>
      </trkpt>
      <trkpt lat="31.84123797" lon="35.36386622">
        <ele>63.41</ele>
        <time>2025-10-12T18:48:57.800Z</time>
      </trkpt>
      <trkpt lat="31.84123915" lon="35.36386698">
        <ele>62.62</ele>
        <time>2025-10-12T18:49:06.955Z</time>
      </trkpt>
      <trkpt lat="31.83843741" lon="35.36882445">
        <ele>60.49</ele>
        <time>2025-10-12T18:49:16.706Z</time>
      </trkpt>
      <trkpt lat="31.83844646" lon="35.36886351">
        <ele>59.65</ele>
        <time>2025-10-12T18:49:26.461Z</time>
      </trkpt>
      <trkpt lat="31.83844806" lon="35.36900089">
        <ele>58.77</ele>
        <time>2025-10-12T18:49:36.230Z</time>
      </trkpt>
      <trkpt lat="31.83840179" lon="35.36911229">
        <ele>57.98</ele>
        <time>2025-10-12T18:49:46.011Z</time>
      </trkpt>
      <trkpt lat="31.83839207" lon="35.36913207">
        <ele>57.22</ele>
        <time>2025-10-12T18:49:55.795Z</time>
      </trkpt>
      <trkpt lat="31.83834001" lon="35.3691754">
        <ele>56.48</ele>
        <time>2025-10-12T18:50:05.586Z</time>
      </trkpt>
      <trkpt lat="31.8383147" lon="35.36918906">
        <ele>55.78</ele>
        <time>2025-10-12T18:50:15.380Z</time>
      </trkpt>
      <trkpt lat="31.83829391" lon="35.36919569">
        <ele>55.13</ele>
        <time>2025-10-12T18:50:25.177Z</time>
      </trkpt>
      <trkpt lat="31.83816827" lon="35.3692407">
        <ele>54.6</ele>
        <time>2025-10-12T18:50:34.989Z</time>
      </trkpt>
      <trkpt lat="31.83805235" lon="35.36929426">
        <ele>54.05</ele>
        <time>2025-10-12T18:50:44.816Z</time>
      </trkpt>
      <trkpt lat="31.8380277" lon="35.36930415">
        <ele>53.5</ele>
        <time>2025-10-12T18:50:54.646Z</time>
      </trkpt>
      <trkpt lat="31.83789904" lon="35.36930884">
        <ele>53.06</ele>
        <time>2025-10-12T18:51:04.491Z</time>
      </trkpt>
      <trkpt lat="31.83776669" lon="35.36924589">
        <ele>52.79</ele>
        <time>2025-10-12T18:51:14.353Z</time>
      </trkpt>
      <trkpt lat="31.83769469" lon="35.3692821">
        <ele>52.4</ele>
        <time>2025-10-12T18:51:24.224Z</time>
      </trkpt>
      <trkpt lat="31.83768061" lon="35.36939878">
        <ele>51.89</ele>
        <time>2025-10-12T18:51:34.107Z</time>
      </trkpt>
      <trkpt lat="31.83763526" lon="35.36959483">
        <ele>51.31</ele>
        <time>2025-10-12T18:51:44.010Z</time>
      </trkpt>
      <trkpt lat="31.83760056" lon="35.36976105">
        <ele>50.78</ele>
        <time>2025-10-12T18:51:53.931Z</time>
      </trkpt>
      <trkpt lat="31.8375833" lon="35.36993933">
        <ele>50.26</ele>
        <time>2025-10-12T18:52:03.870Z</time>
      </trkpt>
      <trkpt lat="31.83758388" lon="35.37012214">
        <ele>49.67</ele>
        <time>2025-10-12T18:52:13.827Z</time>
      </trkpt>
      <trkpt lat="31.83758355" lon="35.37015483">
        <ele>49.15</ele>
        <time>2025-10-12T18:52:23.787Z</time>
      </trkpt>
      <trkpt lat="31.83758573" lon="35.37026798">
        <ele>48.58</ele>
        <time>2025-10-12T18:52:33.758Z</time>
      </trkpt>
      <trkpt lat="31.83758933" lon="35.37028584">
        <ele>48.05</ele>
        <time>2025-10-12T18:52:43.731Z</time>
      </trkpt>
      <trkpt lat="31.83759285" lon="35.37030503">
        <ele>47.51</ele>
        <time>2025-10-12T18:52:53.706Z</time>
      </trkpt>
      <trkpt lat="31.83759017" lon="35.37030595">
        <ele>46.96</ele>
        <time>2025-10-12T18:53:03.682Z</time>
      </trkpt>
      <trkpt lat="31.83759226" lon="35.3703104">
        <ele>46.4</ele>
        <time>2025-10-12T18:53:13.658Z</time>
      </trkpt>
      <trkpt lat="31.83760802" lon="35.37034225">
        <ele>45.79</ele>
        <time>2025-10-12T18:53:23.638Z</time>
      </trkpt>
      <trkpt lat="31.83762026" lon="35.37035943">
        <ele>45.18</ele>
        <time>2025-10-12T18:53:33.620Z</time>
      </trkpt>
      <trkpt lat="31.83762537" lon="35.37042925">
        <ele>44.56</ele>
        <time>2025-10-12T18:53:43.609Z</time>
      </trkpt>
      <trkpt lat="31.83764893" lon="35.37056085">
        <ele>43.89</ele>
        <time>2025-10-12T18:53:53.612Z</time>
      </trkpt>
      <trkpt lat="31.83771565" lon="35.37063628">
        <ele>43.16</ele>
        <time>2025-10-12T18:54:03.625Z</time>
      </trkpt>
      <trkpt lat="31.83779611" lon="35.37070627">
        <ele>42.41</ele>
        <time>2025-10-12T18:54:13.650Z</time>
      </trkpt>
      <trkpt lat="31.83781086" lon="35.37072178">
        <ele>41.74</ele>
        <time>2025-10-12T18:54:23.678Z</time>
      </trkpt>
      <trkpt lat="31.83783886" lon="35.37074374">
        <ele>41.05</ele>
        <time>2025-10-12T18:54:33.709Z</time>
      </trkpt>
      <trkpt lat="31.83789577" lon="35.37080979">
        <ele>40.29</ele>
        <time>2025-10-12T18:54:43.750Z</time>
      </trkpt>
      <trkpt lat="31.83792084" lon="35.37092571">
        <ele>39.47</ele>
        <time>2025-10-12T18:54:53.803Z</time>
      </trkpt>
      <trkpt lat="31.83791698" lon="35.37095706">
        <ele>38.8</ele>
        <time>2025-10-12T18:55:03.859Z</time>
      </trkpt>
      <trkpt lat="31.83792084" lon="35.37099998">
        <ele>38.11</ele>
        <time>2025-10-12T18:55:13.919Z</time>
      </trkpt>
      <trkpt lat="31.8379091" lon="35.37101833">
        <ele>37.48</ele>
        <time>2025-10-12T18:55:23.982Z</time>
      </trkpt>
      <trkpt lat="31.83788069" lon="35.37110274">
        <ele>36.82</ele>
        <time>2025-10-12T18:55:34.054Z</time>
      </trkpt>
      <trkpt lat="31.83783727" lon="35.37115521">
        <ele>36.22</ele>
        <time>2025-10-12T18:55:44.133Z</time>
      </trkpt>
      <trkpt lat="31.83781682" lon="35.37116711">
        <ele>35.66</ele>
        <time>2025-10-12T18:55:54.215Z</time>
      </trkpt>
      <trkpt lat="31.83776887" lon="35.37120818">
        <ele>35.11</ele>
        <time>2025-10-12T18:56:04.304Z</time>
      </trkpt>
      <trkpt lat="31.83774373" lon="35.37122084">
        <ele>34.58</ele>
        <time>2025-10-12T18:56:14.396Z</time>
      </trkpt>
      <trkpt lat="31.83766653" lon="35.37127264">
        <ele>34.11</ele>
        <time>2025-10-12T18:56:24.498Z</time>
      </trkpt>
      <trkpt lat="31.83764147" lon="35.37129493">
        <ele>33.6</ele>
        <time>2025-10-12T18:56:34.604Z</time>
      </trkpt>
      <trkpt lat="31.83763887" lon="35.37129753">
        <ele>33.09</ele>
        <time>2025-10-12T18:56:44.710Z</time>
      </trkpt>
      <trkpt lat="31.83759143" lon="35.37132503">
        <ele>32.62</ele>
        <time>2025-10-12T18:56:54.823Z</time>
      </trkpt>
      <trkpt lat="31.83750962" lon="35.37137364">
        <ele>32.05</ele>
        <time>2025-10-12T18:57:04.946Z</time>
      </trkpt>
      <trkpt lat="31.8373937" lon="35.37144145">
        <ele>31.44</ele>
        <time>2025-10-12T18:57:15.085Z</time>
      </trkpt>
      <trkpt lat="31.83731399" lon="35.37150306">
        <ele>30.92</ele>
        <time>2025-10-12T18:57:25.235Z</time>
      </trkpt>
      <trkpt lat="31.83725825" lon="35.37154874">
        <ele>30.39</ele>
        <time>2025-10-12T18:57:35.393Z</time>
      </trkpt>
      <trkpt lat="31.83723679" lon="35.37156844">
        <ele>29.91</ele>
        <time>2025-10-12T18:57:45.554Z</time>
      </trkpt>
      <trkpt lat="31.83718155" lon="35.37159677">
        <ele>29.46</ele>
        <time>2025-10-12T18:57:55.722Z</time>
      </trkpt>
      <trkpt lat="31.83716227" lon="35.37161479">
        <ele>29.02</ele>
        <time>2025-10-12T18:58:05.893Z</time>
      </trkpt>
      <trkpt lat="31.83712556" lon="35.37166047">
        <ele>28.55</ele>
        <time>2025-10-12T18:58:16.070Z</time>
      </trkpt>
      <trkpt lat="31.83711416" lon="35.37166525">
        <ele>28.12</ele>
        <time>2025-10-12T18:58:26.249Z</time>
      </trkpt>
      <trkpt lat="31.83707384" lon="35.3716924">
        <ele>27.69</ele>
        <time>2025-10-12T18:58:36.433Z</time>
      </trkpt>
      <trkpt lat="31.83706094" lon="35.37172576">
        <ele>27.24</ele>
        <time>2025-10-12T18:58:46.621Z</time>
      </trkpt>
      <trkpt lat="31.83706915" lon="35.37176851">
        <ele>26.79</ele>
        <time>2025-10-12T18:58:56.813Z</time>
      </trkpt>
      <trkpt lat="31.83707183" lon="35.37178092">
        <ele>26.39</ele>
        <time>2025-10-12T18:59:07.007Z</time>
      </trkpt>
      <trkpt lat="31.8370699" lon="35.37187136">
        <ele>25.89</ele>
        <time>2025-10-12T18:59:17.210Z</time>
      </trkpt>
      <trkpt lat="31.83706194" lon="35.37187723">
        <ele>25.53</ele>
        <time>2025-10-12T18:59:27.414Z</time>
      </trkpt>
      <trkpt lat="31.83705247" lon="35.37187991">
        <ele>25.18</ele>
        <time>2025-10-12T18:59:37.619Z</time>
      </trkpt>
      <trkpt lat="31.83698424" lon="35.37189516">
        <ele>24.87</ele>
        <time>2025-10-12T18:59:47.832Z</time>
      </trkpt>
      <trkpt lat="31.83694158" lon="35.37195467">
        <ele>24.49</ele>
        <time>2025-10-12T18:59:58.053Z</time>
      </trkpt>
      <trkpt lat="31.83693403" lon="35.37196431">
        <ele>24.17</ele>
        <time>2025-10-12T19:00:08.275Z</time>
      </trkpt>
      <trkpt lat="31.83686589" lon="35.37200455">
        <ele>23.84</ele>
        <time>2025-10-12T19:00:18.506Z</time>
      </trkpt>
      <trkpt lat="31.83685625" lon="35.37201016">
        <ele>23.54</ele>
        <time>2025-10-12T19:00:28.738Z</time>
      </trkpt>
      <trkpt lat="31.83673203" lon="35.37205802">
        <ele>23.26</ele>
        <time>2025-10-12T19:00:38.986Z</time>
      </trkpt>
      <trkpt lat="31.83672071" lon="35.37206238">
        <ele>22.98</ele>
        <time>2025-10-12T19:00:49.235Z</time>
      </trkpt>
      <trkpt lat="31.83665693" lon="35.3720887">
        <ele>22.75</ele>
        <time>2025-10-12T19:00:59.492Z</time>
      </trkpt>
      <trkpt lat="31.83655266" lon="35.37216179">
        <ele>22.48</ele>
        <time>2025-10-12T19:01:09.763Z</time>
      </trkpt>
      <trkpt lat="31.83647303" lon="35.37221837">
        <ele>22.18</ele>
        <time>2025-10-12T19:01:20.045Z</time>
      </trkpt>
      <trkpt lat="31.83641788" lon="35.37225324">
        <ele>21.85</ele>
        <time>2025-10-12T19:01:30.335Z</time>
      </trkpt>
      <trkpt lat="31.83633892" lon="35.37230923">
        <ele>21.48</ele>
        <time>2025-10-12T19:01:40.635Z</time>
      </trkpt>
      <trkpt lat="31.8362934" lon="35.37233479">
        <ele>21.18</ele>
        <time>2025-10-12T19:01:50.941Z</time>
      </trkpt>
      <trkpt lat="31.83626222" lon="35.37239606">
        <ele>20.79</ele>
        <time>2025-10-12T19:02:01.255Z</time>
      </trkpt>
      <trkpt lat="31.83623482" lon="35.37247603">
        <ele>20.37</ele>
        <time>2025-10-12T19:02:11.577Z</time>
      </trkpt>
      <trkpt lat="31.83621964" lon="35.37252473">
        <ele>19.97</ele>
        <time>2025-10-12T19:02:21.904Z</time>
      </trkpt>
      <trkpt lat="31.83621428" lon="35.37253403">
        <ele>19.61</ele>
        <time>2025-10-12T19:02:32.232Z</time>
      </trkpt>
      <trkpt lat="31.83620942" lon="35.37254635">
        <ele>19.25</ele>
        <time>2025-10-12T19:02:42.562Z</time>
      </trkpt>
      <trkpt lat="31.83619944" lon="35.37257913">
        <ele>18.87</ele>
        <time>2025-10-12T19:02:52.895Z</time>
      </trkpt>
      <trkpt lat="31.83619307" lon="35.37259036">
        <ele>18.5</ele>
        <time>2025-10-12T19:03:03.230Z</time>
      </trkpt>
      <trkpt lat="31.83614278" lon="35.37265272">
        <ele>18.09</ele>
        <time>2025-10-12T19:03:13.573Z</time>
      </trkpt>
      <trkpt lat="31.83611495" lon="35.37267845">
        <ele>17.73</ele>
        <time>2025-10-12T19:03:23.920Z</time>
      </trkpt>
      <trkpt lat="31.83599643" lon="35.37276889">
        <ele>17.38</ele>
        <time>2025-10-12T19:03:34.284Z</time>
      </trkpt>
      <trkpt lat="31.83589049" lon="35.3728393">
        <ele>17.1</ele>
        <time>2025-10-12T19:03:44.662Z</time>
      </trkpt>
      <trkpt lat="31.83588839" lon="35.37285137">
        <ele>16.77</ele>
        <time>2025-10-12T19:03:55.042Z</time>
      </trkpt>
      <trkpt lat="31.83589141" lon="35.37293603">
        <ele>16.39</ele>
        <time>2025-10-12T19:04:05.430Z</time>
      </trkpt>
      <trkpt lat="31.83587892" lon="35.37297542">
        <ele>16.07</ele>
        <time>2025-10-12T19:04:15.822Z</time>
      </trkpt>
      <trkpt lat="31.83579083" lon="35.37311356">
        <ele>15.79</ele>
        <time>2025-10-12T19:04:26.232Z</time>
      </trkpt>
      <trkpt lat="31.83574464" lon="35.37315563">
        <ele>15.52</ele>
        <time>2025-10-12T19:04:36.648Z</time>
      </trkpt>
      <trkpt lat="31.83570441" lon="35.37318564">
        <ele>15.25</ele>
        <time>2025-10-12T19:04:47.070Z</time>
      </trkpt>
      <trkpt lat="31.83564733" lon="35.37322068">
        <ele>15</ele>
        <time>2025-10-12T19:04:57.500Z</time>
      </trkpt>
      <trkpt lat="31.83551908" lon="35.3733045">
        <ele>14.79</ele>
        <time>2025-10-12T19:05:07.947Z</time>
      </trkpt>
      <trkpt lat="31.83551691" lon="35.37331422">
        <ele>14.57</ele>
        <time>2025-10-12T19:05:18.395Z</time>
      </trkpt>
      <trkpt lat="31.83551783" lon="35.37337029">
        <ele>14.34</ele>
        <time>2025-10-12T19:05:28.848Z</time>
      </trkpt>
      <trkpt lat="31.83550769" lon="35.37352268">
        <ele>14.04</ele>
        <time>2025-10-12T19:05:39.317Z</time>
      </trkpt>
      <trkpt lat="31.83546427" lon="35.37357842">
        <ele>13.83</ele>
        <time>2025-10-12T19:05:49.793Z</time>
      </trkpt>
      <trkpt lat="31.83545496" lon="35.37358311">
        <ele>13.69</ele>
        <time>2025-10-12T19:06:00.271Z</time>
      </trkpt>
      <trkpt lat="31.83541758" lon="35.37360096">
        <ele>13.56</ele>
        <time>2025-10-12T19:06:10.753Z</time>
      </trkpt>
      <trkpt lat="31.83539771" lon="35.37363097">
        <ele>13.47</ele>
        <time>2025-10-12T19:06:21.239Z</time>
      </trkpt>
      <trkpt lat="31.83539269" lon="35.37363843">
        <ele>13.41</ele>
        <time>2025-10-12T19:06:31.726Z</time>
      </trkpt>
      <trkpt lat="31.83538347" lon="35.37365871">
        <ele>13.38</ele>
        <time>2025-10-12T19:06:42.215Z</time>
      </trkpt>
      <trkpt lat="31.83535027" lon="35.3737044">
        <ele>13.39</ele>
        <time>2025-10-12T19:06:52.710Z</time>
      </trkpt>
      <trkpt lat="31.83525958" lon="35.37380875">
        <ele>13.46</ele>
        <time>2025-10-12T19:07:03.220Z</time>
      </trkpt>
      <trkpt lat="31.83521465" lon="35.37388704">
        <ele>13.51</ele>
        <time>2025-10-12T19:07:13.740Z</time>
      </trkpt>
      <trkpt lat="31.83520887" lon="35.3740043">
        <ele>13.55</ele>
        <time>2025-10-12T19:07:24.272Z</time>
      </trkpt>
      <trkpt lat="31.8351745" lon="35.37411796">
        <ele>13.65</ele>
        <time>2025-10-12T19:07:34.816Z</time>
      </trkpt>
      <trkpt lat="31.83515674" lon="35.37419776">
        <ele>13.73</ele>
        <time>2025-10-12T19:07:45.368Z</time>
      </trkpt>
      <trkpt lat="31.83511659" lon="35.3743296">
        <ele>13.84</ele>
        <time>2025-10-12T19:07:55.934Z</time>
      </trkpt>
      <trkpt lat="31.83511491" lon="35.3743778">
        <ele>13.96</ele>
        <time>2025-10-12T19:08:06.505Z</time>
      </trkpt>
      <trkpt lat="31.83507459" lon="35.37445868">
        <ele>14.12</ele>
        <time>2025-10-12T19:08:17.085Z</time>
      </trkpt>
      <trkpt lat="31.83499262" lon="35.37458483">
        <ele>14.28</ele>
        <time>2025-10-12T19:08:27.681Z</time>
      </trkpt>
      <trkpt lat="31.83495356" lon="35.37464032">
        <ele>14.49</ele>
        <time>2025-10-12T19:08:38.284Z</time>
      </trkpt>
      <trkpt lat="31.83494576" lon="35.37467083">
        <ele>14.67</ele>
        <time>2025-10-12T19:08:48.890Z</time>
      </trkpt>
      <trkpt lat="31.83494023" lon="35.37470276">
        <ele>14.85</ele>
        <time>2025-10-12T19:08:59.500Z</time>
      </trkpt>
      <trkpt lat="31.83493" lon="35.37477787">
        <ele>15.03</ele>
        <time>2025-10-12T19:09:10.117Z</time>
      </trkpt>
      <trkpt lat="31.83492422" lon="35.3748818">
        <ele>15.21</ele>
        <time>2025-10-12T19:09:20.745Z</time>
      </trkpt>
      <trkpt lat="31.83493487" lon="35.37500745">
        <ele>15.39</ele>
        <time>2025-10-12T19:09:31.385Z</time>
      </trkpt>
      <trkpt lat="31.83493973" lon="35.3751165">
        <ele>15.57</ele>
        <time>2025-10-12T19:09:42.036Z</time>
      </trkpt>
      <trkpt lat="31.83493101" lon="35.3751123">
        <ele>15.69</ele>
        <time>2025-10-12T19:09:52.688Z</time>
      </trkpt>
      <trkpt lat="31.8349409" lon="35.3751693">
        <ele>15.79</ele>
        <time>2025-10-12T19:10:03.346Z</time>
      </trkpt>
      <trkpt lat="31.83494836" lon="35.37523812">
        <ele>15.86</ele>
        <time>2025-10-12T19:10:14.011Z</time>
      </trkpt>
      <trkpt lat="31.83497678" lon="35.37531406">
        <ele>15.89</ele>
        <time>2025-10-12T19:10:24.685Z</time>
      </trkpt>
      <trkpt lat="31.83502271" lon="35.37547868">
        <ele>15.91</ele>
        <time>2025-10-12T19:10:35.376Z</time>
      </trkpt>
      <trkpt lat="31.83504936" lon="35.37553693">
        <ele>15.84</ele>
        <time>2025-10-12T19:10:46.074Z</time>
      </trkpt>
      <trkpt lat="31.83507183" lon="35.37558337">
        <ele>15.7</ele>
        <time>2025-10-12T19:10:56.777Z</time>
      </trkpt>
      <trkpt lat="31.83507032" lon="35.37558303">
        <ele>15.53</ele>
        <time>2025-10-12T19:11:07.480Z</time>
      </trkpt>
      <trkpt lat="31.83505087" lon="35.37554741">
        <ele>15.3</ele>
        <time>2025-10-12T19:11:18.187Z</time>
      </trkpt>
      <trkpt lat="31.83502045" lon="35.37549368">
        <ele>15.01</ele>
        <time>2025-10-12T19:11:28.901Z</time>
      </trkpt>
      <trkpt lat="31.8349948" lon="35.37544372">
        <ele>14.67</ele>
        <time>2025-10-12T19:11:39.621Z</time>
      </trkpt>
      <trkpt lat="31.83497661" lon="35.37540441">
        <ele>14.26</ele>
        <time>2025-10-12T19:11:50.345Z</time>
      </trkpt>
      <trkpt lat="31.83496831" lon="35.37531682">
        <ele>13.73</ele>
        <time>2025-10-12T19:12:01.078Z</time>
      </trkpt>
      <trkpt lat="31.83497292" lon="35.37530584">
        <ele>13.19</ele>
        <time>2025-10-12T19:12:11.812Z</time>
      </trkpt>
      <trkpt lat="31.83497778" lon="35.37529654">
        <ele>12.6</ele>
        <time>2025-10-12T19:12:22.547Z</time>
      </trkpt>
      <trkpt lat="31.83499052" lon="35.37528229">
        <ele>11.94</ele>
        <time>2025-10-12T19:12:33.284Z</time>
      </trkpt>
      <trkpt lat="31.8350015" lon="35.37527198">
        <ele>11.24</ele>
        <time>2025-10-12T19:12:44.023Z</time>
      </trkpt>
      <trkpt lat="31.83502128" lon="35.37524977">
        <ele>10.47</ele>
        <time>2025-10-12T19:12:54.765Z</time>
      </trkpt>
      <trkpt lat="31.83509982" lon="35.37517567">
        <ele>9.54</ele>
        <time>2025-10-12T19:13:05.519Z</time>
      </trkpt>
      <trkpt lat="31.83516143" lon="35.37510635">
        <ele>8.63</ele>
        <time>2025-10-12T19:13:16.283Z</time>
      </trkpt>
      <trkpt lat="31.83520233" lon="35.3750284">
        <ele>7.74</ele>
        <time>2025-10-12T19:13:27.056Z</time>
      </trkpt>
      <trkpt lat="31.83524902" lon="35.37496579">
        <ele>6.87</ele>
        <time>2025-10-12T19:13:37.838Z</time>
      </trkpt>
      <trkpt lat="31.83525782" lon="35.37495514">
        <ele>6.03</ele>
        <time>2025-10-12T19:13:48.621Z</time>
      </trkpt>
      <trkpt lat="31.83533963" lon="35.37488071">
        <ele>5.11</ele>
        <time>2025-10-12T19:13:59.416Z</time>
      </trkpt>
      <trkpt lat="31.83539168" lon="35.37485322">
        <ele>4.2</ele>
        <time>2025-10-12T19:14:10.218Z</time>
      </trkpt>
      <trkpt lat="31.83542864" lon="35.37482455">
        <ele>3.31</ele>
        <time>2025-10-12T19:14:21.025Z</time>
      </trkpt>
      <trkpt lat="31.83545932" lon="35.374801">
        <ele>2.44</ele>
        <time>2025-10-12T19:14:31.836Z</time>
      </trkpt>
      <trkpt lat="31.8354781" lon="35.37480025">
        <ele>1.6</ele>
        <time>2025-10-12T19:14:42.650Z</time>
      </trkpt>
      <trkpt lat="31.83550743" lon="35.37482095">
        <ele>0.76</ele>
        <time>2025-10-12T19:14:53.468Z</time>
      </trkpt>
      <trkpt lat="31.8355154" lon="35.37482095">
        <ele>-0.01</ele>
        <time>2025-10-12T19:15:04.287Z</time>
      </trkpt>
      <trkpt lat="31.83553811" lon="35.37479245">
        <ele>-0.77</ele>
        <time>2025-10-12T19:15:15.109Z</time>
      </trkpt>
      <trkpt lat="31.83554222" lon="35.37476127">
        <ele>-1.49</ele>
        <time>2025-10-12T19:15:25.935Z</time>
      </trkpt>
      <trkpt lat="31.83554398" lon="35.37475431">
        <ele>-2.2</ele>
        <time>2025-10-12T19:15:36.761Z</time>
      </trkpt>
      <trkpt lat="31.83556108" lon="35.3747373">
        <ele>-2.89</ele>
        <time>2025-10-12T19:15:47.590Z</time>
      </trkpt>
      <trkpt lat="31.83557256" lon="35.37476144">
        <ele>-3.58</ele>
        <time>2025-10-12T19:15:58.422Z</time>
      </trkpt>
      <trkpt lat="31.83556594" lon="35.37480318">
        <ele>-4.23</ele>
        <time>2025-10-12T19:16:09.258Z</time>
      </trkpt>
      <trkpt lat="31.83556762" lon="35.37482464">
        <ele>-4.86</ele>
        <time>2025-10-12T19:16:20.096Z</time>
      </trkpt>
      <trkpt lat="31.83558622" lon="35.3748673">
        <ele>-5.49</ele>
        <time>2025-10-12T19:16:30.939Z</time>
      </trkpt>
      <trkpt lat="31.83558824" lon="35.37487024">
        <ele>-6.07</ele>
        <time>2025-10-12T19:16:41.782Z</time>
      </trkpt>
      <trkpt lat="31.83560668" lon="35.37485733">
        <ele>-6.64</ele>
        <time>2025-10-12T19:16:52.628Z</time>
      </trkpt>
      <trkpt lat="31.83561665" lon="35.37486613">
        <ele>-7.19</ele>
        <time>2025-10-12T19:17:03.475Z</time>
      </trkpt>
      <trkpt lat="31.83562805" lon="35.37487082">
        <ele>-7.73</ele>
        <time>2025-10-12T19:17:14.324Z</time>
      </trkpt>
      <trkpt lat="31.83562721" lon="35.37486747">
        <ele>-8.23</ele>
        <time>2025-10-12T19:17:25.173Z</time>
      </trkpt>
      <trkpt lat="31.83565621" lon="35.3748611">
        <ele>-8.76</ele>
        <time>2025-10-12T19:17:36.026Z</time>
      </trkpt>
      <trkpt lat="31.83566099" lon="35.37487694">
        <ele>-9.25</ele>
        <time>2025-10-12T19:17:46.880Z</time>
      </trkpt>
      <trkpt lat="31.83566476" lon="35.37488465">
        <ele>-9.73</ele>
        <time>2025-10-12T19:17:57.735Z</time>
      </trkpt>
      <trkpt lat="31.83568479" lon="35.37491047">
        <ele>-10.25</ele>
        <time>2025-10-12T19:18:08.594Z</time>
      </trkpt>
      <trkpt lat="31.83569108" lon="35.37491013">
        <ele>-10.71</ele>
        <time>2025-10-12T19:18:19.453Z</time>
      </trkpt>
      <trkpt lat="31.83570089" lon="35.37490846">
        <ele>-11.17</ele>
        <time>2025-10-12T19:18:30.314Z</time>
      </trkpt>
      <trkpt lat="31.83570701" lon="35.37489178">
        <ele>-11.61</ele>
        <time>2025-10-12T19:18:41.176Z</time>
      </trkpt>
      <trkpt lat="31.83570893" lon="35.37487241">
        <ele>-12.03</ele>
        <time>2025-10-12T19:18:52.040Z</time>
      </trkpt>
      <trkpt lat="31.8357081" lon="35.37479505">
        <ele>-12.41</ele>
        <time>2025-10-12T19:19:02.912Z</time>
      </trkpt>
      <trkpt lat="31.83573852" lon="35.37476848">
        <ele>-12.87</ele>
        <time>2025-10-12T19:19:13.789Z</time>
      </trkpt>
      <trkpt lat="31.8357697" lon="35.37477007">
        <ele>-13.34</ele>
        <time>2025-10-12T19:19:24.669Z</time>
      </trkpt>
      <trkpt lat="31.83577297" lon="35.37478885">
        <ele>-13.77</ele>
        <time>2025-10-12T19:19:35.551Z</time>
      </trkpt>
      <trkpt lat="31.83578261" lon="35.37480377">
        <ele>-14.21</ele>
        <time>2025-10-12T19:19:46.435Z</time>
      </trkpt>
      <trkpt lat="31.83579661" lon="35.37474065">
        <ele>-14.56</ele>
        <time>2025-10-12T19:19:57.326Z</time>
      </trkpt>
      <trkpt lat="31.83583173" lon="35.37465851">
        <ele>-14.92</ele>
        <time>2025-10-12T19:20:08.226Z</time>
      </trkpt>
      <trkpt lat="31.83589803" lon="35.37466454">
        <ele>-15.42</ele>
        <time>2025-10-12T19:20:19.134Z</time>
      </trkpt>
      <trkpt lat="31.83592686" lon="35.37467343">
        <ele>-15.83</ele>
        <time>2025-10-12T19:20:30.045Z</time>
      </trkpt>
      <trkpt lat="31.83594908" lon="35.37470511">
        <ele>-16.24</ele>
        <time>2025-10-12T19:20:40.960Z</time>
      </trkpt>
      <trkpt lat="31.83601462" lon="35.37468374">
        <ele>-16.63</ele>
        <time>2025-10-12T19:20:51.883Z</time>
      </trkpt>
      <trkpt lat="31.83609668" lon="35.37469028">
        <ele>-17.04</ele>
        <time>2025-10-12T19:21:02.816Z</time>
      </trkpt>
      <trkpt lat="31.8361396" lon="35.37475213">
        <ele>-17.42</ele>
        <time>2025-10-12T19:21:13.757Z</time>
      </trkpt>
      <trkpt lat="31.83616407" lon="35.37478751">
        <ele>-17.75</ele>
        <time>2025-10-12T19:21:24.702Z</time>
      </trkpt>
      <trkpt lat="31.83617245" lon="35.37479312">
        <ele>-18.03</ele>
        <time>2025-10-12T19:21:35.649Z</time>
      </trkpt>
      <trkpt lat="31.8362007" lon="35.37477627">
        <ele>-18.29</ele>
        <time>2025-10-12T19:21:46.599Z</time>
      </trkpt>
      <trkpt lat="31.83622962" lon="35.37476202">
        <ele>-18.46</ele>
        <time>2025-10-12T19:21:57.553Z</time>
      </trkpt>
      <trkpt lat="31.83623616" lon="35.374757">
        <ele>-18.64</ele>
        <time>2025-10-12T19:22:08.508Z</time>
      </trkpt>
      <trkpt lat="31.83623691" lon="35.37475666">
        <ele>-18.8</ele>
        <time>2025-10-12T19:22:19.463Z</time>
      </trkpt>
      <trkpt lat="31.83623448" lon="35.37479832">
        <ele>-18.97</ele>
        <time>2025-10-12T19:22:30.422Z</time>
      </trkpt>
      <trkpt lat="31.83623138" lon="35.37481525">
        <ele>-19.1</ele>
        <time>2025-10-12T19:22:41.383Z</time>
      </trkpt>
      <trkpt lat="31.83623197" lon="35.37482279">
        <ele>-19.2</ele>
        <time>2025-10-12T19:22:52.345Z</time>
      </trkpt>
      <trkpt lat="31.83623616" lon="35.37483143">
        <ele>-19.27</ele>
        <time>2025-10-12T19:23:03.308Z</time>
      </trkpt>
      <trkpt lat="31.83621663" lon="35.37481978">
        <ele>-19.34</ele>
        <time>2025-10-12T19:23:14.273Z</time>
      </trkpt>
      <trkpt lat="31.8362012" lon="35.37480578">
        <ele>-19.38</ele>
        <time>2025-10-12T19:23:25.240Z</time>
      </trkpt>
      <trkpt lat="31.8361696" lon="35.37476965">
        <ele>-19.35</ele>
        <time>2025-10-12T19:23:36.213Z</time>
      </trkpt>
      <trkpt lat="31.83616416" lon="35.37476739">
        <ele>-19.33</ele>
        <time>2025-10-12T19:23:47.186Z</time>
      </trkpt>
      <trkpt lat="31.83610632" lon="35.37473059">
        <ele>-19.25</ele>
        <time>2025-10-12T19:23:58.167Z</time>
      </trkpt>
      <trkpt lat="31.83603516" lon="35.37475113">
        <ele>-19.16</ele>
        <time>2025-10-12T19:24:09.157Z</time>
      </trkpt>
      <trkpt lat="31.8359795" lon="35.37477057">
        <ele>-19.1</ele>
        <time>2025-10-12T19:24:20.153Z</time>
      </trkpt>
      <trkpt lat="31.83596634" lon="35.3748072">
        <ele>-19.09</ele>
        <time>2025-10-12T19:24:31.153Z</time>
      </trkpt>
      <trkpt lat="31.83597799" lon="35.3748404">
        <ele>-19.08</ele>
        <time>2025-10-12T19:24:42.157Z</time>
      </trkpt>
      <trkpt lat="31.83598151" lon="35.37486613">
        <ele>-19.05</ele>
        <time>2025-10-12T19:24:53.164Z</time>
      </trkpt>
      <trkpt lat="31.83593927" lon="35.37492941">
        <ele>-19.04</ele>
        <time>2025-10-12T19:25:04.179Z</time>
      </trkpt>
      <trkpt lat="31.83592276" lon="35.37495489">
        <ele>-18.99</ele>
        <time>2025-10-12T19:25:15.197Z</time>
      </trkpt>
      <trkpt lat="31.83591479" lon="35.37501105">
        <ele>-18.95</ele>
        <time>2025-10-12T19:25:26.221Z</time>
      </trkpt>
      <trkpt lat="31.83590926" lon="35.37507811">
        <ele>-18.91</ele>
        <time>2025-10-12T19:25:37.251Z</time>
      </trkpt>
      <trkpt lat="31.83591278" lon="35.37511918">
        <ele>-18.88</ele>
        <time>2025-10-12T19:25:48.286Z</time>
      </trkpt>
      <trkpt lat="31.83589594" lon="35.37514005">
        <ele>-18.8</ele>
        <time>2025-10-12T19:25:59.323Z</time>
      </trkpt>
      <trkpt lat="31.83583944" lon="35.37520308">
        <ele>-18.66</ele>
        <time>2025-10-12T19:26:10.370Z</time>
      </trkpt>
      <trkpt lat="31.83582653" lon="35.37530827">
        <ele>-18.59</ele>
        <time>2025-10-12T19:26:21.427Z</time>
      </trkpt>
      <trkpt lat="31.83582704" lon="35.37534172">
        <ele>-18.55</ele>
        <time>2025-10-12T19:26:32.488Z</time>
      </trkpt>
      <trkpt lat="31.8358267" lon="35.3753511">
        <ele>-18.53</ele>
        <time>2025-10-12T19:26:43.550Z</time>
      </trkpt>
      <trkpt lat="31.83583114" lon="35.3753615">
        <ele>-18.53</ele>
        <time>2025-10-12T19:26:54.613Z</time>
      </trkpt>
      <trkpt lat="31.83582854" lon="35.37535848">
        <ele>-18.53</ele>
        <time>2025-10-12T19:27:05.676Z</time>
      </trkpt>
      <trkpt lat="31.83582695" lon="35.3753568">
        <ele>-18.55</ele>
        <time>2025-10-12T19:27:16.739Z</time>
      </trkpt>
      <trkpt lat="31.83582989" lon="35.37535974">
        <ele>-18.6</ele>
        <time>2025-10-12T19:27:27.803Z</time>
      </trkpt>
      <trkpt lat="31.83583198" lon="35.37536133">
        <ele>-18.67</ele>
        <time>2025-10-12T19:27:38.867Z</time>
      </trkpt>
      <trkpt lat="31.83583441" lon="35.37536745">
        <ele>-18.75</ele>
        <time>2025-10-12T19:27:49.932Z</time>
      </trkpt>
      <trkpt lat="31.83586299" lon="35.37542537">
        <ele>-18.9</ele>
        <time>2025-10-12T19:28:01.003Z</time>
      </trkpt>
      <trkpt lat="31.83590935" lon="35.37546585">
        <ele>-19.12</ele>
        <time>2025-10-12T19:28:12.081Z</time>
      </trkpt>
      <trkpt lat="31.83591563" lon="35.37547683">
        <ele>-19.27</ele>
        <time>2025-10-12T19:28:23.161Z</time>
      </trkpt>
      <trkpt lat="31.83592502" lon="35.37551774">
        <ele>-19.43</ele>
        <time>2025-10-12T19:28:34.245Z</time>
      </trkpt>
      <trkpt lat="31.83592158" lon="35.37553308">
        <ele>-19.58</ele>
        <time>2025-10-12T19:28:45.330Z</time>
      </trkpt>
      <trkpt lat="31.83590138" lon="35.375635">
        <ele>-19.62</ele>
        <time>2025-10-12T19:28:56.426Z</time>
      </trkpt>
      <trkpt lat="31.83591119" lon="35.37565076">
        <ele>-19.84</ele>
        <time>2025-10-12T19:29:07.524Z</time>
      </trkpt>
      <trkpt lat="31.83592862" lon="35.37575117">
        <ele>-20.01</ele>
        <time>2025-10-12T19:29:18.632Z</time>
      </trkpt>
      <trkpt lat="31.83593055" lon="35.37577959">
        <ele>-20.24</ele>
        <time>2025-10-12T19:29:29.743Z</time>
      </trkpt>
      <trkpt lat="31.835964" lon="35.3758816">
        <ele>-20.51</ele>
        <time>2025-10-12T19:29:40.865Z</time>
      </trkpt>
      <trkpt lat="31.83601554" lon="35.37596684">
        <ele>-20.87</ele>
        <time>2025-10-12T19:29:51.997Z</time>
      </trkpt>
      <trkpt lat="31.83606491" lon="35.37601629">
        <ele>-21.26</ele>
        <time>2025-10-12T19:30:03.137Z</time>
      </trkpt>
      <trkpt lat="31.83609341" lon="35.37602962">
        <ele>-21.65</ele>
        <time>2025-10-12T19:30:14.281Z</time>
      </trkpt>
      <trkpt lat="31.83614882" lon="35.37606298">
        <ele>-22.09</ele>
        <time>2025-10-12T19:30:25.432Z</time>
      </trkpt>
      <trkpt lat="31.83614689" lon="35.37606088">
        <ele>-22.43</ele>
        <time>2025-10-12T19:30:36.583Z</time>
      </trkpt>
      <trkpt lat="31.83614421" lon="35.37605326">
        <ele>-22.77</ele>
        <time>2025-10-12T19:30:47.735Z</time>
      </trkpt>
      <trkpt lat="31.83614798" lon="35.37604295">
        <ele>-23.13</ele>
        <time>2025-10-12T19:30:58.888Z</time>
      </trkpt>
      <trkpt lat="31.83614739" lon="35.37604756">
        <ele>-23.46</ele>
        <time>2025-10-12T19:31:10.042Z</time>
      </trkpt>
      <trkpt lat="31.836152" lon="35.37604169">
        <ele>-23.81</ele>
        <time>2025-10-12T19:31:21.196Z</time>
      </trkpt>
      <trkpt lat="31.83616986" lon="35.37604647">
        <ele>-24.19</ele>
        <time>2025-10-12T19:31:32.353Z</time>
      </trkpt>
      <trkpt lat="31.83623306" lon="35.37607446">
        <ele>-24.56</ele>
        <time>2025-10-12T19:31:43.518Z</time>
      </trkpt>
      <trkpt lat="31.83628385" lon="35.37614554">
        <ele>-24.87</ele>
        <time>2025-10-12T19:31:54.692Z</time>
      </trkpt>
      <trkpt lat="31.83634428" lon="35.37627496">
        <ele>-25.16</ele>
        <time>2025-10-12T19:32:05.881Z</time>
      </trkpt>
      <trkpt lat="31.83637781" lon="35.37634302">
        <ele>-25.43</ele>
        <time>2025-10-12T19:32:17.078Z</time>
      </trkpt>
      <trkpt lat="31.83638116" lon="35.37635291">
        <ele>-25.67</ele>
        <time>2025-10-12T19:32:28.276Z</time>
      </trkpt>
      <trkpt lat="31.83640086" lon="35.37639063">
        <ele>-25.92</ele>
        <time>2025-10-12T19:32:39.478Z</time>
      </trkpt>
      <trkpt lat="31.83642584" lon="35.37644478">
        <ele>-26.14</ele>
        <time>2025-10-12T19:32:50.686Z</time>
      </trkpt>
      <trkpt lat="31.83641989" lon="35.37657059">
        <ele>-26.36</ele>
        <time>2025-10-12T19:33:01.907Z</time>
      </trkpt>
      <trkpt lat="31.83641503" lon="35.37664703">
        <ele>-26.52</ele>
        <time>2025-10-12T19:33:13.136Z</time>
      </trkpt>
      <trkpt lat="31.83639516" lon="35.37668517">
        <ele>-26.64</ele>
        <time>2025-10-12T19:33:24.369Z</time>
      </trkpt>
      <trkpt lat="31.83638393" lon="35.3767114">
        <ele>-26.74</ele>
        <time>2025-10-12T19:33:35.605Z</time>
      </trkpt>
      <trkpt lat="31.8363561" lon="35.37677578">
        <ele>-26.81</ele>
        <time>2025-10-12T19:33:46.848Z</time>
      </trkpt>
      <trkpt lat="31.83631679" lon="35.37682791">
        <ele>-26.9</ele>
        <time>2025-10-12T19:33:58.098Z</time>
      </trkpt>
      <trkpt lat="31.83624236" lon="35.3769">
        <ele>-26.97</ele>
        <time>2025-10-12T19:34:09.359Z</time>
      </trkpt>
      <trkpt lat="31.83620581" lon="35.37691936">
        <ele>-26.99</ele>
        <time>2025-10-12T19:34:20.625Z</time>
      </trkpt>
      <trkpt lat="31.83618268" lon="35.37693461">
        <ele>-26.97</ele>
        <time>2025-10-12T19:34:31.894Z</time>
      </trkpt>
      <trkpt lat="31.83613633" lon="35.37700175">
        <ele>-26.9</ele>
        <time>2025-10-12T19:34:43.172Z</time>
      </trkpt>
      <trkpt lat="31.83608495" lon="35.37704182">
        <ele>-26.81</ele>
        <time>2025-10-12T19:34:54.457Z</time>
      </trkpt>
      <trkpt lat="31.83607916" lon="35.37705272">
        <ele>-26.77</ele>
        <time>2025-10-12T19:35:05.743Z</time>
      </trkpt>
      <trkpt lat="31.83600741" lon="35.37716277">
        <ele>-26.86</ele>
        <time>2025-10-12T19:35:17.043Z</time>
      </trkpt>
      <trkpt lat="31.83593474" lon="35.37723787">
        <ele>-26.87</ele>
        <time>2025-10-12T19:35:28.355Z</time>
      </trkpt>
      <trkpt lat="31.83586685" lon="35.37730702">
        <ele>-26.8</ele>
        <time>2025-10-12T19:35:39.677Z</time>
      </trkpt>
      <trkpt lat="31.83578529" lon="35.3774009">
        <ele>-26.74</ele>
        <time>2025-10-12T19:35:51.013Z</time>
      </trkpt>
      <trkpt lat="31.83570223" lon="35.3775335">
        <ele>-26.66</ele>
        <time>2025-10-12T19:36:02.365Z</time>
      </trkpt>
      <trkpt lat="31.83561807" lon="35.37759092">
        <ele>-26.55</ele>
        <time>2025-10-12T19:36:13.729Z</time>
      </trkpt>
      <trkpt lat="31.83559804" lon="35.3776029">
        <ele>-26.5</ele>
        <time>2025-10-12T19:36:25.095Z</time>
      </trkpt>
      <trkpt lat="31.83557013" lon="35.37763107">
        <ele>-26.45</ele>
        <time>2025-10-12T19:36:36.466Z</time>
      </trkpt>
      <trkpt lat="31.8355563" lon="35.37767541">
        <ele>-26.48</ele>
        <time>2025-10-12T19:36:47.841Z</time>
      </trkpt>
      <trkpt lat="31.83554867" lon="35.3776941">
        <ele>-26.55</ele>
        <time>2025-10-12T19:36:59.218Z</time>
      </trkpt>
      <trkpt lat="31.83554809" lon="35.37770349">
        <ele>-26.65</ele>
        <time>2025-10-12T19:37:10.596Z</time>
      </trkpt>
      <trkpt lat="31.83554247" lon="35.37772302">
        <ele>-26.78</ele>
        <time>2025-10-12T19:37:21.976Z</time>
      </trkpt>
      <trkpt lat="31.83553468" lon="35.37773618">
        <ele>-26.92</ele>
        <time>2025-10-12T19:37:33.358Z</time>
      </trkpt>
      <trkpt lat="31.835533" lon="35.37773735">
        <ele>-27.1</ele>
        <time>2025-10-12T19:37:44.740Z</time>
      </trkpt>
      <trkpt lat="31.83553392" lon="35.37773886">
        <ele>-27.31</ele>
        <time>2025-10-12T19:37:56.122Z</time>
      </trkpt>
      <trkpt lat="31.83553308" lon="35.37773936">
        <ele>-27.56</ele>
        <time>2025-10-12T19:38:07.505Z</time>
      </trkpt>
      <trkpt lat="31.83553183" lon="35.37773995">
        <ele>-27.83</ele>
        <time>2025-10-12T19:38:18.888Z</time>
      </trkpt>
      <trkpt lat="31.83548564" lon="35.37781471">
        <ele>-28.12</ele>
        <time>2025-10-12T19:38:30.280Z</time>
      </trkpt>
      <trkpt lat="31.83546938" lon="35.37794966">
        <ele>-28.56</ele>
        <time>2025-10-12T19:38:41.686Z</time>
      </trkpt>
      <trkpt lat="31.83543543" lon="35.3780764">
        <ele>-29.01</ele>
        <time>2025-10-12T19:38:53.105Z</time>
      </trkpt>
      <trkpt lat="31.83539822" lon="35.37813985">
        <ele>-29.44</ele>
        <time>2025-10-12T19:39:04.532Z</time>
      </trkpt>
      <trkpt lat="31.83538288" lon="35.37816592">
        <ele>-29.86</ele>
        <time>2025-10-12T19:39:15.962Z</time>
      </trkpt>
      <trkpt lat="31.8353755" lon="35.37821956">
        <ele>-30.33</ele>
        <time>2025-10-12T19:39:27.397Z</time>
      </trkpt>
      <trkpt lat="31.8353786" lon="35.37822677">
        <ele>-30.76</ele>
        <time>2025-10-12T19:39:38.833Z</time>
      </trkpt>
      <trkpt lat="31.83535019" lon="35.37828561">
        <ele>-31.2</ele>
        <time>2025-10-12T19:39:50.276Z</time>
      </trkpt>
      <trkpt lat="31.83536033" lon="35.37833992">
        <ele>-31.7</ele>
        <time>2025-10-12T19:40:01.724Z</time>
      </trkpt>
      <trkpt lat="31.83535899" lon="35.3783509">
        <ele>-32.14</ele>
        <time>2025-10-12T19:40:13.174Z</time>
      </trkpt>
      <trkpt lat="31.83533778" lon="35.37846046">
        <ele>-32.58</ele>
        <time>2025-10-12T19:40:24.635Z</time>
      </trkpt>
      <trkpt lat="31.83532152" lon="35.37852039">
        <ele>-33.01</ele>
        <time>2025-10-12T19:40:36.102Z</time>
      </trkpt>
      <trkpt lat="31.83531398" lon="35.37856959">
        <ele>-33.49</ele>
        <time>2025-10-12T19:40:47.574Z</time>
      </trkpt>
      <trkpt lat="31.83530468" lon="35.37864477">
        <ele>-33.92</ele>
        <time>2025-10-12T19:40:59.054Z</time>
      </trkpt>
      <trkpt lat="31.83530644" lon="35.3787218">
        <ele>-34.34</ele>
        <time>2025-10-12T19:41:10.541Z</time>
      </trkpt>
      <trkpt lat="31.83529856" lon="35.37882515">
        <ele>-34.75</ele>
        <time>2025-10-12T19:41:22.039Z</time>
      </trkpt>
      <trkpt lat="31.8352937" lon="35.37885248">
        <ele>-35.11</ele>
        <time>2025-10-12T19:41:33.540Z</time>
      </trkpt>
      <trkpt lat="31.83528204" lon="35.37897293">
        <ele>-35.43</ele>
        <time>2025-10-12T19:41:45.053Z</time>
      </trkpt>
      <trkpt lat="31.83527961" lon="35.37899681">
        <ele>-35.74</ele>
        <time>2025-10-12T19:41:56.568Z</time>
      </trkpt>
      <trkpt lat="31.83527551" lon="35.37900553">
        <ele>-36.03</ele>
        <time>2025-10-12T19:42:08.084Z</time>
      </trkpt>
      <trkpt lat="31.83527182" lon="35.3790611">
        <ele>-36.29</ele>
        <time>2025-10-12T19:42:19.606Z</time>
      </trkpt>
      <trkpt lat="31.83522429" lon="35.37907166">
        <ele>-36.48</ele>
        <time>2025-10-12T19:42:31.133Z</time>
      </trkpt>
      <trkpt lat="31.83521398" lon="35.37907803">
        <ele>-36.69</ele>
        <time>2025-10-12T19:42:42.662Z</time>
      </trkpt>
      <trkpt lat="31.83519647" lon="35.37909119">
        <ele>-36.86</ele>
        <time>2025-10-12T19:42:54.193Z</time>
      </trkpt>
      <trkpt lat="31.83517115" lon="35.3791129">
        <ele>-37</ele>
        <time>2025-10-12T19:43:05.728Z</time>
      </trkpt>
      <trkpt lat="31.83516587" lon="35.37912187">
        <ele>-37.12</ele>
        <time>2025-10-12T19:43:17.264Z</time>
      </trkpt>
      <trkpt lat="31.83516243" lon="35.37912849">
        <ele>-37.22</ele>
        <time>2025-10-12T19:43:28.801Z</time>
      </trkpt>
      <trkpt lat="31.83514751" lon="35.37915741">
        <ele>-37.27</ele>
        <time>2025-10-12T19:43:40.341Z</time>
      </trkpt>
      <trkpt lat="31.83514223" lon="35.37918499">
        <ele>-37.3</ele>
        <time>2025-10-12T19:43:51.884Z</time>
      </trkpt>
      <trkpt lat="31.83514064" lon="35.37918541">
        <ele>-37.32</ele>
        <time>2025-10-12T19:44:03.427Z</time>
      </trkpt>
      <trkpt lat="31.83514056" lon="35.37918574">
        <ele>-37.31</ele>
        <time>2025-10-12T19:44:14.970Z</time>
      </trkpt>
      <trkpt lat="31.83519286" lon="35.3792326">
        <ele>-37.28</ele>
        <time>2025-10-12T19:44:26.521Z</time>
      </trkpt>
      <trkpt lat="31.83522505" lon="35.37926981">
        <ele>-37.22</ele>
        <time>2025-10-12T19:44:38.077Z</time>
      </trkpt>
      <trkpt lat="31.83523452" lon="35.37928465">
        <ele>-37.11</ele>
        <time>2025-10-12T19:44:49.635Z</time>
      </trkpt>
      <trkpt lat="31.83525422" lon="35.37933745">
        <ele>-36.97</ele>
        <time>2025-10-12T19:45:01.199Z</time>
      </trkpt>
      <trkpt lat="31.83525665" lon="35.37934609">
        <ele>-36.79</ele>
        <time>2025-10-12T19:45:12.764Z</time>
      </trkpt>
      <trkpt lat="31.83526277" lon="35.37935321">
        <ele>-36.57</ele>
        <time>2025-10-12T19:45:24.330Z</time>
      </trkpt>
      <trkpt lat="31.83526855" lon="35.379374">
        <ele>-36.31</ele>
        <time>2025-10-12T19:45:35.898Z</time>
      </trkpt>
      <trkpt lat="31.83528238" lon="35.37940468">
        <ele>-36.01</ele>
        <time>2025-10-12T19:45:47.470Z</time>
      </trkpt>
      <trkpt lat="31.8352838" lon="35.37942077">
        <ele>-35.66</ele>
        <time>2025-10-12T19:45:59.043Z</time>
      </trkpt>
      <trkpt lat="31.8352491" lon="35.37944147">
        <ele>-35.24</ele>
        <time>2025-10-12T19:46:10.621Z</time>
      </trkpt>
      <trkpt lat="31.83520879" lon="35.37944181">
        <ele>-34.79</ele>
        <time>2025-10-12T19:46:22.203Z</time>
      </trkpt>
      <trkpt lat="31.83518062" lon="35.3794522">
        <ele>-34.29</ele>
        <time>2025-10-12T19:46:33.789Z</time>
      </trkpt>
      <trkpt lat="31.83517777" lon="35.37945413">
        <ele>-33.76</ele>
        <time>2025-10-12T19:46:45.375Z</time>
      </trkpt>
      <trkpt lat="31.83516596" lon="35.37945941">
        <ele>-33.18</ele>
        <time>2025-10-12T19:46:56.963Z</time>
      </trkpt>
      <trkpt lat="31.83516596" lon="35.37945824">
        <ele>-32.57</ele>
        <time>2025-10-12T19:47:08.551Z</time>
      </trkpt>
      <trkpt lat="31.83511776" lon="35.37952219">
        <ele>-31.84</ele>
        <time>2025-10-12T19:47:20.147Z</time>
      </trkpt>
      <trkpt lat="31.83505473" lon="35.37960299">
        <ele>-31.05</ele>
        <time>2025-10-12T19:47:31.754Z</time>
      </trkpt>
      <trkpt lat="31.83503243" lon="35.37963132">
        <ele>-30.28</ele>
        <time>2025-10-12T19:47:43.365Z</time>
      </trkpt>
      <trkpt lat="31.83501307" lon="35.37966418">
        <ele>-29.45</ele>
        <time>2025-10-12T19:47:54.980Z</time>
      </trkpt>
      <trkpt lat="31.83498843" lon="35.37969637">
        <ele>-28.59</ele>
        <time>2025-10-12T19:48:06.600Z</time>
      </trkpt>
      <trkpt lat="31.83498382" lon="35.37971263">
        <ele>-27.71</ele>
        <time>2025-10-12T19:48:18.221Z</time>
      </trkpt>
      <trkpt lat="31.83497921" lon="35.37974465">
        <ele>-26.77</ele>
        <time>2025-10-12T19:48:29.846Z</time>
      </trkpt>
      <trkpt lat="31.83493889" lon="35.37979553">
        <ele>-25.76</ele>
        <time>2025-10-12T19:48:41.478Z</time>
      </trkpt>
      <trkpt lat="31.83492833" lon="35.37982377">
        <ele>-24.75</ele>
        <time>2025-10-12T19:48:53.113Z</time>
      </trkpt>
      <trkpt lat="31.83491073" lon="35.3798423">
        <ele>-23.72</ele>
        <time>2025-10-12T19:49:04.750Z</time>
      </trkpt>
      <trkpt lat="31.83489924" lon="35.37986937">
        <ele>-22.64</ele>
        <time>2025-10-12T19:49:16.390Z</time>
      </trkpt>
      <trkpt lat="31.83486538" lon="35.37993089">
        <ele>-21.48</ele>
        <time>2025-10-12T19:49:28.038Z</time>
      </trkpt>
      <trkpt lat="31.83485222" lon="35.37995956">
        <ele>-20.34</ele>
        <time>2025-10-12T19:49:39.689Z</time>
      </trkpt>
      <trkpt lat="31.8348451" lon="35.37999141">
        <ele>-19.19</ele>
        <time>2025-10-12T19:49:51.343Z</time>
      </trkpt>
      <trkpt lat="31.83481777" lon="35.38002041">
        <ele>-17.96</ele>
        <time>2025-10-12T19:50:03.002Z</time>
      </trkpt>
      <trkpt lat="31.83481903" lon="35.38003047">
        <ele>-16.78</ele>
        <time>2025-10-12T19:50:14.662Z</time>
      </trkpt>
      <trkpt lat="31.83481609" lon="35.38004698">
        <ele>-15.57</ele>
        <time>2025-10-12T19:50:26.323Z</time>
      </trkpt>
      <trkpt lat="31.83479765" lon="35.38008152">
        <ele>-14.29</ele>
        <time>2025-10-12T19:50:37.989Z</time>
      </trkpt>
      <trkpt lat="31.83478232" lon="35.38011236">
        <ele>-13.02</ele>
        <time>2025-10-12T19:50:49.658Z</time>
      </trkpt>
      <trkpt lat="31.83475097" lon="35.38015905">
        <ele>-11.69</ele>
        <time>2025-10-12T19:51:01.333Z</time>
      </trkpt>
      <trkpt lat="31.8347368" lon="35.38019559">
        <ele>-10.39</ele>
        <time>2025-10-12T19:51:13.012Z</time>
      </trkpt>
      <trkpt lat="31.8346674" lon="35.38023189">
        <ele>-9.08</ele>
        <time>2025-10-12T19:51:24.700Z</time>
      </trkpt>
      <trkpt lat="31.83461476" lon="35.38029433">
        <ele>-7.75</ele>
        <time>2025-10-12T19:51:36.397Z</time>
      </trkpt>
      <trkpt lat="31.83457855" lon="35.38036533">
        <ele>-6.42</ele>
        <time>2025-10-12T19:51:48.102Z</time>
      </trkpt>
      <trkpt lat="31.83456346" lon="35.38044001">
        <ele>-5.09</ele>
        <time>2025-10-12T19:51:59.815Z</time>
      </trkpt>
      <trkpt lat="31.8345488" lon="35.38051553">
        <ele>-3.77</ele>
        <time>2025-10-12T19:52:11.536Z</time>
      </trkpt>
      <trkpt lat="31.83451334" lon="35.38059633">
        <ele>-2.49</ele>
        <time>2025-10-12T19:52:23.266Z</time>
      </trkpt>
      <trkpt lat="31.83449373" lon="35.38061963">
        <ele>-1.24</ele>
        <time>2025-10-12T19:52:34.999Z</time>
      </trkpt>
      <trkpt lat="31.83442617" lon="35.38066389">
        <ele>0.02</ele>
        <time>2025-10-12T19:52:46.741Z</time>
      </trkpt>
      <trkpt lat="31.83436163" lon="35.3806996">
        <ele>1.3</ele>
        <time>2025-10-12T19:52:58.491Z</time>
      </trkpt>
      <trkpt lat="31.83433514" lon="35.38070647">
        <ele>2.55</ele>
        <time>2025-10-12T19:53:10.245Z</time>
      </trkpt>
      <trkpt lat="31.83432542" lon="35.38070471">
        <ele>3.77</ele>
        <time>2025-10-12T19:53:22.000Z</time>
      </trkpt>
      <trkpt lat="31.83426079" lon="35.38071301">
        <ele>5.04</ele>
        <time>2025-10-12T19:53:33.762Z</time>
      </trkpt>
      <trkpt lat="31.83422324" lon="35.38071787">
        <ele>6.26</ele>
        <time>2025-10-12T19:53:45.529Z</time>
      </trkpt>
      <trkpt lat="31.83414797" lon="35.38072156">
        <ele>7.49</ele>
        <time>2025-10-12T19:53:57.305Z</time>
      </trkpt>
      <trkpt lat="31.83406583" lon="35.38075081">
        <ele>8.76</ele>
        <time>2025-10-12T19:54:09.091Z</time>
      </trkpt>
      <trkpt lat="31.83399316" lon="35.38079917">
        <ele>10.04</ele>
        <time>2025-10-12T19:54:20.887Z</time>
      </trkpt>
      <trkpt lat="31.83394647" lon="35.38087268">
        <ele>11.33</ele>
        <time>2025-10-12T19:54:32.692Z</time>
      </trkpt>
      <trkpt lat="31.83390867" lon="35.38093898">
        <ele>12.61</ele>
        <time>2025-10-12T19:54:44.505Z</time>
      </trkpt>
      <trkpt lat="31.83386642" lon="35.38098777">
        <ele>13.89</ele>
        <time>2025-10-12T19:54:56.325Z</time>
      </trkpt>
      <trkpt lat="31.83383273" lon="35.38105524">
        <ele>15.2</ele>
        <time>2025-10-12T19:55:08.152Z</time>
      </trkpt>
      <trkpt lat="31.83379099" lon="35.38109682">
        <ele>16.47</ele>
        <time>2025-10-12T19:55:19.986Z</time>
      </trkpt>
      <trkpt lat="31.83374614" lon="35.38113009">
        <ele>17.73</ele>
        <time>2025-10-12T19:55:31.826Z</time>
      </trkpt>
      <trkpt lat="31.83369962" lon="35.3811663">
        <ele>19.02</ele>
        <time>2025-10-12T19:55:43.673Z</time>
      </trkpt>
      <trkpt lat="31.83363928" lon="35.38119731">
        <ele>20.32</ele>
        <time>2025-10-12T19:55:55.527Z</time>
      </trkpt>
      <trkpt lat="31.83362109" lon="35.38119991">
        <ele>21.51</ele>
        <time>2025-10-12T19:56:07.384Z</time>
      </trkpt>
      <trkpt lat="31.83358513" lon="35.38120813">
        <ele>22.73</ele>
        <time>2025-10-12T19:56:19.245Z</time>
      </trkpt>
      <trkpt lat="31.83357641" lon="35.38121265">
        <ele>23.91</ele>
        <time>2025-10-12T19:56:31.107Z</time>
      </trkpt>
      <trkpt lat="31.83349871" lon="35.38121777">
        <ele>25.13</ele>
        <time>2025-10-12T19:56:42.978Z</time>
      </trkpt>
      <trkpt lat="31.8334387" lon="35.38122045">
        <ele>26.32</ele>
        <time>2025-10-12T19:56:54.856Z</time>
      </trkpt>
      <trkpt lat="31.83340458" lon="35.38122464">
        <ele>27.47</ele>
        <time>2025-10-12T19:57:06.738Z</time>
      </trkpt>
      <trkpt lat="31.83332018" lon="35.38124107">
        <ele>28.65</ele>
        <time>2025-10-12T19:57:18.630Z</time>
      </trkpt>
      <trkpt lat="31.83330425" lon="35.38124409">
        <ele>29.78</ele>
        <time>2025-10-12T19:57:30.524Z</time>
      </trkpt>
      <trkpt lat="31.8332211" lon="35.38123805">
        <ele>30.95</ele>
        <time>2025-10-12T19:57:42.428Z</time>
      </trkpt>
      <trkpt lat="31.8332123" lon="35.38123788">
        <ele>32.06</ele>
        <time>2025-10-12T19:57:54.333Z</time>
      </trkpt>
      <trkpt lat="31.83315706" lon="35.38124392">
        <ele>33.2</ele>
        <time>2025-10-12T19:58:06.245Z</time>
      </trkpt>
      <trkpt lat="31.83305145" lon="35.38125079">
        <ele>34.33</ele>
        <time>2025-10-12T19:58:18.169Z</time>
      </trkpt>
      <trkpt lat="31.83296562" lon="35.38125247">
        <ele>35.45</ele>
        <time>2025-10-12T19:58:30.103Z</time>
      </trkpt>
      <trkpt lat="31.83295146" lon="35.38124476">
        <ele>36.51</ele>
        <time>2025-10-12T19:58:42.039Z</time>
      </trkpt>
      <trkpt lat="31.83293352" lon="35.38123964">
        <ele>37.56</ele>
        <time>2025-10-12T19:58:53.977Z</time>
      </trkpt>
      <trkpt lat="31.83285339" lon="35.38124375">
        <ele>38.63</ele>
        <time>2025-10-12T19:59:05.924Z</time>
      </trkpt>
      <trkpt lat="31.83276127" lon="35.38126672">
        <ele>39.67</ele>
        <time>2025-10-12T19:59:17.882Z</time>
      </trkpt>
      <trkpt lat="31.83266563" lon="35.38134752">
        <ele>40.78</ele>
        <time>2025-10-12T19:59:29.854Z</time>
      </trkpt>
      <trkpt lat="31.83260813" lon="35.38144257">
        <ele>41.91</ele>
        <time>2025-10-12T19:59:41.838Z</time>
      </trkpt>
      <trkpt lat="31.83253571" lon="35.38149638">
        <ele>42.95</ele>
        <time>2025-10-12T19:59:53.832Z</time>
      </trkpt>
      <trkpt lat="31.83245768" lon="35.38155698">
        <ele>43.97</ele>
        <time>2025-10-12T20:00:05.837Z</time>
      </trkpt>
      <trkpt lat="31.8323871" lon="35.38161297">
        <ele>44.97</ele>
        <time>2025-10-12T20:00:17.852Z</time>
      </trkpt>
      <trkpt lat="31.83236632" lon="35.38163611">
        <ele>45.84</ele>
        <time>2025-10-12T20:00:29.870Z</time>
      </trkpt>
      <trkpt lat="31.83235475" lon="35.38166117">
        <ele>46.66</ele>
        <time>2025-10-12T20:00:41.891Z</time>
      </trkpt>
      <trkpt lat="31.83234637" lon="35.38166754">
        <ele>47.42</ele>
        <time>2025-10-12T20:00:53.913Z</time>
      </trkpt>
      <trkpt lat="31.83230605" lon="35.38165966">
        <ele>48.14</ele>
        <time>2025-10-12T20:01:05.940Z</time>
      </trkpt>
      <trkpt lat="31.83230345" lon="35.38166595">
        <ele>48.82</ele>
        <time>2025-10-12T20:01:17.968Z</time>
      </trkpt>
      <trkpt lat="31.8322804" lon="35.38168472">
        <ele>49.47</ele>
        <time>2025-10-12T20:01:29.999Z</time>
      </trkpt>
      <trkpt lat="31.83216557" lon="35.38172998">
        <ele>50.12</ele>
        <time>2025-10-12T20:01:42.044Z</time>
      </trkpt>
      <trkpt lat="31.83208711" lon="35.38170601">
        <ele>50.65</ele>
        <time>2025-10-12T20:01:54.099Z</time>
      </trkpt>
      <trkpt lat="31.83196382" lon="35.38162001">
        <ele>51.07</ele>
        <time>2025-10-12T20:02:06.171Z</time>
      </trkpt>
      <trkpt lat="31.83189215" lon="35.38157819">
        <ele>51.49</ele>
        <time>2025-10-12T20:02:18.252Z</time>
      </trkpt>
      <trkpt lat="31.83186013" lon="35.38155933">
        <ele>51.92</ele>
        <time>2025-10-12T20:02:30.337Z</time>
      </trkpt>
      <trkpt lat="31.83177045" lon="35.38156335">
        <ele>52.38</ele>
        <time>2025-10-12T20:02:42.433Z</time>
      </trkpt>
      <trkpt lat="31.83168998" lon="35.38161029">
        <ele>52.87</ele>
        <time>2025-10-12T20:02:54.540Z</time>
      </trkpt>
      <trkpt lat="31.83160926" lon="35.38168816">
        <ele>53.37</ele>
        <time>2025-10-12T20:03:06.659Z</time>
      </trkpt>
      <trkpt lat="31.83153215" lon="35.38175899">
        <ele>53.81</ele>
        <time>2025-10-12T20:03:18.789Z</time>
      </trkpt>
      <trkpt lat="31.83142612" lon="35.38178891">
        <ele>54.1</ele>
        <time>2025-10-12T20:03:30.932Z</time>
      </trkpt>
      <trkpt lat="31.83127717" lon="35.38177952">
        <ele>54.26</ele>
        <time>2025-10-12T20:03:43.093Z</time>
      </trkpt>
      <trkpt lat="31.83120886" lon="35.38180768">
        <ele>54.5</ele>
        <time>2025-10-12T20:03:55.262Z</time>
      </trkpt>
      <trkpt lat="31.83118589" lon="35.38180668">
        <ele>54.68</ele>
        <time>2025-10-12T20:04:07.434Z</time>
      </trkpt>
      <trkpt lat="31.83117818" lon="35.38181121">
        <ele>54.87</ele>
        <time>2025-10-12T20:04:19.607Z</time>
      </trkpt>
      <trkpt lat="31.83111624" lon="35.38185278">
        <ele>55.02</ele>
        <time>2025-10-12T20:04:31.788Z</time>
      </trkpt>
      <trkpt lat="31.83106033" lon="35.38197658">
        <ele>55.25</ele>
        <time>2025-10-12T20:04:43.983Z</time>
      </trkpt>
      <trkpt lat="31.83103066" lon="35.38208487">
        <ele>55.43</ele>
        <time>2025-10-12T20:04:56.190Z</time>
      </trkpt>
      <trkpt lat="31.83099319" lon="35.38223499">
        <ele>55.59</ele>
        <time>2025-10-12T20:05:08.412Z</time>
      </trkpt>
      <trkpt lat="31.83094726" lon="35.38231932">
        <ele>55.67</ele>
        <time>2025-10-12T20:05:20.644Z</time>
      </trkpt>
      <trkpt lat="31.83090401" lon="35.38234647">
        <ele>55.7</ele>
        <time>2025-10-12T20:05:32.882Z</time>
      </trkpt>
      <trkpt lat="31.8308227" lon="35.38243121">
        <ele>55.73</ele>
        <time>2025-10-12T20:05:45.133Z</time>
      </trkpt>
      <trkpt lat="31.8308186" lon="35.38244077">
        <ele>55.78</ele>
        <time>2025-10-12T20:05:57.385Z</time>
      </trkpt>
      <trkpt lat="31.83080485" lon="35.38246424">
        <ele>55.81</ele>
        <time>2025-10-12T20:06:09.640Z</time>
      </trkpt>
      <trkpt lat="31.83078264" lon="35.38249827">
        <ele>55.83</ele>
        <time>2025-10-12T20:06:21.899Z</time>
      </trkpt>
      <trkpt lat="31.83074526" lon="35.3825546">
        <ele>55.85</ele>
        <time>2025-10-12T20:06:34.165Z</time>
      </trkpt>
      <trkpt lat="31.83070611" lon="35.38260791">
        <ele>55.88</ele>
        <time>2025-10-12T20:06:46.438Z</time>
      </trkpt>
      <trkpt lat="31.83068189" lon="35.38263473">
        <ele>55.9</ele>
        <time>2025-10-12T20:06:58.715Z</time>
      </trkpt>
      <trkpt lat="31.83064861" lon="35.38266029">
        <ele>55.92</ele>
        <time>2025-10-12T20:07:10.997Z</time>
      </trkpt>
      <trkpt lat="31.8306088" lon="35.38270178">
        <ele>55.93</ele>
        <time>2025-10-12T20:07:23.285Z</time>
      </trkpt>
      <trkpt lat="31.83055054" lon="35.38271695">
        <ele>55.94</ele>
        <time>2025-10-12T20:07:35.580Z</time>
      </trkpt>
      <trkpt lat="31.83051911" lon="35.3827302">
        <ele>55.98</ele>
        <time>2025-10-12T20:07:47.879Z</time>
      </trkpt>
      <trkpt lat="31.83046857" lon="35.38274386">
        <ele>56.02</ele>
        <time>2025-10-12T20:08:00.184Z</time>
      </trkpt>
      <trkpt lat="31.83042943" lon="35.38275878">
        <ele>56.08</ele>
        <time>2025-10-12T20:08:12.494Z</time>
      </trkpt>
      <trkpt lat="31.83038467" lon="35.3827675">
        <ele>56.15</ele>
        <time>2025-10-12T20:08:24.809Z</time>
      </trkpt>
      <trkpt lat="31.83035097" lon="35.38277781">
        <ele>56.27</ele>
        <time>2025-10-12T20:08:37.128Z</time>
      </trkpt>
      <trkpt lat="31.83023413" lon="35.38281955">
        <ele>56.43</ele>
        <time>2025-10-12T20:08:49.462Z</time>
      </trkpt>
      <trkpt lat="31.8301659" lon="35.38286506">
        <ele>56.65</ele>
        <time>2025-10-12T20:09:01.805Z</time>
      </trkpt>
      <trkpt lat="31.83015894" lon="35.382869">
        <ele>56.85</ele>
        <time>2025-10-12T20:09:14.149Z</time>
      </trkpt>
      <trkpt lat="31.83014008" lon="35.38289146">
        <ele>57.11</ele>
        <time>2025-10-12T20:09:26.496Z</time>
      </trkpt>
      <trkpt lat="31.83010848" lon="35.38293245">
        <ele>57.41</ele>
        <time>2025-10-12T20:09:38.849Z</time>
      </trkpt>
      <trkpt lat="31.83003196" lon="35.3829866">
        <ele>57.75</ele>
        <time>2025-10-12T20:09:51.212Z</time>
      </trkpt>
      <trkpt lat="31.8299354" lon="35.38302164">
        <ele>58.05</ele>
        <time>2025-10-12T20:10:03.587Z</time>
      </trkpt>
      <trkpt lat="31.82983272" lon="35.38303572">
        <ele>58.33</ele>
        <time>2025-10-12T20:10:15.974Z</time>
      </trkpt>
      <trkpt lat="31.82975728" lon="35.38303547">
        <ele>58.68</ele>
        <time>2025-10-12T20:10:28.370Z</time>
      </trkpt>
      <trkpt lat="31.8297375" lon="35.38303228">
        <ele>59.04</ele>
        <time>2025-10-12T20:10:40.768Z</time>
      </trkpt>
      <trkpt lat="31.82970196" lon="35.38303941">
        <ele>59.42</ele>
        <time>2025-10-12T20:10:53.171Z</time>
      </trkpt>
      <trkpt lat="31.82967547" lon="35.38304226">
        <ele>59.83</ele>
        <time>2025-10-12T20:11:05.577Z</time>
      </trkpt>
      <trkpt lat="31.82963591" lon="35.38305676">
        <ele>60.26</ele>
        <time>2025-10-12T20:11:17.988Z</time>
      </trkpt>
      <trkpt lat="31.82960037" lon="35.38306447">
        <ele>60.71</ele>
        <time>2025-10-12T20:11:30.403Z</time>
      </trkpt>
      <trkpt lat="31.82957296" lon="35.38307386">
        <ele>61.18</ele>
        <time>2025-10-12T20:11:42.821Z</time>
      </trkpt>
      <trkpt lat="31.82953776" lon="35.38307109">
        <ele>61.69</ele>
        <time>2025-10-12T20:11:55.243Z</time>
      </trkpt>
      <trkpt lat="31.82950725" lon="35.38307947">
        <ele>62.2</ele>
        <time>2025-10-12T20:12:07.669Z</time>
      </trkpt>
      <trkpt lat="31.82945595" lon="35.38311007">
        <ele>62.75</ele>
        <time>2025-10-12T20:12:20.102Z</time>
      </trkpt>
      <trkpt lat="31.82938303" lon="35.38315432">
        <ele>63.32</ele>
        <time>2025-10-12T20:12:32.544Z</time>
      </trkpt>
      <trkpt lat="31.82930063" lon="35.38323185">
        <ele>63.95</ele>
        <time>2025-10-12T20:12:44.999Z</time>
      </trkpt>
      <trkpt lat="31.82920542" lon="35.38331794">
        <ele>64.58</ele>
        <time>2025-10-12T20:12:57.468Z</time>
      </trkpt>
      <trkpt lat="31.8291133" lon="35.38341517">
        <ele>65.18</ele>
        <time>2025-10-12T20:13:09.951Z</time>
      </trkpt>
      <trkpt lat="31.82907709" lon="35.38348222">
        <ele>65.83</ele>
        <time>2025-10-12T20:13:22.442Z</time>
      </trkpt>
      <trkpt lat="31.8290449" lon="35.38353084">
        <ele>66.48</ele>
        <time>2025-10-12T20:13:34.940Z</time>
      </trkpt>
      <trkpt lat="31.82902034" lon="35.38355171">
        <ele>67.12</ele>
        <time>2025-10-12T20:13:47.441Z</time>
      </trkpt>
      <trkpt lat="31.8289548" lon="35.38359647">
        <ele>67.79</ele>
        <time>2025-10-12T20:13:59.951Z</time>
      </trkpt>
      <trkpt lat="31.82893728" lon="35.38361709">
        <ele>68.42</ele>
        <time>2025-10-12T20:14:12.464Z</time>
      </trkpt>
      <trkpt lat="31.82889562" lon="35.38364374">
        <ele>69.08</ele>
        <time>2025-10-12T20:14:24.983Z</time>
      </trkpt>
      <trkpt lat="31.82881281" lon="35.38368179">
        <ele>69.76</ele>
        <time>2025-10-12T20:14:37.512Z</time>
      </trkpt>
      <trkpt lat="31.82869731" lon="35.3837279">
        <ele>70.59</ele>
        <time>2025-10-12T20:14:50.055Z</time>
      </trkpt>
      <trkpt lat="31.82856269" lon="35.38378539">
        <ele>71.33</ele>
        <time>2025-10-12T20:15:02.615Z</time>
      </trkpt>
      <trkpt lat="31.82848482" lon="35.3838605">
        <ele>72.07</ele>
        <time>2025-10-12T20:15:15.187Z</time>
      </trkpt>
      <trkpt lat="31.82843864" lon="35.38398765">
        <ele>72.77</ele>
        <time>2025-10-12T20:15:27.773Z</time>
      </trkpt>
      <trkpt lat="31.82843755" lon="35.38406703">
        <ele>73.44</ele>
        <time>2025-10-12T20:15:40.367Z</time>
      </trkpt>
      <trkpt lat="31.82843881" lon="35.3840848">
        <ele>74.12</ele>
        <time>2025-10-12T20:15:52.963Z</time>
      </trkpt>
      <trkpt lat="31.8284497" lon="35.38412235">
        <ele>74.8</ele>
        <time>2025-10-12T20:16:05.563Z</time>
      </trkpt>
      <trkpt lat="31.82844945" lon="35.38427716">
        <ele>75.45</ele>
        <time>2025-10-12T20:16:18.178Z</time>
      </trkpt>
      <trkpt lat="31.82844794" lon="35.38428831">
        <ele>76.19</ele>
        <time>2025-10-12T20:16:30.794Z</time>
      </trkpt>
      <trkpt lat="31.82843026" lon="35.38438504">
        <ele>76.96</ele>
        <time>2025-10-12T20:16:43.420Z</time>
      </trkpt>
      <trkpt lat="31.82842699" lon="35.38440105">
        <ele>77.78</ele>
        <time>2025-10-12T20:16:56.048Z</time>
      </trkpt>
      <trkpt lat="31.82840494" lon="35.38446274">
        <ele>78.65</ele>
        <time>2025-10-12T20:17:08.682Z</time>
      </trkpt>
      <trkpt lat="31.8283679" lon="35.38455209">
        <ele>79.58</ele>
        <time>2025-10-12T20:17:21.326Z</time>
      </trkpt>
      <trkpt lat="31.82836303" lon="35.38455946">
        <ele>80.53</ele>
        <time>2025-10-12T20:17:33.971Z</time>
      </trkpt>
      <trkpt lat="31.82835583" lon="35.38456516">
        <ele>81.55</ele>
        <time>2025-10-12T20:17:46.617Z</time>
      </trkpt>
      <trkpt lat="31.82831576" lon="35.38464102">
        <ele>82.67</ele>
        <time>2025-10-12T20:17:59.272Z</time>
      </trkpt>
      <trkpt lat="31.82829321" lon="35.38467363">
        <ele>83.82</ele>
        <time>2025-10-12T20:18:11.932Z</time>
      </trkpt>
      <trkpt lat="31.82825147" lon="35.38474998">
        <ele>85.03</ele>
        <time>2025-10-12T20:18:24.601Z</time>
      </trkpt>
      <trkpt lat="31.82820537" lon="35.38481629">
        <ele>86.32</ele>
        <time>2025-10-12T20:18:37.278Z</time>
      </trkpt>
      <trkpt lat="31.82816581" lon="35.38485903">
        <ele>87.66</ele>
        <time>2025-10-12T20:18:49.961Z</time>
      </trkpt>
      <trkpt lat="31.82815676" lon="35.38487999">
        <ele>88.95</ele>
        <time>2025-10-12T20:19:02.647Z</time>
      </trkpt>
      <trkpt lat="31.82812013" lon="35.38489206">
        <ele>90.37</ele>
        <time>2025-10-12T20:19:15.337Z</time>
      </trkpt>
      <trkpt lat="31.82809741" lon="35.38489818">
        <ele>91.79</ele>
        <time>2025-10-12T20:19:28.030Z</time>
      </trkpt>
      <trkpt lat="31.82802692" lon="35.38496079">
        <ele>93.42</ele>
        <time>2025-10-12T20:19:40.733Z</time>
      </trkpt>
      <trkpt lat="31.82795383" lon="35.38504452">
        <ele>95</ele>
        <time>2025-10-12T20:19:53.448Z</time>
      </trkpt>
      <trkpt lat="31.82792583" lon="35.38507981">
        <ele>96.51</ele>
        <time>2025-10-12T20:20:06.168Z</time>
      </trkpt>
      <trkpt lat="31.82789365" lon="35.38511493">
        <ele>98.06</ele>
        <time>2025-10-12T20:20:18.893Z</time>
      </trkpt>
      <trkpt lat="31.8278457" lon="35.38516916">
        <ele>99.64</ele>
        <time>2025-10-12T20:20:31.626Z</time>
      </trkpt>
      <trkpt lat="31.82780958" lon="35.38525038">
        <ele>101.15</ele>
        <time>2025-10-12T20:20:44.368Z</time>
      </trkpt>
      <trkpt lat="31.82778619" lon="35.38528911">
        <ele>102.65</ele>
        <time>2025-10-12T20:20:57.115Z</time>
      </trkpt>
      <trkpt lat="31.82776457" lon="35.38533672">
        <ele>104.14</ele>
        <time>2025-10-12T20:21:09.868Z</time>
      </trkpt>
      <trkpt lat="31.82773867" lon="35.38539589">
        <ele>105.66</ele>
        <time>2025-10-12T20:21:22.627Z</time>
      </trkpt>
      <trkpt lat="31.82773506" lon="35.38541459">
        <ele>107.21</ele>
        <time>2025-10-12T20:21:35.388Z</time>
      </trkpt>
      <trkpt lat="31.82768452" lon="35.38551576">
        <ele>108.81</ele>
        <time>2025-10-12T20:21:48.161Z</time>
      </trkpt>
      <trkpt lat="31.82760791" lon="35.38559857">
        <ele>110.55</ele>
        <time>2025-10-12T20:22:00.946Z</time>
      </trkpt>
      <trkpt lat="31.82759307" lon="35.38561215">
        <ele>112.16</ele>
        <time>2025-10-12T20:22:13.733Z</time>
      </trkpt>
      <trkpt lat="31.82753884" lon="35.38565263">
        <ele>113.87</ele>
        <time>2025-10-12T20:22:26.528Z</time>
      </trkpt>
      <trkpt lat="31.82745737" lon="35.38570066">
        <ele>115.62</ele>
        <time>2025-10-12T20:22:39.334Z</time>
      </trkpt>
      <trkpt lat="31.82737447" lon="35.38576394">
        <ele>117.28</ele>
        <time>2025-10-12T20:22:52.151Z</time>
      </trkpt>
      <trkpt lat="31.82730599" lon="35.38581247">
        <ele>118.88</ele>
        <time>2025-10-12T20:23:04.978Z</time>
      </trkpt>
      <trkpt lat="31.82724707" lon="35.38587458">
        <ele>120.38</ele>
        <time>2025-10-12T20:23:17.814Z</time>
      </trkpt>
      <trkpt lat="31.82717842" lon="35.38595379">
        <ele>121.85</ele>
        <time>2025-10-12T20:23:30.661Z</time>
      </trkpt>
      <trkpt lat="31.82713752" lon="35.38603208">
        <ele>123.15</ele>
        <time>2025-10-12T20:23:43.517Z</time>
      </trkpt>
      <trkpt lat="31.82709569" lon="35.3860962">
        <ele>124.42</ele>
        <time>2025-10-12T20:23:56.382Z</time>
      </trkpt>
      <trkpt lat="31.82706644" lon="35.38616309">
        <ele>125.62</ele>
        <time>2025-10-12T20:24:09.254Z</time>
      </trkpt>
      <trkpt lat="31.82703878" lon="35.38623048">
        <ele>126.75</ele>
        <time>2025-10-12T20:24:22.134Z</time>
      </trkpt>
      <trkpt lat="31.82703325" lon="35.38623895">
        <ele>127.78</ele>
        <time>2025-10-12T20:24:35.015Z</time>
      </trkpt>
      <trkpt lat="31.82703358" lon="35.38623995">
        <ele>128.76</ele>
        <time>2025-10-12T20:24:47.896Z</time>
      </trkpt>
      <trkpt lat="31.82703157" lon="35.38624213">
        <ele>129.68</ele>
        <time>2025-10-12T20:25:00.777Z</time>
      </trkpt>
      <trkpt lat="31.8270055" lon="35.38629309">
        <ele>130.58</ele>
        <time>2025-10-12T20:25:13.664Z</time>
      </trkpt>
      <trkpt lat="31.82699888" lon="35.3862967">
        <ele>131.41</ele>
        <time>2025-10-12T20:25:26.552Z</time>
      </trkpt>
      <trkpt lat="31.82698815" lon="35.38650624">
        <ele>132.14</ele>
        <time>2025-10-12T20:25:39.461Z</time>
      </trkpt>
      <trkpt lat="31.82698421" lon="35.38658897">
        <ele>132.87</ele>
        <time>2025-10-12T20:25:52.378Z</time>
      </trkpt>
      <trkpt lat="31.8269843" lon="35.3866013">
        <ele>133.57</ele>
        <time>2025-10-12T20:26:05.296Z</time>
      </trkpt>
      <trkpt lat="31.82695194" lon="35.3866173">
        <ele>134.28</ele>
        <time>2025-10-12T20:26:18.219Z</time>
      </trkpt>
      <trkpt lat="31.8268962" lon="35.38660599">
        <ele>134.97</ele>
        <time>2025-10-12T20:26:31.148Z</time>
      </trkpt>
      <trkpt lat="31.82687944" lon="35.38660783">
        <ele>135.56</ele>
        <time>2025-10-12T20:26:44.079Z</time>
      </trkpt>
      <trkpt lat="31.8268589" lon="35.38660708">
        <ele>136.12</ele>
        <time>2025-10-12T20:26:57.013Z</time>
      </trkpt>
      <trkpt lat="31.82682537" lon="35.38660783">
        <ele>136.64</ele>
        <time>2025-10-12T20:27:09.951Z</time>
      </trkpt>
      <trkpt lat="31.82676285" lon="35.38660004">
        <ele>137.16</ele>
        <time>2025-10-12T20:27:22.896Z</time>
      </trkpt>
      <trkpt lat="31.82672211" lon="35.38662468">
        <ele>137.56</ele>
        <time>2025-10-12T20:27:35.846Z</time>
      </trkpt>
      <trkpt lat="31.82670392" lon="35.38666491">
        <ele>137.91</ele>
        <time>2025-10-12T20:27:48.801Z</time>
      </trkpt>
      <trkpt lat="31.82668389" lon="35.38670263">
        <ele>138.22</ele>
        <time>2025-10-12T20:28:01.760Z</time>
      </trkpt>
      <trkpt lat="31.8266377" lon="35.38675477">
        <ele>138.5</ele>
        <time>2025-10-12T20:28:14.727Z</time>
      </trkpt>
      <trkpt lat="31.82662186" lon="35.38681646">
        <ele>138.71</ele>
        <time>2025-10-12T20:28:27.700Z</time>
      </trkpt>
      <trkpt lat="31.82659864" lon="35.38684647">
        <ele>138.85</ele>
        <time>2025-10-12T20:28:40.677Z</time>
      </trkpt>
      <trkpt lat="31.82657165" lon="35.3868587">
        <ele>138.96</ele>
        <time>2025-10-12T20:28:53.658Z</time>
      </trkpt>
      <trkpt lat="31.82648465" lon="35.38689575">
        <ele>139.03</ele>
        <time>2025-10-12T20:29:06.650Z</time>
      </trkpt>
      <trkpt lat="31.82646965" lon="35.38691486">
        <ele>139.05</ele>
        <time>2025-10-12T20:29:19.644Z</time>
      </trkpt>
      <trkpt lat="31.82643981" lon="35.38693557">
        <ele>139.03</ele>
        <time>2025-10-12T20:29:32.642Z</time>
      </trkpt>
      <trkpt lat="31.82637443" lon="35.38699818">
        <ele>138.99</ele>
        <time>2025-10-12T20:29:45.650Z</time>
      </trkpt>
      <trkpt lat="31.82633612" lon="35.38703565">
        <ele>138.89</ele>
        <time>2025-10-12T20:29:58.664Z</time>
      </trkpt>
      <trkpt lat="31.82629555" lon="35.3870716">
        <ele>138.71</ele>
        <time>2025-10-12T20:30:11.684Z</time>
      </trkpt>
      <trkpt lat="31.82624401" lon="35.38712818">
        <ele>138.5</ele>
        <time>2025-10-12T20:30:24.712Z</time>
      </trkpt>
      <trkpt lat="31.82621107" lon="35.38717009">
        <ele>138.28</ele>
        <time>2025-10-12T20:30:37.746Z</time>
      </trkpt>
      <trkpt lat="31.82616572" lon="35.38723312">
        <ele>138.05</ele>
        <time>2025-10-12T20:30:50.788Z</time>
      </trkpt>
      <trkpt lat="31.82614778" lon="35.38725969">
        <ele>137.81</ele>
        <time>2025-10-12T20:31:03.834Z</time>
      </trkpt>
      <trkpt lat="31.82613269" lon="35.38729339">
        <ele>137.56</ele>
        <time>2025-10-12T20:31:16.884Z</time>
      </trkpt>
      <trkpt lat="31.82609053" lon="35.38736271">
        <ele>137.27</ele>
        <time>2025-10-12T20:31:29.942Z</time>
      </trkpt>
      <trkpt lat="31.82604041" lon="35.38746748">
        <ele>136.95</ele>
        <time>2025-10-12T20:31:43.012Z</time>
      </trkpt>
      <trkpt lat="31.82601443" lon="35.3875166">
        <ele>136.66</ele>
        <time>2025-10-12T20:31:56.088Z</time>
      </trkpt>
      <trkpt lat="31.82595718" lon="35.38761852">
        <ele>136.34</ele>
        <time>2025-10-12T20:32:09.176Z</time>
      </trkpt>
      <trkpt lat="31.82591175" lon="35.38768734">
        <ele>136.02</ele>
        <time>2025-10-12T20:32:22.273Z</time>
      </trkpt>
      <trkpt lat="31.8259099" lon="35.38780175">
        <ele>135.72</ele>
        <time>2025-10-12T20:32:35.381Z</time>
      </trkpt>
      <trkpt lat="31.82588551" lon="35.38798045">
        <ele>135.38</ele>
        <time>2025-10-12T20:32:48.508Z</time>
      </trkpt>
      <trkpt lat="31.82588073" lon="35.38808623">
        <ele>135.05</ele>
        <time>2025-10-12T20:33:01.645Z</time>
      </trkpt>
      <trkpt lat="31.82588434" lon="35.38821557">
        <ele>134.71</ele>
        <time>2025-10-12T20:33:14.795Z</time>
      </trkpt>
      <trkpt lat="31.82586984" lon="35.38836678">
        <ele>134.33</ele>
        <time>2025-10-12T20:33:27.960Z</time>
      </trkpt>
      <trkpt lat="31.82585768" lon="35.38850172">
        <ele>133.94</ele>
        <time>2025-10-12T20:33:41.139Z</time>
      </trkpt>
      <trkpt lat="31.82585718" lon="35.38852922">
        <ele>133.58</ele>
        <time>2025-10-12T20:33:54.321Z</time>
      </trkpt>
      <trkpt lat="31.82584704" lon="35.38869635">
        <ele>133.22</ele>
        <time>2025-10-12T20:34:07.520Z</time>
      </trkpt>
      <trkpt lat="31.82583329" lon="35.38886156">
        <ele>132.81</ele>
        <time>2025-10-12T20:34:20.735Z</time>
      </trkpt>
      <trkpt lat="31.82581594" lon="35.38898192">
        <ele>132.42</ele>
        <time>2025-10-12T20:34:33.962Z</time>
      </trkpt>
      <trkpt lat="31.8258151" lon="35.38899433">
        <ele>132</ele>
        <time>2025-10-12T20:34:47.191Z</time>
      </trkpt>
      <trkpt lat="31.82579909" lon="35.38903096">
        <ele>131.54</ele>
        <time>2025-10-12T20:35:00.424Z</time>
      </trkpt>
      <trkpt lat="31.82578476" lon="35.3890613">
        <ele>131.06</ele>
        <time>2025-10-12T20:35:13.660Z</time>
      </trkpt>
      <trkpt lat="31.8257504" lon="35.38911696">
        <ele>130.54</ele>
        <time>2025-10-12T20:35:26.903Z</time>
      </trkpt>
      <trkpt lat="31.82567856" lon="35.38921955">
        <ele>130.02</ele>
        <time>2025-10-12T20:35:40.159Z</time>
      </trkpt>
      <trkpt lat="31.82563523" lon="35.38925467">
        <ele>129.58</ele>
        <time>2025-10-12T20:35:53.422Z</time>
      </trkpt>
      <trkpt lat="31.82557823" lon="35.3893053">
        <ele>129.12</ele>
        <time>2025-10-12T20:36:06.693Z</time>
      </trkpt>
      <trkpt lat="31.82554613" lon="35.38932332">
        <ele>128.67</ele>
        <time>2025-10-12T20:36:19.968Z</time>
      </trkpt>
      <trkpt lat="31.82546558" lon="35.38936188">
        <ele>128.19</ele>
        <time>2025-10-12T20:36:33.253Z</time>
      </trkpt>
      <trkpt lat="31.82543222" lon="35.38937906">
        <ele>127.76</ele>
        <time>2025-10-12T20:36:46.543Z</time>
      </trkpt>
      <trkpt lat="31.82537665" lon="35.38940362">
        <ele>127.33</ele>
        <time>2025-10-12T20:36:59.840Z</time>
      </trkpt>
      <trkpt lat="31.82530238" lon="35.38943907">
        <ele>126.93</ele>
        <time>2025-10-12T20:37:13.146Z</time>
      </trkpt>
      <trkpt lat="31.82525762" lon="35.38945634">
        <ele>126.54</ele>
        <time>2025-10-12T20:37:26.458Z</time>
      </trkpt>
      <trkpt lat="31.82524698" lon="35.38945986">
        <ele>126.14</ele>
        <time>2025-10-12T20:37:39.771Z</time>
      </trkpt>
      <trkpt lat="31.82520172" lon="35.38946732">
        <ele>125.69</ele>
        <time>2025-10-12T20:37:53.089Z</time>
      </trkpt>
      <trkpt lat="31.82518177" lon="35.38947637">
        <ele>125.23</ele>
        <time>2025-10-12T20:38:06.410Z</time>
      </trkpt>
      <trkpt lat="31.82512494" lon="35.38950118">
        <ele>124.74</ele>
        <time>2025-10-12T20:38:19.738Z</time>
      </trkpt>
      <trkpt lat="31.82510449" lon="35.38950713">
        <ele>124.2</ele>
        <time>2025-10-12T20:38:33.068Z</time>
      </trkpt>
      <trkpt lat="31.82499535" lon="35.38954913">
        <ele>123.56</ele>
        <time>2025-10-12T20:38:46.412Z</time>
      </trkpt>
      <trkpt lat="31.82496116" lon="35.38956078">
        <ele>122.92</ele>
        <time>2025-10-12T20:38:59.760Z</time>
      </trkpt>
      <trkpt lat="31.82491095" lon="35.38957285">
        <ele>122.22</ele>
        <time>2025-10-12T20:39:13.114Z</time>
      </trkpt>
      <trkpt lat="31.82480785" lon="35.38960503">
        <ele>121.48</ele>
        <time>2025-10-12T20:39:26.481Z</time>
      </trkpt>
      <trkpt lat="31.82470668" lon="35.38963093">
        <ele>120.81</ele>
        <time>2025-10-12T20:39:39.860Z</time>
      </trkpt>
      <trkpt lat="31.82460526" lon="35.38962146">
        <ele>120.12</ele>
        <time>2025-10-12T20:39:53.251Z</time>
      </trkpt>
      <trkpt lat="31.8245087" lon="35.38957737">
        <ele>119.65</ele>
        <time>2025-10-12T20:40:06.654Z</time>
      </trkpt>
      <trkpt lat="31.82447928" lon="35.38956061">
        <ele>119.39</ele>
        <time>2025-10-12T20:40:20.061Z</time>
      </trkpt>
      <trkpt lat="31.82436135" lon="35.38948861">
        <ele>119.17</ele>
        <time>2025-10-12T20:40:33.483Z</time>
      </trkpt>
      <trkpt lat="31.82433821" lon="35.389469">
        <ele>118.91</ele>
        <time>2025-10-12T20:40:46.909Z</time>
      </trkpt>
    </trkseg>
  </trk>
</gpx>
