<?xml version="1.0" encoding="UTF-8"?>
<gpx creator="Garmin Connect" version="1.1"
  xsi:schemaLocation="http://www.topografix.com/GPX/1/1 http://www.topografix.com/GPX/11.xsd"
  xmlns:ns3="http://www.garmin.com/xmlschemas/TrackPointExtension/v1"
  xmlns="http://www.topografix.com/GPX/1/1"
  xmlns:xsi="http://www.w3.org/2001/XMLSchema-instance" xmlns:ns2="http://www.garmin.com/xmlschemas/GpxExtensions/v3">
  <metadata>
    <name>טרק נחל פרת יום ראשון </name>
    <link href="connect.garmin.com">
      <text>Garmin Connect</text>
    </link>
    <time>2025-10-12T15:18:56.000Z</time>
  </metadata>
  <wpt lat="31.83385521999518" lon="35.30197130196769">
    <ele>0.0</ele>
    <name>מעיין</name>
    <type>SPRING</type>
  </wpt>
  <trk>
    <name>טרק נחל פרת יום ראשון </name>
    <trkseg>
      <trkpt lat="31.823845021426678" lon="35.27507848106325">
        <ele>599.58</ele>
        <time>2025-10-12T15:18:56.000Z</time>
      </trkpt>
      <trkpt lat="31.82387209497392" lon="35.2750239148736">
        <ele>599.87</ele>
        <time>2025-10-12T15:18:56.007Z</time>
      </trkpt>
      <trkpt lat="31.823875615373254" lon="35.275012934580445">
        <ele>600.17</ele>
        <time>2025-10-12T15:18:56.016Z</time>
      </trkpt>
      <trkpt lat="31.8238939717412" lon="35.27493506669998">
        <ele>600.55</ele>
        <time>2025-10-12T15:18:56.034Z</time>
      </trkpt>
      <trkpt lat="31.823897240683436" lon="35.27491704560816">
        <ele>600.92</ele>
        <time>2025-10-12T15:18:56.054Z</time>
      </trkpt>
      <trkpt lat="31.823867736384273" lon="35.274838423356414">
        <ele>601.26</ele>
        <time>2025-10-12T15:18:56.084Z</time>
      </trkpt>
      <trkpt lat="31.8238524813205" lon="35.27478436008096">
        <ele>601.62</ele>
        <time>2025-10-12T15:18:56.120Z</time>
      </trkpt>
      <trkpt lat="31.823848206549883" lon="35.27477572672069">
        <ele>602.01</ele>
        <time>2025-10-12T15:18:56.157Z</time>
      </trkpt>
      <trkpt lat="31.823836639523506" lon="35.27475602924824">
        <ele>602.42</ele>
        <time>2025-10-12T15:18:56.197Z</time>
      </trkpt>
      <trkpt lat="31.823835214599967" lon="35.274657709524035">
        <ele>602.91</ele>
        <time>2025-10-12T15:18:56.248Z</time>
      </trkpt>
      <trkpt lat="31.823872681707144" lon="35.27458168566227">
        <ele>603.54</ele>
        <time>2025-10-12T15:18:56.309Z</time>
      </trkpt>
      <trkpt lat="31.82390277273953" lon="35.27451245114207">
        <ele>604.23</ele>
        <time>2025-10-12T15:18:56.379Z</time>
      </trkpt>
      <trkpt lat="31.823905538767576" lon="35.27450557798147">
        <ele>604.87</ele>
        <time>2025-10-12T15:18:56.450Z</time>
      </trkpt>
      <trkpt lat="31.82395759038627" lon="35.27443072758615">
        <ele>605.64</ele>
        <time>2025-10-12T15:18:56.532Z</time>
      </trkpt>
      <trkpt lat="31.824018778279424" lon="35.27435068041086">
        <ele>606.52</ele>
        <time>2025-10-12T15:18:56.626Z</time>
      </trkpt>
      <trkpt lat="31.824028752744198" lon="35.2743314858526">
        <ele>607.29</ele>
        <time>2025-10-12T15:18:56.722Z</time>
      </trkpt>
      <trkpt lat="31.8240649625659" lon="35.27426468208432">
        <ele>608.14</ele>
        <time>2025-10-12T15:18:56.827Z</time>
      </trkpt>
      <trkpt lat="31.824073679745197" lon="35.274252193048596">
        <ele>608.88</ele>
        <time>2025-10-12T15:18:56.934Z</time>
      </trkpt>
      <trkpt lat="31.824120618402958" lon="35.2742297295481">
        <ele>609.64</ele>
        <time>2025-10-12T15:18:57.048Z</time>
      </trkpt>
      <trkpt lat="31.8241236358881" lon="35.27423417195678">
        <ele>610.25</ele>
        <time>2025-10-12T15:18:57.163Z</time>
      </trkpt>
      <trkpt lat="31.82410502806306" lon="35.274188071489334">
        <ele>610.82</ele>
        <time>2025-10-12T15:18:57.283Z</time>
      </trkpt>
      <trkpt lat="31.824119025841355" lon="35.27414373122156">
        <ele>611.38</ele>
        <time>2025-10-12T15:18:57.409Z</time>
      </trkpt>
      <trkpt lat="31.824127407744527" lon="35.274105006828904">
        <ele>611.88</ele>
        <time>2025-10-12T15:18:57.539Z</time>
      </trkpt>
      <trkpt lat="31.824176525697112" lon="35.27405261993408">
        <ele>612.4</ele>
        <time>2025-10-12T15:18:57.678Z</time>
      </trkpt>
      <trkpt lat="31.824211981147528" lon="35.274051278829575">
        <ele>612.82</ele>
        <time>2025-10-12T15:18:57.822Z</time>
      </trkpt>
      <trkpt lat="31.82422094978392" lon="35.27405588887632">
        <ele>613.14</ele>
        <time>2025-10-12T15:18:57.967Z</time>
      </trkpt>
      <trkpt lat="31.824238803237677" lon="35.274067372083664">
        <ele>613.41</ele>
        <time>2025-10-12T15:18:58.115Z</time>
      </trkpt>
      <trkpt lat="31.824249364435673" lon="35.27407491579652">
        <ele>613.61</ele>
        <time>2025-10-12T15:18:58.265Z</time>
      </trkpt>
      <trkpt lat="31.824286747723818" lon="35.27408975176513">
        <ele>613.79</ele>
        <time>2025-10-12T15:18:58.420Z</time>
      </trkpt>
      <trkpt lat="31.82428398169577" lon="35.27409603819251">
        <ele>613.88</ele>
        <time>2025-10-12T15:18:58.576Z</time>
      </trkpt>
      <trkpt lat="31.82428875938058" lon="35.274130403995514">
        <ele>613.91</ele>
        <time>2025-10-12T15:18:58.736Z</time>
      </trkpt>
      <trkpt lat="31.82429026812315" lon="35.27415462769568">
        <ele>613.9</ele>
        <time>2025-10-12T15:18:58.898Z</time>
      </trkpt>
      <trkpt lat="31.824292866513133" lon="35.27416150085628">
        <ele>613.89</ele>
        <time>2025-10-12T15:18:59.061Z</time>
      </trkpt>
      <trkpt lat="31.82428490370512" lon="35.2741586510092">
        <ele>613.86</ele>
        <time>2025-10-12T15:18:59.225Z</time>
      </trkpt>
      <trkpt lat="31.824246095493436" lon="35.27409637346864">
        <ele>613.84</ele>
        <time>2025-10-12T15:18:59.398Z</time>
      </trkpt>
      <trkpt lat="31.82420041412115" lon="35.274056727066636">
        <ele>613.79</ele>
        <time>2025-10-12T15:18:59.579Z</time>
      </trkpt>
      <trkpt lat="31.82417887263" lon="35.27402563020587">
        <ele>613.77</ele>
        <time>2025-10-12T15:18:59.764Z</time>
      </trkpt>
      <trkpt lat="31.824168730527163" lon="35.274002496153116">
        <ele>613.77</ele>
        <time>2025-10-12T15:18:59.952Z</time>
      </trkpt>
      <trkpt lat="31.82413293980062" lon="35.273895375430584">
        <ele>613.83</ele>
        <time>2025-10-12T15:19:00.153Z</time>
      </trkpt>
      <trkpt lat="31.824126821011305" lon="35.273868553340435">
        <ele>613.9</ele>
        <time>2025-10-12T15:19:00.357Z</time>
      </trkpt>
      <trkpt lat="31.824121456593275" lon="35.27379998937249">
        <ele>614.02</ele>
        <time>2025-10-12T15:19:00.569Z</time>
      </trkpt>
      <trkpt lat="31.824115589261055" lon="35.27372748591006">
        <ele>614.16</ele>
        <time>2025-10-12T15:19:00.789Z</time>
      </trkpt>
      <trkpt lat="31.824120115488768" lon="35.27368607930839">
        <ele>614.33</ele>
        <time>2025-10-12T15:19:01.014Z</time>
      </trkpt>
      <trkpt lat="31.824128916487098" lon="35.27362120337784">
        <ele>614.55</ele>
        <time>2025-10-12T15:19:01.247Z</time>
      </trkpt>
      <trkpt lat="31.824136711657047" lon="35.27360066771507">
        <ele>614.79</ele>
        <time>2025-10-12T15:19:01.482Z</time>
      </trkpt>
      <trkpt lat="31.824138555675745" lon="35.27358247898519">
        <ele>615.06</ele>
        <time>2025-10-12T15:19:01.719Z</time>
      </trkpt>
      <trkpt lat="31.824117517098784" lon="35.273480555042624">
        <ele>615.33</ele>
        <time>2025-10-12T15:19:01.968Z</time>
      </trkpt>
      <trkpt lat="31.824122965335846" lon="35.27347116731107">
        <ele>615.66</ele>
        <time>2025-10-12T15:19:02.218Z</time>
      </trkpt>
      <trkpt lat="31.824137046933174" lon="35.2734421659261">
        <ele>616.04</ele>
        <time>2025-10-12T15:19:02.472Z</time>
      </trkpt>
      <trkpt lat="31.824171915650368" lon="35.27340126223862">
        <ele>616.47</ele>
        <time>2025-10-12T15:19:02.733Z</time>
      </trkpt>
      <trkpt lat="31.82420527562499" lon="35.27335247956216">
        <ele>616.94</ele>
        <time>2025-10-12T15:19:03.001Z</time>
      </trkpt>
      <trkpt lat="31.82421307079494" lon="35.273345271125436">
        <ele>617.42</ele>
        <time>2025-10-12T15:19:03.270Z</time>
      </trkpt>
      <trkpt lat="31.824228074401617" lon="35.27332951314747">
        <ele>617.93</ele>
        <time>2025-10-12T15:19:03.542Z</time>
      </trkpt>
      <trkpt lat="31.824268894270062" lon="35.27328433468938">
        <ele>618.51</ele>
        <time>2025-10-12T15:19:03.821Z</time>
      </trkpt>
      <trkpt lat="31.824273923411965" lon="35.27328207157552">
        <ele>619.07</ele>
        <time>2025-10-12T15:19:04.101Z</time>
      </trkpt>
      <trkpt lat="31.82432589121163" lon="35.273253321647644">
        <ele>619.71</ele>
        <time>2025-10-12T15:19:04.389Z</time>
      </trkpt>
      <trkpt lat="31.82439235970378" lon="35.27325156144798">
        <ele>620.4</ele>
        <time>2025-10-12T15:19:04.686Z</time>
      </trkpt>
      <trkpt lat="31.824426390230656" lon="35.27326882816851">
        <ele>621.07</ele>
        <time>2025-10-12T15:19:04.988Z</time>
      </trkpt>
      <trkpt lat="31.82445547543466" lon="35.27325600385666">
        <ele>621.74</ele>
        <time>2025-10-12T15:19:05.294Z</time>
      </trkpt>
      <trkpt lat="31.82445639744401" lon="35.27325751259923">
        <ele>622.38</ele>
        <time>2025-10-12T15:19:05.600Z</time>
      </trkpt>
      <trkpt lat="31.824457235634327" lon="35.27325985953212">
        <ele>623.01</ele>
        <time>2025-10-12T15:19:05.906Z</time>
      </trkpt>
      <trkpt lat="31.824517669156194" lon="35.27330185286701">
        <ele>623.72</ele>
        <time>2025-10-12T15:19:06.222Z</time>
      </trkpt>
      <trkpt lat="31.824607020244002" lon="35.27333035133779">
        <ele>624.45</ele>
        <time>2025-10-12T15:19:06.550Z</time>
      </trkpt>
      <trkpt lat="31.824642224237323" lon="35.27335323393345">
        <ele>625.12</ele>
        <time>2025-10-12T15:19:06.883Z</time>
      </trkpt>
      <trkpt lat="31.824673740193248" lon="35.27338935993612">
        <ele>625.77</ele>
        <time>2025-10-12T15:19:07.222Z</time>
      </trkpt>
      <trkpt lat="31.824682792648673" lon="35.273396484553814">
        <ele>626.37</ele>
        <time>2025-10-12T15:19:07.563Z</time>
      </trkpt>
      <trkpt lat="31.824698382988572" lon="35.273412158712745">
        <ele>626.96</ele>
        <time>2025-10-12T15:19:07.906Z</time>
      </trkpt>
      <trkpt lat="31.82470995001495" lon="35.27343294583261">
        <ele>627.51</ele>
        <time>2025-10-12T15:19:08.252Z</time>
      </trkpt>
      <trkpt lat="31.824723780155182" lon="35.273445853963494">
        <ele>628.05</ele>
        <time>2025-10-12T15:19:08.600Z</time>
      </trkpt>
      <trkpt lat="31.82473048567772" lon="35.27344870381057">
        <ele>628.56</ele>
        <time>2025-10-12T15:19:08.949Z</time>
      </trkpt>
      <trkpt lat="31.824734257534146" lon="35.27345146983862">
        <ele>629.03</ele>
        <time>2025-10-12T15:19:09.299Z</time>
      </trkpt>
      <trkpt lat="31.824745405465364" lon="35.27343738824129">
        <ele>629.5</ele>
        <time>2025-10-12T15:19:09.651Z</time>
      </trkpt>
      <trkpt lat="31.82478622533381" lon="35.27344015426934">
        <ele>629.98</ele>
        <time>2025-10-12T15:19:10.009Z</time>
      </trkpt>
      <trkpt lat="31.82479653507471" lon="35.27343939989805">
        <ele>630.4</ele>
        <time>2025-10-12T15:19:10.368Z</time>
      </trkpt>
      <trkpt lat="31.824808605015278" lon="35.27343864552677">
        <ele>630.8</ele>
        <time>2025-10-12T15:19:10.729Z</time>
      </trkpt>
      <trkpt lat="31.824833415448666" lon="35.273440489545465">
        <ele>631.17</ele>
        <time>2025-10-12T15:19:11.093Z</time>
      </trkpt>
      <trkpt lat="31.824844563379884" lon="35.27344074100256">
        <ele>631.51</ele>
        <time>2025-10-12T15:19:11.458Z</time>
      </trkpt>
      <trkpt lat="31.824855040758848" lon="35.27344141155481">
        <ele>631.82</ele>
        <time>2025-10-12T15:19:11.825Z</time>
      </trkpt>
      <trkpt lat="31.824918994680047" lon="35.27343546040356">
        <ele>632.14</ele>
        <time>2025-10-12T15:19:12.200Z</time>
      </trkpt>
      <trkpt lat="31.824951097369194" lon="35.27344568632543">
        <ele>632.41</ele>
        <time>2025-10-12T15:19:12.580Z</time>
      </trkpt>
      <trkpt lat="31.824993174523115" lon="35.273480052128434">
        <ele>632.66</ele>
        <time>2025-10-12T15:19:12.967Z</time>
      </trkpt>
      <trkpt lat="31.825049752369523" lon="35.27352472767234">
        <ele>632.89</ele>
        <time>2025-10-12T15:19:13.363Z</time>
      </trkpt>
      <trkpt lat="31.82506961748004" lon="35.27355599217117">
        <ele>633.06</ele>
        <time>2025-10-12T15:19:13.763Z</time>
      </trkpt>
      <trkpt lat="31.825107503682375" lon="35.27358180843294">
        <ele>633.2</ele>
        <time>2025-10-12T15:19:14.169Z</time>
      </trkpt>
      <trkpt lat="31.825113957747817" lon="35.27357644401491">
        <ele>633.31</ele>
        <time>2025-10-12T15:19:14.576Z</time>
      </trkpt>
      <trkpt lat="31.82512041181326" lon="35.27356881648302">
        <ele>633.39</ele>
        <time>2025-10-12T15:19:14.984Z</time>
      </trkpt>
      <trkpt lat="31.82512535713613" lon="35.273562697693706">
        <ele>633.43</ele>
        <time>2025-10-12T15:19:15.393Z</time>
      </trkpt>
      <trkpt lat="31.82512728497386" lon="35.27356009930372">
        <ele>633.44</ele>
        <time>2025-10-12T15:19:15.803Z</time>
      </trkpt>
      <trkpt lat="31.825126949697733" lon="35.273557249456644">
        <ele>633.41</ele>
        <time>2025-10-12T15:19:16.213Z</time>
      </trkpt>
      <trkpt lat="31.82512921281159" lon="35.27355867438018">
        <ele>633.35</ele>
        <time>2025-10-12T15:19:16.623Z</time>
      </trkpt>
      <trkpt lat="31.825179755687714" lon="35.27360737323761">
        <ele>633.24</ele>
        <time>2025-10-12T15:19:17.042Z</time>
      </trkpt>
      <trkpt lat="31.825213115662336" lon="35.27364349924028">
        <ele>633.1</ele>
        <time>2025-10-12T15:19:17.467Z</time>
      </trkpt>
      <trkpt lat="31.825234908610582" lon="35.273709800094366">
        <ele>632.9</ele>
        <time>2025-10-12T15:19:17.900Z</time>
      </trkpt>
      <trkpt lat="31.825241781771183" lon="35.27371793054044">
        <ele>632.7</ele>
        <time>2025-10-12T15:19:18.334Z</time>
      </trkpt>
      <trkpt lat="31.825270280241966" lon="35.27374374680221">
        <ele>632.46</ele>
        <time>2025-10-12T15:19:18.773Z</time>
      </trkpt>
      <trkpt lat="31.82527296245098" lon="35.27375263161957">
        <ele>632.18</ele>
        <time>2025-10-12T15:19:19.213Z</time>
      </trkpt>
      <trkpt lat="31.825285786762834" lon="35.273775178939104">
        <ele>631.87</ele>
        <time>2025-10-12T15:19:19.656Z</time>
      </trkpt>
      <trkpt lat="31.825320152565837" lon="35.27380719780922">
        <ele>631.53</ele>
        <time>2025-10-12T15:19:20.105Z</time>
      </trkpt>
      <trkpt lat="31.825331887230277" lon="35.273840222507715">
        <ele>631.15</ele>
        <time>2025-10-12T15:19:20.558Z</time>
      </trkpt>
      <trkpt lat="31.825342951342463" lon="35.27387366630137">
        <ele>630.73</ele>
        <time>2025-10-12T15:19:21.015Z</time>
      </trkpt>
      <trkpt lat="31.82534856721759" lon="35.27388288639486">
        <ele>630.3</ele>
        <time>2025-10-12T15:19:21.474Z</time>
      </trkpt>
      <trkpt lat="31.825390309095383" lon="35.27390937320888">
        <ele>629.83</ele>
        <time>2025-10-12T15:19:21.939Z</time>
      </trkpt>
      <trkpt lat="31.825424591079354" lon="35.27395077981055">
        <ele>629.32</ele>
        <time>2025-10-12T15:19:22.410Z</time>
      </trkpt>
      <trkpt lat="31.825428027659655" lon="35.273963352665305">
        <ele>628.81</ele>
        <time>2025-10-12T15:19:22.883Z</time>
      </trkpt>
      <trkpt lat="31.825440851971507" lon="35.27398355305195">
        <ele>628.27</ele>
        <time>2025-10-12T15:19:23.359Z</time>
      </trkpt>
      <trkpt lat="31.825521318241954" lon="35.27407977730036">
        <ele>627.66</ele>
        <time>2025-10-12T15:19:23.850Z</time>
      </trkpt>
      <trkpt lat="31.8255758844316" lon="35.27414599433541">
        <ele>627.05</ele>
        <time>2025-10-12T15:19:24.352Z</time>
      </trkpt>
      <trkpt lat="31.825602538883686" lon="35.27421908453107">
        <ele>626.43</ele>
        <time>2025-10-12T15:19:24.863Z</time>
      </trkpt>
      <trkpt lat="31.825633300468326" lon="35.274257557466626">
        <ele>625.83</ele>
        <time>2025-10-12T15:19:25.380Z</time>
      </trkpt>
      <trkpt lat="31.825699601322412" lon="35.27429678477347">
        <ele>625.17</ele>
        <time>2025-10-12T15:19:25.906Z</time>
      </trkpt>
      <trkpt lat="31.825715694576502" lon="35.274288821965456">
        <ele>624.57</ele>
        <time>2025-10-12T15:19:26.435Z</time>
      </trkpt>
      <trkpt lat="31.825773948803544" lon="35.2742606587708">
        <ele>623.94</ele>
        <time>2025-10-12T15:19:26.972Z</time>
      </trkpt>
      <trkpt lat="31.825806889683008" lon="35.27426082640886">
        <ele>623.33</ele>
        <time>2025-10-12T15:19:27.514Z</time>
      </trkpt>
      <trkpt lat="31.82582893408835" lon="35.2742865588516">
        <ele>622.72</ele>
        <time>2025-10-12T15:19:28.060Z</time>
      </trkpt>
      <trkpt lat="31.82589892297983" lon="35.27433978393674">
        <ele>622.07</ele>
        <time>2025-10-12T15:19:28.617Z</time>
      </trkpt>
      <trkpt lat="31.825915351510048" lon="35.27435461990535">
        <ele>621.51</ele>
        <time>2025-10-12T15:19:29.177Z</time>
      </trkpt>
      <trkpt lat="31.82594225741923" lon="35.27435093186796">
        <ele>620.96</ele>
        <time>2025-10-12T15:19:29.740Z</time>
      </trkpt>
      <trkpt lat="31.825945442542434" lon="35.27434749528766">
        <ele>620.47</ele>
        <time>2025-10-12T15:19:30.304Z</time>
      </trkpt>
      <trkpt lat="31.825968576595187" lon="35.27436174452305">
        <ele>619.98</ele>
        <time>2025-10-12T15:19:30.871Z</time>
      </trkpt>
      <trkpt lat="31.826030435040593" lon="35.27444531209767">
        <ele>619.47</ele>
        <time>2025-10-12T15:19:31.451Z</time>
      </trkpt>
      <trkpt lat="31.82601710781455" lon="35.27451513335109">
        <ele>619.07</ele>
        <time>2025-10-12T15:19:32.039Z</time>
      </trkpt>
      <trkpt lat="31.82601610198617" lon="35.274601047858596">
        <ele>618.68</ele>
        <time>2025-10-12T15:19:32.637Z</time>
      </trkpt>
      <trkpt lat="31.82600688189268" lon="35.27466097846627">
        <ele>618.34</ele>
        <time>2025-10-12T15:19:33.242Z</time>
      </trkpt>
      <trkpt lat="31.826005037873983" lon="35.27469668537378">
        <ele>618.06</ele>
        <time>2025-10-12T15:19:33.851Z</time>
      </trkpt>
      <trkpt lat="31.826002774760127" lon="35.274713868275285">
        <ele>617.82</ele>
        <time>2025-10-12T15:19:34.462Z</time>
      </trkpt>
      <trkpt lat="31.826001768931746" lon="35.274725602939725">
        <ele>617.61</ele>
        <time>2025-10-12T15:19:35.074Z</time>
      </trkpt>
      <trkpt lat="31.82602297514677" lon="35.274820821359754">
        <ele>617.42</ele>
        <time>2025-10-12T15:19:35.697Z</time>
      </trkpt>
      <trkpt lat="31.82604694738984" lon="35.27493355795741">
        <ele>617.25</ele>
        <time>2025-10-12T15:19:36.333Z</time>
      </trkpt>
      <trkpt lat="31.826088521629572" lon="35.275018801912665">
        <ele>617.15</ele>
        <time>2025-10-12T15:19:36.980Z</time>
      </trkpt>
      <trkpt lat="31.826087599620223" lon="35.27502994984388">
        <ele>617.08</ele>
        <time>2025-10-12T15:19:37.629Z</time>
      </trkpt>
      <trkpt lat="31.826084749773145" lon="35.275063728913665">
        <ele>617.05</ele>
        <time>2025-10-12T15:19:38.282Z</time>
      </trkpt>
      <trkpt lat="31.82611676864326" lon="35.27509197592735">
        <ele>617.03</ele>
        <time>2025-10-12T15:19:38.940Z</time>
      </trkpt>
      <trkpt lat="31.826135208830237" lon="35.27511334978044">
        <ele>617.04</ele>
        <time>2025-10-12T15:19:39.601Z</time>
      </trkpt>
      <trkpt lat="31.82613587938249" lon="35.275133633986115">
        <ele>617.08</ele>
        <time>2025-10-12T15:19:40.265Z</time>
      </trkpt>
      <trkpt lat="31.826139148324728" lon="35.27514251880348">
        <ele>617.14</ele>
        <time>2025-10-12T15:19:40.930Z</time>
      </trkpt>
      <trkpt lat="31.826152307912707" lon="35.27515928260982">
        <ele>617.21</ele>
        <time>2025-10-12T15:19:41.597Z</time>
      </trkpt>
      <trkpt lat="31.826238222420216" lon="35.27521979995072">
        <ele>617.28</ele>
        <time>2025-10-12T15:19:42.278Z</time>
      </trkpt>
      <trkpt lat="31.826306115835905" lon="35.27527503669262">
        <ele>617.37</ele>
        <time>2025-10-12T15:19:42.970Z</time>
      </trkpt>
      <trkpt lat="31.82633662596345" lon="35.27535357512534">
        <ele>617.5</ele>
        <time>2025-10-12T15:19:43.671Z</time>
      </trkpt>
      <trkpt lat="31.826375434175134" lon="35.275373104959726">
        <ele>617.6</ele>
        <time>2025-10-12T15:19:44.378Z</time>
      </trkpt>
      <trkpt lat="31.826426312327385" lon="35.275397496297956">
        <ele>617.71</ele>
        <time>2025-10-12T15:19:45.092Z</time>
      </trkpt>
      <trkpt lat="31.826468976214528" lon="35.2754330355674">
        <ele>617.82</ele>
        <time>2025-10-12T15:19:45.813Z</time>
      </trkpt>
      <trkpt lat="31.826498061418533" lon="35.275540659204125">
        <ele>617.96</ele>
        <time>2025-10-12T15:19:46.547Z</time>
      </trkpt>
      <trkpt lat="31.826566206291318" lon="35.2756008412689">
        <ele>618.04</ele>
        <time>2025-10-12T15:19:47.293Z</time>
      </trkpt>
      <trkpt lat="31.82658875361085" lon="35.27561701834202">
        <ele>618.14</ele>
        <time>2025-10-12T15:19:48.042Z</time>
      </trkpt>
      <trkpt lat="31.826607445254922" lon="35.27564937248826">
        <ele>618.23</ele>
        <time>2025-10-12T15:19:48.796Z</time>
      </trkpt>
      <trkpt lat="31.826634518802166" lon="35.27569773606956">
        <ele>618.3</ele>
        <time>2025-10-12T15:19:49.556Z</time>
      </trkpt>
      <trkpt lat="31.8266414757818" lon="35.27575925923884">
        <ele>618.38</ele>
        <time>2025-10-12T15:19:50.323Z</time>
      </trkpt>
      <trkpt lat="31.8266465049237" lon="35.27578750625253">
        <ele>618.44</ele>
        <time>2025-10-12T15:19:51.093Z</time>
      </trkpt>
      <trkpt lat="31.826670058071613" lon="35.27587350457907">
        <ele>618.49</ele>
        <time>2025-10-12T15:19:51.874Z</time>
      </trkpt>
      <trkpt lat="31.826730826869607" lon="35.27591658756137">
        <ele>618.48</ele>
        <time>2025-10-12T15:19:52.664Z</time>
      </trkpt>
      <trkpt lat="31.82674750685692" lon="35.27594399638474">
        <ele>618.47</ele>
        <time>2025-10-12T15:19:53.458Z</time>
      </trkpt>
      <trkpt lat="31.82677592150867" lon="35.27599831111729">
        <ele>618.42</ele>
        <time>2025-10-12T15:19:54.259Z</time>
      </trkpt>
      <trkpt lat="31.82684239000082" lon="35.2760945353657">
        <ele>618.34</ele>
        <time>2025-10-12T15:19:55.074Z</time>
      </trkpt>
      <trkpt lat="31.826914222911" lon="35.2762309089303">
        <ele>618.24</ele>
        <time>2025-10-12T15:19:55.907Z</time>
      </trkpt>
      <trkpt lat="31.826975662261248" lon="35.276344902813435">
        <ele>618.08</ele>
        <time>2025-10-12T15:19:56.756Z</time>
      </trkpt>
      <trkpt lat="31.82704313658178" lon="35.27642486616969">
        <ele>617.87</ele>
        <time>2025-10-12T15:19:57.618Z</time>
      </trkpt>
      <trkpt lat="31.82709694840014" lon="35.276499381288886">
        <ele>617.61</ele>
        <time>2025-10-12T15:19:58.491Z</time>
      </trkpt>
      <trkpt lat="31.827110359445214" lon="35.2765160612762">
        <ele>617.33</ele>
        <time>2025-10-12T15:19:59.366Z</time>
      </trkpt>
      <trkpt lat="31.827114382758737" lon="35.27657339349389">
        <ele>617.02</ele>
        <time>2025-10-12T15:20:00.248Z</time>
      </trkpt>
      <trkpt lat="31.82711848989129" lon="35.27663248591125">
        <ele>616.65</ele>
        <time>2025-10-12T15:20:01.137Z</time>
      </trkpt>
      <trkpt lat="31.827181102707982" lon="35.27667707763612">
        <ele>616.21</ele>
        <time>2025-10-12T15:20:02.035Z</time>
      </trkpt>
      <trkpt lat="31.827214546501637" lon="35.276761734858155">
        <ele>615.73</ele>
        <time>2025-10-12T15:20:02.944Z</time>
      </trkpt>
      <trkpt lat="31.827216390520334" lon="35.27677657082677">
        <ele>615.24</ele>
        <time>2025-10-12T15:20:03.855Z</time>
      </trkpt>
      <trkpt lat="31.82723089121282" lon="35.27687187306583">
        <ele>614.68</ele>
        <time>2025-10-12T15:20:04.777Z</time>
      </trkpt>
      <trkpt lat="31.827234663069248" lon="35.27688947506249">
        <ele>614.1</ele>
        <time>2025-10-12T15:20:05.701Z</time>
      </trkpt>
      <trkpt lat="31.827235836535692" lon="35.276912190020084">
        <ele>613.48</ele>
        <time>2025-10-12T15:20:06.627Z</time>
      </trkpt>
      <trkpt lat="31.82722309604287" lon="35.276948902755976">
        <ele>612.82</ele>
        <time>2025-10-12T15:20:07.558Z</time>
      </trkpt>
      <trkpt lat="31.8272025603801" lon="35.27705719694495">
        <ele>612.08</ele>
        <time>2025-10-12T15:20:08.501Z</time>
      </trkpt>
      <trkpt lat="31.827207589522004" lon="35.277140848338604">
        <ele>611.3</ele>
        <time>2025-10-12T15:20:09.454Z</time>
      </trkpt>
      <trkpt lat="31.827224353328347" lon="35.277156019583344">
        <ele>610.54</ele>
        <time>2025-10-12T15:20:10.410Z</time>
      </trkpt>
      <trkpt lat="31.82730079628527" lon="35.277281161397696">
        <ele>609.65</ele>
        <time>2025-10-12T15:20:11.383Z</time>
      </trkpt>
      <trkpt lat="31.8273011315614" lon="35.27735768817365">
        <ele>608.79</ele>
        <time>2025-10-12T15:20:12.365Z</time>
      </trkpt>
      <trkpt lat="31.82730993255973" lon="35.27741233818233">
        <ele>607.93</ele>
        <time>2025-10-12T15:20:13.353Z</time>
      </trkpt>
      <trkpt lat="31.82734957896173" lon="35.277527421712875">
        <ele>606.98</ele>
        <time>2025-10-12T15:20:14.355Z</time>
      </trkpt>
      <trkpt lat="31.827344885095954" lon="35.27758056297898">
        <ele>606.1</ele>
        <time>2025-10-12T15:20:15.363Z</time>
      </trkpt>
      <trkpt lat="31.827340526506305" lon="35.27759850025177">
        <ele>605.24</ele>
        <time>2025-10-12T15:20:16.373Z</time>
      </trkpt>
      <trkpt lat="31.827342621982098" lon="35.27761543169618">
        <ele>604.37</ele>
        <time>2025-10-12T15:20:17.385Z</time>
      </trkpt>
      <trkpt lat="31.82732803747058" lon="35.277640828862786">
        <ele>603.49</ele>
        <time>2025-10-12T15:20:18.401Z</time>
      </trkpt>
      <trkpt lat="31.827320493757725" lon="35.27764627709985">
        <ele>602.63</ele>
        <time>2025-10-12T15:20:19.418Z</time>
      </trkpt>
      <trkpt lat="31.827350333333015" lon="35.27769757434726">
        <ele>601.7</ele>
        <time>2025-10-12T15:20:20.442Z</time>
      </trkpt>
      <trkpt lat="31.82739207521081" lon="35.277780555188656">
        <ele>600.74</ele>
        <time>2025-10-12T15:20:21.477Z</time>
      </trkpt>
      <trkpt lat="31.827407330274582" lon="35.27781852521002">
        <ele>599.84</ele>
        <time>2025-10-12T15:20:22.517Z</time>
      </trkpt>
      <trkpt lat="31.827427027747035" lon="35.27787275612354">
        <ele>598.91</ele>
        <time>2025-10-12T15:20:23.563Z</time>
      </trkpt>
      <trkpt lat="31.82747270911932" lon="35.277904691174626">
        <ele>598.01</ele>
        <time>2025-10-12T15:20:24.617Z</time>
      </trkpt>
      <trkpt lat="31.827478324994445" lon="35.277904104441404">
        <ele>597.16</ele>
        <time>2025-10-12T15:20:25.671Z</time>
      </trkpt>
      <trkpt lat="31.827493077144027" lon="35.277903098613024">
        <ele>596.31</ele>
        <time>2025-10-12T15:20:26.727Z</time>
      </trkpt>
      <trkpt lat="31.827523671090603" lon="35.277918772771955">
        <ele>595.46</ele>
        <time>2025-10-12T15:20:27.788Z</time>
      </trkpt>
      <trkpt lat="31.827536998316646" lon="35.27797878719866">
        <ele>594.56</ele>
        <time>2025-10-12T15:20:28.856Z</time>
      </trkpt>
      <trkpt lat="31.827522246167064" lon="35.2780822198838">
        <ele>593.65</ele>
        <time>2025-10-12T15:20:29.936Z</time>
      </trkpt>
      <trkpt lat="31.827535908669233" lon="35.278143072500825">
        <ele>592.78</ele>
        <time>2025-10-12T15:20:31.023Z</time>
      </trkpt>
      <trkpt lat="31.827542949467897" lon="35.27816469781101">
        <ele>591.98</ele>
        <time>2025-10-12T15:20:32.112Z</time>
      </trkpt>
      <trkpt lat="31.827543703839183" lon="35.27817693538964">
        <ele>591.2</ele>
        <time>2025-10-12T15:20:33.203Z</time>
      </trkpt>
      <trkpt lat="31.82756449095905" lon="35.27825069613755">
        <ele>590.37</ele>
        <time>2025-10-12T15:20:34.303Z</time>
      </trkpt>
      <trkpt lat="31.82757186703384" lon="35.2783671207726">
        <ele>589.6</ele>
        <time>2025-10-12T15:20:35.416Z</time>
      </trkpt>
      <trkpt lat="31.827594246715307" lon="35.278486646711826">
        <ele>588.84</ele>
        <time>2025-10-12T15:20:36.543Z</time>
      </trkpt>
      <trkpt lat="31.827619476243854" lon="35.2786744851619">
        <ele>588.07</ele>
        <time>2025-10-12T15:20:37.691Z</time>
      </trkpt>
      <trkpt lat="31.827611345797777" lon="35.27884740382433">
        <ele>587.32</ele>
        <time>2025-10-12T15:20:38.859Z</time>
      </trkpt>
      <trkpt lat="31.82759835384786" lon="35.27892108075321">
        <ele>586.64</ele>
        <time>2025-10-12T15:20:40.036Z</time>
      </trkpt>
      <trkpt lat="31.82759827002883" lon="35.27896424755454">
        <ele>585.98</ele>
        <time>2025-10-12T15:20:41.218Z</time>
      </trkpt>
      <trkpt lat="31.827611681073904" lon="35.279123252257705">
        <ele>585.28</ele>
        <time>2025-10-12T15:20:42.418Z</time>
      </trkpt>
      <trkpt lat="31.827617045491934" lon="35.2792582847178">
        <ele>584.64</ele>
        <time>2025-10-12T15:20:43.633Z</time>
      </trkpt>
      <trkpt lat="31.827655266970396" lon="35.279409578070045">
        <ele>584.0</ele>
        <time>2025-10-12T15:20:44.866Z</time>
      </trkpt>
      <trkpt lat="31.827668426558375" lon="35.27942407876253">
        <ele>583.41</ele>
        <time>2025-10-12T15:20:46.101Z</time>
      </trkpt>
      <trkpt lat="31.82770430110395" lon="35.27947344817221">
        <ele>582.81</ele>
        <time>2025-10-12T15:20:47.344Z</time>
      </trkpt>
      <trkpt lat="31.827699691057205" lon="35.279603032395244">
        <ele>582.24</ele>
        <time>2025-10-12T15:20:48.602Z</time>
      </trkpt>
      <trkpt lat="31.82769943960011" lon="35.27961560525">
        <ele>581.69</ele>
        <time>2025-10-12T15:20:49.861Z</time>
      </trkpt>
      <trkpt lat="31.82770480401814" lon="35.27981685474515">
        <ele>581.1</ele>
        <time>2025-10-12T15:20:51.143Z</time>
      </trkpt>
      <trkpt lat="31.827744115144014" lon="35.279934452846646">
        <ele>580.53</ele>
        <time>2025-10-12T15:20:52.439Z</time>
      </trkpt>
      <trkpt lat="31.82775668799877" lon="35.27998407371342">
        <ele>579.98</ele>
        <time>2025-10-12T15:20:53.741Z</time>
      </trkpt>
      <trkpt lat="31.827745037153363" lon="35.28007384389639">
        <ele>579.46</ele>
        <time>2025-10-12T15:20:55.053Z</time>
      </trkpt>
      <trkpt lat="31.827775547280908" lon="35.28018758632243">
        <ele>578.87</ele>
        <time>2025-10-12T15:20:56.379Z</time>
      </trkpt>
      <trkpt lat="31.8277776427567" lon="35.28031867928803">
        <ele>578.25</ele>
        <time>2025-10-12T15:20:57.720Z</time>
      </trkpt>
      <trkpt lat="31.827777223661542" lon="35.28050257824361">
        <ele>577.6</ele>
        <time>2025-10-12T15:20:59.082Z</time>
      </trkpt>
      <trkpt lat="31.827803207561374" lon="35.28067214414477">
        <ele>576.93</ele>
        <time>2025-10-12T15:21:00.463Z</time>
      </trkpt>
      <trkpt lat="31.827783845365047" lon="35.280766105279326">
        <ele>576.3</ele>
        <time>2025-10-12T15:21:01.855Z</time>
      </trkpt>
      <trkpt lat="31.82779675349593" lon="35.28085168451071">
        <ele>575.62</ele>
        <time>2025-10-12T15:21:03.257Z</time>
      </trkpt>
      <trkpt lat="31.827813014388084" lon="35.28095771558583">
        <ele>574.93</ele>
        <time>2025-10-12T15:21:04.671Z</time>
      </trkpt>
      <trkpt lat="31.827822737395763" lon="35.28108646161854">
        <ele>574.23</ele>
        <time>2025-10-12T15:21:06.100Z</time>
      </trkpt>
      <trkpt lat="31.82780639268458" lon="35.28123892843723">
        <ele>573.54</ele>
        <time>2025-10-12T15:21:07.546Z</time>
      </trkpt>
      <trkpt lat="31.82782650925219" lon="35.2813736256212">
        <ele>572.84</ele>
        <time>2025-10-12T15:21:09.008Z</time>
      </trkpt>
      <trkpt lat="31.827813517302275" lon="35.28146071359515">
        <ele>572.19</ele>
        <time>2025-10-12T15:21:10.480Z</time>
      </trkpt>
      <trkpt lat="31.827826090157032" lon="35.28159121982753">
        <ele>571.5</ele>
        <time>2025-10-12T15:21:11.967Z</time>
      </trkpt>
      <trkpt lat="31.82783572934568" lon="35.28173077851534">
        <ele>570.81</ele>
        <time>2025-10-12T15:21:13.470Z</time>
      </trkpt>
      <trkpt lat="31.827886439859867" lon="35.281809233129025">
        <ele>570.08</ele>
        <time>2025-10-12T15:21:14.984Z</time>
      </trkpt>
      <trkpt lat="31.827940084040165" lon="35.28189263306558">
        <ele>569.34</ele>
        <time>2025-10-12T15:21:16.510Z</time>
      </trkpt>
      <trkpt lat="31.82805667631328" lon="35.28203537687659">
        <ele>568.58</ele>
        <time>2025-10-12T15:21:18.058Z</time>
      </trkpt>
      <trkpt lat="31.82815575040877" lon="35.282123889774084">
        <ele>567.81</ele>
        <time>2025-10-12T15:21:19.623Z</time>
      </trkpt>
      <trkpt lat="31.82825591415167" lon="35.28222925029695">
        <ele>567.0</ele>
        <time>2025-10-12T15:21:21.206Z</time>
      </trkpt>
      <trkpt lat="31.828353395685554" lon="35.2823094651103">
        <ele>566.19</ele>
        <time>2025-10-12T15:21:22.805Z</time>
      </trkpt>
      <trkpt lat="31.828426737338305" lon="35.28232170268893">
        <ele>565.38</ele>
        <time>2025-10-12T15:21:24.414Z</time>
      </trkpt>
      <trkpt lat="31.828508209437132" lon="35.282390685752034">
        <ele>564.57</ele>
        <time>2025-10-12T15:21:26.036Z</time>
      </trkpt>
      <trkpt lat="31.828594375401735" lon="35.28243980370462">
        <ele>563.75</ele>
        <time>2025-10-12T15:21:27.671Z</time>
      </trkpt>
      <trkpt lat="31.828660676255822" lon="35.282469894737005">
        <ele>562.95</ele>
        <time>2025-10-12T15:21:29.315Z</time>
      </trkpt>
      <trkpt lat="31.828730329871178" lon="35.282479701563716">
        <ele>562.13</ele>
        <time>2025-10-12T15:21:30.969Z</time>
      </trkpt>
      <trkpt lat="31.828739633783698" lon="35.282485065981746">
        <ele>561.37</ele>
        <time>2025-10-12T15:21:32.624Z</time>
      </trkpt>
      <trkpt lat="31.828771149739623" lon="35.28250384144485">
        <ele>560.6</ele>
        <time>2025-10-12T15:21:34.284Z</time>
      </trkpt>
      <trkpt lat="31.82878321968019" lon="35.28251498937607">
        <ele>559.86</ele>
        <time>2025-10-12T15:21:35.946Z</time>
      </trkpt>
      <trkpt lat="31.828866116702557" lon="35.28257844038308">
        <ele>559.05</ele>
        <time>2025-10-12T15:21:37.621Z</time>
      </trkpt>
      <trkpt lat="31.82888933457434" lon="35.282535944134">
        <ele>558.29</ele>
        <time>2025-10-12T15:21:39.302Z</time>
      </trkpt>
      <trkpt lat="31.82891900651157" lon="35.28252664022148">
        <ele>557.53</ele>
        <time>2025-10-12T15:21:40.987Z</time>
      </trkpt>
      <trkpt lat="31.828941637650132" lon="35.28252295218408">
        <ele>556.8</ele>
        <time>2025-10-12T15:21:42.675Z</time>
      </trkpt>
      <trkpt lat="31.828984636813402" lon="35.28252144344151">
        <ele>556.04</ele>
        <time>2025-10-12T15:21:44.368Z</time>
      </trkpt>
      <trkpt lat="31.829075999557972" lon="35.28255178593099">
        <ele>555.26</ele>
        <time>2025-10-12T15:21:46.074Z</time>
      </trkpt>
      <trkpt lat="31.829111287370324" lon="35.28261129744351">
        <ele>554.56</ele>
        <time>2025-10-12T15:21:47.788Z</time>
      </trkpt>
      <trkpt lat="31.82913802564144" lon="35.28265815228224">
        <ele>553.86</ele>
        <time>2025-10-12T15:21:49.509Z</time>
      </trkpt>
      <trkpt lat="31.82914087548852" lon="35.28266259469092">
        <ele>553.17</ele>
        <time>2025-10-12T15:21:51.230Z</time>
      </trkpt>
      <trkpt lat="31.82915856130421" lon="35.282679526135325">
        <ele>552.48</ele>
        <time>2025-10-12T15:21:52.954Z</time>
      </trkpt>
      <trkpt lat="31.82921715080738" lon="35.28270224109292">
        <ele>551.74</ele>
        <time>2025-10-12T15:21:54.687Z</time>
      </trkpt>
      <trkpt lat="31.82928948663175" lon="35.28276711702347">
        <ele>550.99</ele>
        <time>2025-10-12T15:21:56.432Z</time>
      </trkpt>
      <trkpt lat="31.829299544915557" lon="35.28276854194701">
        <ele>550.28</ele>
        <time>2025-10-12T15:21:58.178Z</time>
      </trkpt>
      <trkpt lat="31.829340951517224" lon="35.28280818834901">
        <ele>549.54</ele>
        <time>2025-10-12T15:21:59.931Z</time>
      </trkpt>
      <trkpt lat="31.829349836334586" lon="35.2828139718622">
        <ele>548.84</ele>
        <time>2025-10-12T15:22:01.685Z</time>
      </trkpt>
      <trkpt lat="31.829380681738257" lon="35.28286996297538">
        <ele>548.11</ele>
        <time>2025-10-12T15:22:03.447Z</time>
      </trkpt>
      <trkpt lat="31.829411443322897" lon="35.28288463130593">
        <ele>547.36</ele>
        <time>2025-10-12T15:22:05.213Z</time>
      </trkpt>
      <trkpt lat="31.82944622822106" lon="35.28294213116169">
        <ele>546.62</ele>
        <time>2025-10-12T15:22:06.987Z</time>
      </trkpt>
      <trkpt lat="31.82949081994593" lon="35.283023016527295">
        <ele>545.86</ele>
        <time>2025-10-12T15:22:08.772Z</time>
      </trkpt>
      <trkpt lat="31.82951278053224" lon="35.28305252082646">
        <ele>545.12</ele>
        <time>2025-10-12T15:22:10.562Z</time>
      </trkpt>
      <trkpt lat="31.8295459728688" lon="35.28308889828622">
        <ele>544.37</ele>
        <time>2025-10-12T15:22:12.358Z</time>
      </trkpt>
      <trkpt lat="31.829556869342923" lon="35.283090407028794">
        <ele>543.64</ele>
        <time>2025-10-12T15:22:14.155Z</time>
      </trkpt>
      <trkpt lat="31.829612022265792" lon="35.28316106647253">
        <ele>542.85</ele>
        <time>2025-10-12T15:22:15.963Z</time>
      </trkpt>
      <trkpt lat="31.829685112461448" lon="35.2832524292171">
        <ele>542.04</ele>
        <time>2025-10-12T15:22:17.785Z</time>
      </trkpt>
      <trkpt lat="31.829694164916873" lon="35.28326039202511">
        <ele>541.34</ele>
        <time>2025-10-12T15:22:19.609Z</time>
      </trkpt>
      <trkpt lat="31.829728530719876" lon="35.283333314582705">
        <ele>540.62</ele>
        <time>2025-10-12T15:22:21.442Z</time>
      </trkpt>
      <trkpt lat="31.829768596217036" lon="35.28344412334263">
        <ele>539.89</ele>
        <time>2025-10-12T15:22:23.289Z</time>
      </trkpt>
      <trkpt lat="31.82977471500635" lon="35.28345761820674">
        <ele>539.24</ele>
        <time>2025-10-12T15:22:25.138Z</time>
      </trkpt>
      <trkpt lat="31.829813355579972" lon="35.283585945144296">
        <ele>538.58</ele>
        <time>2025-10-12T15:22:27.002Z</time>
      </trkpt>
      <trkpt lat="31.829822910949588" lon="35.28362827375531">
        <ele>537.99</ele>
        <time>2025-10-12T15:22:28.871Z</time>
      </trkpt>
      <trkpt lat="31.82983481325209" lon="35.28370681218803">
        <ele>537.44</ele>
        <time>2025-10-12T15:22:30.749Z</time>
      </trkpt>
      <trkpt lat="31.829868759959936" lon="35.283780908212066">
        <ele>536.87</ele>
        <time>2025-10-12T15:22:32.637Z</time>
      </trkpt>
      <trkpt lat="31.82987479493022" lon="35.283792642876506">
        <ele>536.33</ele>
        <time>2025-10-12T15:22:34.526Z</time>
      </trkpt>
      <trkpt lat="31.829879572615027" lon="35.28380261734128">
        <ele>535.81</ele>
        <time>2025-10-12T15:22:36.417Z</time>
      </trkpt>
      <trkpt lat="31.829919554293156" lon="35.28384645469487">
        <ele>535.27</ele>
        <time>2025-10-12T15:22:38.315Z</time>
      </trkpt>
      <trkpt lat="31.829948220402002" lon="35.283854166045785">
        <ele>534.76</ele>
        <time>2025-10-12T15:22:40.217Z</time>
      </trkpt>
      <trkpt lat="31.829970432445407" lon="35.28384352102876">
        <ele>534.27</ele>
        <time>2025-10-12T15:22:42.122Z</time>
      </trkpt>
      <trkpt lat="31.829982167109847" lon="35.2838378213346">
        <ele>533.84</ele>
        <time>2025-10-12T15:22:44.029Z</time>
      </trkpt>
      <trkpt lat="31.830006642267108" lon="35.28383086435497">
        <ele>533.41</ele>
        <time>2025-10-12T15:22:45.939Z</time>
      </trkpt>
      <trkpt lat="31.83002181351185" lon="35.28382834978402">
        <ele>533.04</ele>
        <time>2025-10-12T15:22:47.851Z</time>
      </trkpt>
      <trkpt lat="31.830062717199326" lon="35.28378702700138">
        <ele>532.65</ele>
        <time>2025-10-12T15:22:49.770Z</time>
      </trkpt>
      <trkpt lat="31.830125330016017" lon="35.28377613052726">
        <ele>532.3</ele>
        <time>2025-10-12T15:22:51.698Z</time>
      </trkpt>
      <trkpt lat="31.83021049015224" lon="35.28384670615196">
        <ele>532.0</ele>
        <time>2025-10-12T15:22:53.640Z</time>
      </trkpt>
      <trkpt lat="31.830290034413338" lon="35.283951396122575">
        <ele>531.77</ele>
        <time>2025-10-12T15:22:55.598Z</time>
      </trkpt>
      <trkpt lat="31.830337895080447" lon="35.28405608609319">
        <ele>531.63</ele>
        <time>2025-10-12T15:22:57.569Z</time>
      </trkpt>
      <trkpt lat="31.83038583956659" lon="35.28420905582607">
        <ele>531.58</ele>
        <time>2025-10-12T15:22:59.559Z</time>
      </trkpt>
      <trkpt lat="31.8304197024554" lon="35.28429253958166">
        <ele>531.57</ele>
        <time>2025-10-12T15:23:01.559Z</time>
      </trkpt>
      <trkpt lat="31.830439986661077" lon="35.2843402326107">
        <ele>531.61</ele>
        <time>2025-10-12T15:23:03.565Z</time>
      </trkpt>
      <trkpt lat="31.83048214763403" lon="35.284467888996005">
        <ele>531.73</ele>
        <time>2025-10-12T15:23:05.587Z</time>
      </trkpt>
      <trkpt lat="31.830499498173594" lon="35.284516755491495">
        <ele>531.88</ele>
        <time>2025-10-12T15:23:07.615Z</time>
      </trkpt>
      <trkpt lat="31.83052070438862" lon="35.28456159867346">
        <ele>532.08</ele>
        <time>2025-10-12T15:23:09.649Z</time>
      </trkpt>
      <trkpt lat="31.83052950538695" lon="35.28458481654525">
        <ele>532.31</ele>
        <time>2025-10-12T15:23:11.685Z</time>
      </trkpt>
      <trkpt lat="31.830577114596963" lon="35.28469344601035">
        <ele>532.61</ele>
        <time>2025-10-12T15:23:13.735Z</time>
      </trkpt>
      <trkpt lat="31.830631345510483" lon="35.28479117900133">
        <ele>532.94</ele>
        <time>2025-10-12T15:23:15.799Z</time>
      </trkpt>
      <trkpt lat="31.830669064074755" lon="35.284833339974284">
        <ele>533.26</ele>
        <time>2025-10-12T15:23:17.870Z</time>
      </trkpt>
      <trkpt lat="31.830694880336523" lon="35.28488019481301">
        <ele>533.61</ele>
        <time>2025-10-12T15:23:19.947Z</time>
      </trkpt>
      <trkpt lat="31.83073486201465" lon="35.28500843793154">
        <ele>534.02</ele>
        <time>2025-10-12T15:23:22.039Z</time>
      </trkpt>
      <trkpt lat="31.830731593072414" lon="35.285032745450735">
        <ele>534.4</ele>
        <time>2025-10-12T15:23:24.134Z</time>
      </trkpt>
      <trkpt lat="31.83072740212083" lon="35.28503299690783">
        <ele>534.75</ele>
        <time>2025-10-12T15:23:26.230Z</time>
      </trkpt>
      <trkpt lat="31.8307254742831" lon="35.28503039851785">
        <ele>535.09</ele>
        <time>2025-10-12T15:23:28.326Z</time>
      </trkpt>
      <trkpt lat="31.830725641921163" lon="35.285030230879784">
        <ele>535.43</ele>
        <time>2025-10-12T15:23:30.422Z</time>
      </trkpt>
      <trkpt lat="31.830725725740194" lon="35.28503006324172">
        <ele>535.75</ele>
        <time>2025-10-12T15:23:32.518Z</time>
      </trkpt>
      <trkpt lat="31.830725306645036" lon="35.28503056615591">
        <ele>536.05</ele>
        <time>2025-10-12T15:23:34.614Z</time>
      </trkpt>
      <trkpt lat="31.830724384635687" lon="35.28503056615591">
        <ele>536.33</ele>
        <time>2025-10-12T15:23:36.710Z</time>
      </trkpt>
      <trkpt lat="31.830724216997623" lon="35.28503215871751">
        <ele>536.59</ele>
        <time>2025-10-12T15:23:38.807Z</time>
      </trkpt>
      <trkpt lat="31.83075581677258" lon="35.285045905038714">
        <ele>536.8</ele>
        <time>2025-10-12T15:23:40.908Z</time>
      </trkpt>
      <trkpt lat="31.830806862562895" lon="35.28508638963103">
        <ele>536.97</ele>
        <time>2025-10-12T15:23:43.017Z</time>
      </trkpt>
      <trkpt lat="31.830813651904464" lon="35.285103153437376">
        <ele>537.14</ele>
        <time>2025-10-12T15:23:45.128Z</time>
      </trkpt>
      <trkpt lat="31.830834690481424" lon="35.28518496081233">
        <ele>537.3</ele>
        <time>2025-10-12T15:23:47.249Z</time>
      </trkpt>
      <trkpt lat="31.83084910735488" lon="35.28525595553219">
        <ele>537.41</ele>
        <time>2025-10-12T15:23:49.378Z</time>
      </trkpt>
      <trkpt lat="31.830845000222325" lon="35.28528353199363">
        <ele>537.46</ele>
        <time>2025-10-12T15:23:51.511Z</time>
      </trkpt>
      <trkpt lat="31.83084676042199" lon="35.28531546704471">
        <ele>537.46</ele>
        <time>2025-10-12T15:23:53.647Z</time>
      </trkpt>
      <trkpt lat="31.830853885039687" lon="35.285327369347215">
        <ele>537.39</ele>
        <time>2025-10-12T15:23:55.785Z</time>
      </trkpt>
      <trkpt lat="31.830860255286098" lon="35.285356706008315">
        <ele>537.28</ele>
        <time>2025-10-12T15:23:57.926Z</time>
      </trkpt>
      <trkpt lat="31.830861596390605" lon="35.28536768630147">
        <ele>537.12</ele>
        <time>2025-10-12T15:24:00.068Z</time>
      </trkpt>
      <trkpt lat="31.830864949151874" lon="35.28538763523102">
        <ele>536.91</ele>
        <time>2025-10-12T15:24:02.213Z</time>
      </trkpt>
      <trkpt lat="31.830878192558885" lon="35.28542392887175">
        <ele>536.64</ele>
        <time>2025-10-12T15:24:04.362Z</time>
      </trkpt>
      <trkpt lat="31.83089612983167" lon="35.28546357527375">
        <ele>536.31</ele>
        <time>2025-10-12T15:24:06.516Z</time>
      </trkpt>
      <trkpt lat="31.830963771790266" lon="35.28557161800563">
        <ele>535.87</ele>
        <time>2025-10-12T15:24:08.686Z</time>
      </trkpt>
      <trkpt lat="31.83098489418626" lon="35.285602547228336">
        <ele>535.43</ele>
        <time>2025-10-12T15:24:10.860Z</time>
      </trkpt>
      <trkpt lat="31.830992018803954" lon="35.28561009094119">
        <ele>534.96</ele>
        <time>2025-10-12T15:24:13.035Z</time>
      </trkpt>
      <trkpt lat="31.83109352365136" lon="35.285665579140186">
        <ele>534.35</ele>
        <time>2025-10-12T15:24:15.225Z</time>
      </trkpt>
      <trkpt lat="31.831146329641342" lon="35.28574042953551">
        <ele>533.75</ele>
        <time>2025-10-12T15:24:17.426Z</time>
      </trkpt>
      <trkpt lat="31.831155801191926" lon="35.28574587777257">
        <ele>533.18</ele>
        <time>2025-10-12T15:24:19.629Z</time>
      </trkpt>
      <trkpt lat="31.831217659637332" lon="35.28580346144736">
        <ele>532.53</ele>
        <time>2025-10-12T15:24:21.842Z</time>
      </trkpt>
      <trkpt lat="31.831224281340837" lon="35.28580631129444">
        <ele>531.93</ele>
        <time>2025-10-12T15:24:24.056Z</time>
      </trkpt>
      <trkpt lat="31.831229981034994" lon="35.28580706566572">
        <ele>531.31</ele>
        <time>2025-10-12T15:24:26.271Z</time>
      </trkpt>
      <trkpt lat="31.83128354139626" lon="35.28582944534719">
        <ele>530.64</ele>
        <time>2025-10-12T15:24:28.494Z</time>
      </trkpt>
      <trkpt lat="31.831293683499098" lon="35.28583145700395">
        <ele>530.0</ele>
        <time>2025-10-12T15:24:30.718Z</time>
      </trkpt>
      <trkpt lat="31.83130315504968" lon="35.285837072879076">
        <ele>529.37</ele>
        <time>2025-10-12T15:24:32.943Z</time>
      </trkpt>
      <trkpt lat="31.831349590793252" lon="35.285873701795936">
        <ele>528.7</ele>
        <time>2025-10-12T15:24:35.176Z</time>
      </trkpt>
      <trkpt lat="31.831371802836657" lon="35.28590630739927">
        <ele>528.07</ele>
        <time>2025-10-12T15:24:37.413Z</time>
      </trkpt>
      <trkpt lat="31.831387728452682" lon="35.285938661545515">
        <ele>527.45</ele>
        <time>2025-10-12T15:24:39.655Z</time>
      </trkpt>
      <trkpt lat="31.831413293257356" lon="35.28596674092114">
        <ele>526.84</ele>
        <time>2025-10-12T15:24:41.901Z</time>
      </trkpt>
      <trkpt lat="31.83143600821495" lon="35.285981157794595">
        <ele>526.25</ele>
        <time>2025-10-12T15:24:44.151Z</time>
      </trkpt>
      <trkpt lat="31.831468865275383" lon="35.28600278310478">
        <ele>525.67</ele>
        <time>2025-10-12T15:24:46.406Z</time>
      </trkpt>
      <trkpt lat="31.8315698672086" lon="35.28603765182197">
        <ele>525.05</ele>
        <time>2025-10-12T15:24:48.675Z</time>
      </trkpt>
      <trkpt lat="31.83162267319858" lon="35.28607520274818">
        <ele>524.51</ele>
        <time>2025-10-12T15:24:50.952Z</time>
      </trkpt>
      <trkpt lat="31.831689476966858" lon="35.286167822778225">
        <ele>524.01</ele>
        <time>2025-10-12T15:24:53.243Z</time>
      </trkpt>
      <trkpt lat="31.831695679575205" lon="35.286178132519126">
        <ele>523.57</ele>
        <time>2025-10-12T15:24:55.535Z</time>
      </trkpt>
      <trkpt lat="31.831777403131127" lon="35.28628491796553">
        <ele>523.12</ele>
        <time>2025-10-12T15:24:57.844Z</time>
      </trkpt>
      <trkpt lat="31.83186407200992" lon="35.28640511445701">
        <ele>522.7</ele>
        <time>2025-10-12T15:25:00.170Z</time>
      </trkpt>
      <trkpt lat="31.83192224241793" lon="35.28652656823397">
        <ele>522.3</ele>
        <time>2025-10-12T15:25:02.512Z</time>
      </trkpt>
      <trkpt lat="31.831988375633955" lon="35.28661432676017">
        <ele>521.92</ele>
        <time>2025-10-12T15:25:04.868Z</time>
      </trkpt>
      <trkpt lat="31.832020226866007" lon="35.286720441654325">
        <ele>521.58</ele>
        <time>2025-10-12T15:25:07.236Z</time>
      </trkpt>
      <trkpt lat="31.83207705616951" lon="35.28677576221526">
        <ele>521.27</ele>
        <time>2025-10-12T15:25:09.614Z</time>
      </trkpt>
      <trkpt lat="31.832140423357487" lon="35.28684734366834">
        <ele>520.97</ele>
        <time>2025-10-12T15:25:12.004Z</time>
      </trkpt>
      <trkpt lat="31.832190798595548" lon="35.28690869919956">
        <ele>520.68</ele>
        <time>2025-10-12T15:25:14.404Z</time>
      </trkpt>
      <trkpt lat="31.832191552966833" lon="35.286912554875016">
        <ele>520.39</ele>
        <time>2025-10-12T15:25:16.804Z</time>
      </trkpt>
      <trkpt lat="31.83219725266099" lon="35.286958487704396">
        <ele>520.09</ele>
        <time>2025-10-12T15:25:19.209Z</time>
      </trkpt>
      <trkpt lat="31.832234049215913" lon="35.287010204046965">
        <ele>519.78</ele>
        <time>2025-10-12T15:25:21.622Z</time>
      </trkpt>
      <trkpt lat="31.832290878519416" lon="35.287117743864655">
        <ele>519.45</ele>
        <time>2025-10-12T15:25:24.049Z</time>
      </trkpt>
      <trkpt lat="31.832391461357474" lon="35.28726451098919">
        <ele>519.05</ele>
        <time>2025-10-12T15:25:26.498Z</time>
      </trkpt>
      <trkpt lat="31.832410572096705" lon="35.28729778714478">
        <ele>518.64</ele>
        <time>2025-10-12T15:25:28.951Z</time>
      </trkpt>
      <trkpt lat="31.83243764564395" lon="35.28735595755279">
        <ele>518.2</ele>
        <time>2025-10-12T15:25:31.412Z</time>
      </trkpt>
      <trkpt lat="31.832437980920076" lon="35.28735595755279">
        <ele>517.72</ele>
        <time>2025-10-12T15:25:33.873Z</time>
      </trkpt>
      <trkpt lat="31.83245725929737" lon="35.28735352680087">
        <ele>517.19</ele>
        <time>2025-10-12T15:25:36.336Z</time>
      </trkpt>
      <trkpt lat="31.83245432563126" lon="35.287355622276664">
        <ele>516.61</ele>
        <time>2025-10-12T15:25:38.800Z</time>
      </trkpt>
      <trkpt lat="31.832456337288022" lon="35.28735805302858">
        <ele>515.98</ele>
        <time>2025-10-12T15:25:41.264Z</time>
      </trkpt>
      <trkpt lat="31.832456337288022" lon="35.28735847212374">
        <ele>515.28</ele>
        <time>2025-10-12T15:25:43.728Z</time>
      </trkpt>
      <trkpt lat="31.832456337288022" lon="35.287358639761806">
        <ele>514.52</ele>
        <time>2025-10-12T15:25:46.192Z</time>
      </trkpt>
      <trkpt lat="31.832455582916737" lon="35.28736509382725">
        <ele>513.69</ele>
        <time>2025-10-12T15:25:48.657Z</time>
      </trkpt>
      <trkpt lat="31.832487601786852" lon="35.28742133639753">
        <ele>512.78</ele>
        <time>2025-10-12T15:25:51.130Z</time>
      </trkpt>
      <trkpt lat="31.832590363919735" lon="35.287535078823566">
        <ele>511.69</ele>
        <time>2025-10-12T15:25:53.622Z</time>
      </trkpt>
      <trkpt lat="31.83267711661756" lon="35.287648905068636">
        <ele>510.53</ele>
        <time>2025-10-12T15:25:56.131Z</time>
      </trkpt>
      <trkpt lat="31.83269949629903" lon="35.28776407241821">
        <ele>509.36</ele>
        <time>2025-10-12T15:25:58.653Z</time>
      </trkpt>
      <trkpt lat="31.832734113559127" lon="35.287869265303016">
        <ele>508.15</ele>
        <time>2025-10-12T15:26:01.188Z</time>
      </trkpt>
      <trkpt lat="31.832828745245934" lon="35.287984097376466">
        <ele>506.86</ele>
        <time>2025-10-12T15:26:03.741Z</time>
      </trkpt>
      <trkpt lat="31.832910049706697" lon="35.288023576140404">
        <ele>505.6</ele>
        <time>2025-10-12T15:26:06.306Z</time>
      </trkpt>
      <trkpt lat="31.832951875403523" lon="35.28807998634875">
        <ele>504.36</ele>
        <time>2025-10-12T15:26:08.879Z</time>
      </trkpt>
      <trkpt lat="31.833006609231234" lon="35.28808241710067">
        <ele>503.15</ele>
        <time>2025-10-12T15:26:11.460Z</time>
      </trkpt>
      <trkpt lat="31.833022367209196" lon="35.288099432364106">
        <ele>501.94</ele>
        <time>2025-10-12T15:26:14.044Z</time>
      </trkpt>
      <trkpt lat="31.833093278110027" lon="35.288183838129044">
        <ele>500.65</ele>
        <time>2025-10-12T15:26:16.641Z</time>
      </trkpt>
      <trkpt lat="31.833097469061613" lon="35.28819037601352">
        <ele>499.48</ele>
        <time>2025-10-12T15:26:19.239Z</time>
      </trkpt>
      <trkpt lat="31.833169888705015" lon="35.2882069721818">
        <ele>498.27</ele>
        <time>2025-10-12T15:26:21.847Z</time>
      </trkpt>
      <trkpt lat="31.83331238105893" lon="35.28826438821852">
        <ele>497.0</ele>
        <time>2025-10-12T15:26:24.475Z</time>
      </trkpt>
      <trkpt lat="31.83333040215075" lon="35.28831618838012">
        <ele>495.83</ele>
        <time>2025-10-12T15:26:27.109Z</time>
      </trkpt>
      <trkpt lat="31.833344232290983" lon="35.288323145359755">
        <ele>494.74</ele>
        <time>2025-10-12T15:26:29.745Z</time>
      </trkpt>
      <trkpt lat="31.833375580608845" lon="35.2883433457464">
        <ele>493.66</ele>
        <time>2025-10-12T15:26:32.386Z</time>
      </trkpt>
      <trkpt lat="31.83338605798781" lon="35.288348542526364">
        <ele>492.65</ele>
        <time>2025-10-12T15:26:35.028Z</time>
      </trkpt>
      <trkpt lat="31.833435595035553" lon="35.28836446814239">
        <ele>491.63</ele>
        <time>2025-10-12T15:26:37.677Z</time>
      </trkpt>
      <trkpt lat="31.833458142355084" lon="35.28837067075074">
        <ele>490.68</ele>
        <time>2025-10-12T15:26:40.329Z</time>
      </trkpt>
      <trkpt lat="31.83350482955575" lon="35.28841366991401">
        <ele>489.71</ele>
        <time>2025-10-12T15:26:42.989Z</time>
      </trkpt>
      <trkpt lat="31.833524107933044" lon="35.288414089009166">
        <ele>488.86</ele>
        <time>2025-10-12T15:26:45.652Z</time>
      </trkpt>
      <trkpt lat="31.833563167601824" lon="35.288419369608164">
        <ele>488.03</ele>
        <time>2025-10-12T15:26:48.320Z</time>
      </trkpt>
      <trkpt lat="31.833559228107333" lon="35.28846614062786">
        <ele>487.22</ele>
        <time>2025-10-12T15:26:50.993Z</time>
      </trkpt>
      <trkpt lat="31.833584206178784" lon="35.28848089277744">
        <ele>486.47</ele>
        <time>2025-10-12T15:26:53.670Z</time>
      </trkpt>
      <trkpt lat="31.833632485941052" lon="35.288486843928695">
        <ele>485.76</ele>
        <time>2025-10-12T15:26:56.354Z</time>
      </trkpt>
      <trkpt lat="31.83365000411868" lon="35.28848231770098">
        <ele>485.12</ele>
        <time>2025-10-12T15:26:59.040Z</time>
      </trkpt>
      <trkpt lat="31.833680933341384" lon="35.28848751448095">
        <ele>484.49</ele>
        <time>2025-10-12T15:27:01.730Z</time>
      </trkpt>
      <trkpt lat="31.83368713594973" lon="35.288526490330696">
        <ele>483.91</ele>
        <time>2025-10-12T15:27:04.425Z</time>
      </trkpt>
      <trkpt lat="31.833683280274272" lon="35.2885505463928">
        <ele>483.37</ele>
        <time>2025-10-12T15:27:07.122Z</time>
      </trkpt>
      <trkpt lat="31.83368512429297" lon="35.288571836426854">
        <ele>482.87</ele>
        <time>2025-10-12T15:27:09.822Z</time>
      </trkpt>
      <trkpt lat="31.833709180355072" lon="35.28861215338111">
        <ele>482.34</ele>
        <time>2025-10-12T15:27:12.527Z</time>
      </trkpt>
      <trkpt lat="31.833631480112672" lon="35.28866780921817">
        <ele>481.91</ele>
        <time>2025-10-12T15:27:15.245Z</time>
      </trkpt>
      <trkpt lat="31.833567274734378" lon="35.288713071495295">
        <ele>481.51</ele>
        <time>2025-10-12T15:27:17.972Z</time>
      </trkpt>
      <trkpt lat="31.833556378260255" lon="35.28871575370431">
        <ele>481.14</ele>
        <time>2025-10-12T15:27:20.701Z</time>
      </trkpt>
      <trkpt lat="31.83353022672236" lon="35.28873243369162">
        <ele>480.79</ele>
        <time>2025-10-12T15:27:23.434Z</time>
      </trkpt>
      <trkpt lat="31.833498207852244" lon="35.28876998461783">
        <ele>480.43</ele>
        <time>2025-10-12T15:27:26.173Z</time>
      </trkpt>
      <trkpt lat="31.833467530086637" lon="35.28883787803352">
        <ele>480.03</ele>
        <time>2025-10-12T15:27:28.921Z</time>
      </trkpt>
      <trkpt lat="31.83341195806861" lon="35.28887542895973">
        <ele>479.73</ele>
        <time>2025-10-12T15:27:31.677Z</time>
      </trkpt>
      <trkpt lat="31.83339150622487" lon="35.288895294070244">
        <ele>479.43</ele>
        <time>2025-10-12T15:27:34.437Z</time>
      </trkpt>
      <trkpt lat="31.833368707448244" lon="35.28892094269395">
        <ele>479.12</ele>
        <time>2025-10-12T15:27:37.201Z</time>
      </trkpt>
      <trkpt lat="31.833350602537394" lon="35.2889858186245">
        <ele>478.75</ele>
        <time>2025-10-12T15:27:39.973Z</time>
      </trkpt>
      <trkpt lat="31.833355464041233" lon="35.28900442644954">
        <ele>478.4</ele>
        <time>2025-10-12T15:27:42.747Z</time>
      </trkpt>
      <trkpt lat="31.833356469869614" lon="35.289008282124996">
        <ele>478.07</ele>
        <time>2025-10-12T15:27:45.521Z</time>
      </trkpt>
      <trkpt lat="31.83335621841252" lon="35.28900937177241">
        <ele>477.74</ele>
        <time>2025-10-12T15:27:48.296Z</time>
      </trkpt>
      <trkpt lat="31.833370802924037" lon="35.28903820551932">
        <ele>477.32</ele>
        <time>2025-10-12T15:27:51.074Z</time>
      </trkpt>
      <trkpt lat="31.833360409364104" lon="35.289058573544025">
        <ele>476.96</ele>
        <time>2025-10-12T15:27:53.855Z</time>
      </trkpt>
      <trkpt lat="31.833358984440565" lon="35.289085479453206">
        <ele>476.56</ele>
        <time>2025-10-12T15:27:56.639Z</time>
      </trkpt>
      <trkpt lat="31.833354961127043" lon="35.28915002010763">
        <ele>476.09</ele>
        <time>2025-10-12T15:27:59.430Z</time>
      </trkpt>
      <trkpt lat="31.833329647779465" lon="35.289183212444186">
        <ele>475.68</ele>
        <time>2025-10-12T15:28:02.226Z</time>
      </trkpt>
      <trkpt lat="31.833297796547413" lon="35.28923995792866">
        <ele>475.23</ele>
        <time>2025-10-12T15:28:05.030Z</time>
      </trkpt>
      <trkpt lat="31.8332932703197" lon="35.289249094203115">
        <ele>474.78</ele>
        <time>2025-10-12T15:28:07.835Z</time>
      </trkpt>
      <trkpt lat="31.833285810425878" lon="35.289270551875234">
        <ele>474.28</ele>
        <time>2025-10-12T15:28:10.643Z</time>
      </trkpt>
      <trkpt lat="31.83327273465693" lon="35.28930651023984">
        <ele>473.75</ele>
        <time>2025-10-12T15:28:13.455Z</time>
      </trkpt>
      <trkpt lat="31.83325999416411" lon="35.28935336507857">
        <ele>473.17</ele>
        <time>2025-10-12T15:28:16.273Z</time>
      </trkpt>
      <trkpt lat="31.833256809040904" lon="35.28936258517206">
        <ele>472.63</ele>
        <time>2025-10-12T15:28:19.092Z</time>
      </trkpt>
      <trkpt lat="31.833213474601507" lon="35.28944967314601">
        <ele>471.98</ele>
        <time>2025-10-12T15:28:21.923Z</time>
      </trkpt>
      <trkpt lat="31.833158992230892" lon="35.28956274501979">
        <ele>471.4</ele>
        <time>2025-10-12T15:28:24.768Z</time>
      </trkpt>
      <trkpt lat="31.833151364699006" lon="35.28956945054233">
        <ele>470.84</ele>
        <time>2025-10-12T15:28:27.615Z</time>
      </trkpt>
      <trkpt lat="31.833146922290325" lon="35.289574982598424">
        <ele>470.25</ele>
        <time>2025-10-12T15:28:30.463Z</time>
      </trkpt>
      <trkpt lat="31.833141474053264" lon="35.289601469412446">
        <ele>469.62</ele>
        <time>2025-10-12T15:28:33.314Z</time>
      </trkpt>
      <trkpt lat="31.833125045523047" lon="35.289690820500255">
        <ele>468.9</ele>
        <time>2025-10-12T15:28:36.175Z</time>
      </trkpt>
      <trkpt lat="31.833105850964785" lon="35.28975904919207">
        <ele>468.21</ele>
        <time>2025-10-12T15:28:39.044Z</time>
      </trkpt>
      <trkpt lat="31.833087410777807" lon="35.28982342220843">
        <ele>467.52</ele>
        <time>2025-10-12T15:28:41.921Z</time>
      </trkpt>
      <trkpt lat="31.83309042826295" lon="35.289839850738645">
        <ele>466.84</ele>
        <time>2025-10-12T15:28:44.800Z</time>
      </trkpt>
      <trkpt lat="31.833074586465955" lon="35.289879413321614">
        <ele>466.16</ele>
        <time>2025-10-12T15:28:47.684Z</time>
      </trkpt>
      <trkpt lat="31.83306846767664" lon="35.28988762758672">
        <ele>465.49</ele>
        <time>2025-10-12T15:28:50.569Z</time>
      </trkpt>
      <trkpt lat="31.83305866084993" lon="35.28991914354265">
        <ele>464.8</ele>
        <time>2025-10-12T15:28:53.458Z</time>
      </trkpt>
      <trkpt lat="31.833049273118377" lon="35.28999198228121">
        <ele>464.05</ele>
        <time>2025-10-12T15:28:56.355Z</time>
      </trkpt>
      <trkpt lat="31.833035526797175" lon="35.29009826481342">
        <ele>463.25</ele>
        <time>2025-10-12T15:28:59.264Z</time>
      </trkpt>
      <trkpt lat="31.833037119358778" lon="35.29011175967753">
        <ele>462.53</ele>
        <time>2025-10-12T15:29:02.175Z</time>
      </trkpt>
      <trkpt lat="31.833042232319713" lon="35.29012165032327">
        <ele>461.8</ele>
        <time>2025-10-12T15:29:05.087Z</time>
      </trkpt>
      <trkpt lat="31.833033431321383" lon="35.29014830477536">
        <ele>461.1</ele>
        <time>2025-10-12T15:29:08.002Z</time>
      </trkpt>
      <trkpt lat="31.833048770204186" lon="35.29018468223512">
        <ele>460.32</ele>
        <time>2025-10-12T15:29:10.922Z</time>
      </trkpt>
      <trkpt lat="31.83307341299951" lon="35.290194153785706">
        <ele>459.53</ele>
        <time>2025-10-12T15:29:13.846Z</time>
      </trkpt>
      <trkpt lat="31.83309143409133" lon="35.29025098308921">
        <ele>458.71</ele>
        <time>2025-10-12T15:29:16.776Z</time>
      </trkpt>
      <trkpt lat="31.833091182634234" lon="35.290259532630444">
        <ele>458.0</ele>
        <time>2025-10-12T15:29:19.707Z</time>
      </trkpt>
      <trkpt lat="31.83309042826295" lon="35.2902861032635">
        <ele>457.28</ele>
        <time>2025-10-12T15:29:22.641Z</time>
      </trkpt>
      <trkpt lat="31.833096547052264" lon="35.2903326228261">
        <ele>456.53</ele>
        <time>2025-10-12T15:29:25.581Z</time>
      </trkpt>
      <trkpt lat="31.833102498203516" lon="35.290341256186366">
        <ele>455.83</ele>
        <time>2025-10-12T15:29:28.522Z</time>
      </trkpt>
      <trkpt lat="31.83311389759183" lon="35.2903688326478">
        <ele>455.11</ele>
        <time>2025-10-12T15:29:31.467Z</time>
      </trkpt>
      <trkpt lat="31.833116244524717" lon="35.290388530120254">
        <ele>454.45</ele>
        <time>2025-10-12T15:29:34.414Z</time>
      </trkpt>
      <trkpt lat="31.833127979189157" lon="35.29041166417301">
        <ele>453.77</ele>
        <time>2025-10-12T15:29:37.364Z</time>
      </trkpt>
      <trkpt lat="31.83313300833106" lon="35.29042884707451">
        <ele>453.14</ele>
        <time>2025-10-12T15:29:40.316Z</time>
      </trkpt>
      <trkpt lat="31.833133595064282" lon="35.290432535111904">
        <ele>452.57</ele>
        <time>2025-10-12T15:29:43.268Z</time>
      </trkpt>
      <trkpt lat="31.83313451707363" lon="35.290434462949634">
        <ele>452.01</ele>
        <time>2025-10-12T15:29:46.221Z</time>
      </trkpt>
      <trkpt lat="31.83314382098615" lon="35.29045474715531">
        <ele>451.44</ele>
        <time>2025-10-12T15:29:49.176Z</time>
      </trkpt>
      <trkpt lat="31.833157567307353" lon="35.29050378128886">
        <ele>450.85</ele>
        <time>2025-10-12T15:29:52.137Z</time>
      </trkpt>
      <trkpt lat="31.833191011101007" lon="35.29056714847684">
        <ele>450.28</ele>
        <time>2025-10-12T15:29:55.107Z</time>
      </trkpt>
      <trkpt lat="31.833196291700006" lon="35.29058055952191">
        <ele>449.82</ele>
        <time>2025-10-12T15:29:58.078Z</time>
      </trkpt>
      <trkpt lat="31.833211882039905" lon="35.29065071605146">
        <ele>449.36</ele>
        <time>2025-10-12T15:30:01.057Z</time>
      </trkpt>
      <trkpt lat="31.833235770463943" lon="35.2907176874578">
        <ele>448.9</ele>
        <time>2025-10-12T15:30:04.045Z</time>
      </trkpt>
      <trkpt lat="31.833232082426548" lon="35.29077250510454">
        <ele>448.55</ele>
        <time>2025-10-12T15:30:07.039Z</time>
      </trkpt>
      <trkpt lat="31.83325312100351" lon="35.29084333218634">
        <ele>448.16</ele>
        <time>2025-10-12T15:30:10.041Z</time>
      </trkpt>
      <trkpt lat="31.833253875374794" lon="35.29085389338434">
        <ele>447.84</ele>
        <time>2025-10-12T15:30:13.045Z</time>
      </trkpt>
      <trkpt lat="31.833262089639902" lon="35.290897311642766">
        <ele>447.52</ele>
        <time>2025-10-12T15:30:16.054Z</time>
      </trkpt>
      <trkpt lat="31.8332742433995" lon="35.29091474600136">
        <ele>447.17</ele>
        <time>2025-10-12T15:30:19.065Z</time>
      </trkpt>
      <trkpt lat="31.83329863473773" lon="35.2909645345062">
        <ele>446.82</ele>
        <time>2025-10-12T15:30:22.083Z</time>
      </trkpt>
      <trkpt lat="31.83331137523055" lon="35.291030667722225">
        <ele>446.51</ele>
        <time>2025-10-12T15:30:25.108Z</time>
      </trkpt>
      <trkpt lat="31.83331615291536" lon="35.2910890057683">
        <ele>446.21</ele>
        <time>2025-10-12T15:30:28.140Z</time>
      </trkpt>
      <trkpt lat="31.833312716335058" lon="35.29113200493157">
        <ele>445.92</ele>
        <time>2025-10-12T15:30:31.177Z</time>
      </trkpt>
      <trkpt lat="31.8333070166409" lon="35.291231498122215">
        <ele>445.64</ele>
        <time>2025-10-12T15:30:34.225Z</time>
      </trkpt>
      <trkpt lat="31.833305675536394" lon="35.291313054040074">
        <ele>445.28</ele>
        <time>2025-10-12T15:30:37.283Z</time>
      </trkpt>
      <trkpt lat="31.833302741870284" lon="35.29132537543774">
        <ele>444.87</ele>
        <time>2025-10-12T15:30:40.342Z</time>
      </trkpt>
      <trkpt lat="31.8332898337394" lon="35.29140383005142">
        <ele>444.45</ele>
        <time>2025-10-12T15:30:43.410Z</time>
      </trkpt>
      <trkpt lat="31.833290923386812" lon="35.291449427604675">
        <ele>443.94</ele>
        <time>2025-10-12T15:30:46.483Z</time>
      </trkpt>
      <trkpt lat="31.833291929215193" lon="35.291511034592986">
        <ele>443.36</ele>
        <time>2025-10-12T15:30:49.563Z</time>
      </trkpt>
      <trkpt lat="31.83329620398581" lon="35.29152788221836">
        <ele>442.74</ele>
        <time>2025-10-12T15:30:52.645Z</time>
      </trkpt>
      <trkpt lat="31.8333088606596" lon="35.29158060438931">
        <ele>442.03</ele>
        <time>2025-10-12T15:30:55.734Z</time>
      </trkpt>
      <trkpt lat="31.8333260435611" lon="35.29159686528146">
        <ele>441.26</ele>
        <time>2025-10-12T15:30:58.825Z</time>
      </trkpt>
      <trkpt lat="31.833351273089647" lon="35.29160558246076">
        <ele>440.43</ele>
        <time>2025-10-12T15:31:01.920Z</time>
      </trkpt>
      <trkpt lat="31.83339192532003" lon="35.29164036735892">
        <ele>439.53</ele>
        <time>2025-10-12T15:31:05.022Z</time>
      </trkpt>
      <trkpt lat="31.833439534530044" lon="35.29170323163271">
        <ele>438.57</ele>
        <time>2025-10-12T15:31:08.133Z</time>
      </trkpt>
      <trkpt lat="31.83344858698547" lon="35.29170859605074">
        <ele>437.71</ele>
        <time>2025-10-12T15:31:11.246Z</time>
      </trkpt>
      <trkpt lat="31.8335126247257" lon="35.291782105341554">
        <ele>436.64</ele>
        <time>2025-10-12T15:31:14.371Z</time>
      </trkpt>
      <trkpt lat="31.833589989691973" lon="35.29189182445407">
        <ele>435.55</ele>
        <time>2025-10-12T15:31:17.512Z</time>
      </trkpt>
      <trkpt lat="31.83359669521451" lon="35.29190104454756">
        <ele>434.71</ele>
        <time>2025-10-12T15:31:20.654Z</time>
      </trkpt>
      <trkpt lat="31.833640281111002" lon="35.291976649314165">
        <ele>433.88</ele>
        <time>2025-10-12T15:31:23.806Z</time>
      </trkpt>
      <trkpt lat="31.8336421251297" lon="35.29198327101767">
        <ele>433.11</ele>
        <time>2025-10-12T15:31:26.959Z</time>
      </trkpt>
      <trkpt lat="31.83364262804389" lon="35.29198377393186">
        <ele>432.37</ele>
        <time>2025-10-12T15:31:30.112Z</time>
      </trkpt>
      <trkpt lat="31.833643382415175" lon="35.291984444484115">
        <ele>431.65</ele>
        <time>2025-10-12T15:31:33.265Z</time>
      </trkpt>
      <trkpt lat="31.833663750439882" lon="35.29201554134488">
        <ele>430.95</ele>
        <time>2025-10-12T15:31:36.423Z</time>
      </trkpt>
      <trkpt lat="31.83367196470499" lon="35.29205502010882">
        <ele>430.34</ele>
        <time>2025-10-12T15:31:39.585Z</time>
      </trkpt>
      <trkpt lat="31.83367246761918" lon="35.29206885024905">
        <ele>429.76</ele>
        <time>2025-10-12T15:31:42.749Z</time>
      </trkpt>
      <trkpt lat="31.833673054352403" lon="35.292092906311154">
        <ele>429.21</ele>
        <time>2025-10-12T15:31:45.916Z</time>
      </trkpt>
      <trkpt lat="31.83367632329464" lon="35.29213288798928">
        <ele>428.73</ele>
        <time>2025-10-12T15:31:49.087Z</time>
      </trkpt>
      <trkpt lat="31.83368311263621" lon="35.29215862043202">
        <ele>428.22</ele>
        <time>2025-10-12T15:31:52.261Z</time>
      </trkpt>
      <trkpt lat="31.833695601671934" lon="35.292190723121166">
        <ele>427.73</ele>
        <time>2025-10-12T15:31:55.439Z</time>
      </trkpt>
      <trkpt lat="31.833714293316007" lon="35.29221477918327">
        <ele>427.24</ele>
        <time>2025-10-12T15:31:58.621Z</time>
      </trkpt>
      <trkpt lat="31.83375008404255" lon="35.29226708225906">
        <ele>426.73</ele>
        <time>2025-10-12T15:32:01.811Z</time>
      </trkpt>
      <trkpt lat="31.8337906524539" lon="35.292352829128504">
        <ele>426.28</ele>
        <time>2025-10-12T15:32:05.012Z</time>
      </trkpt>
      <trkpt lat="31.833792328834534" lon="35.29236590489745">
        <ele>425.92</ele>
        <time>2025-10-12T15:32:08.214Z</time>
      </trkpt>
      <trkpt lat="31.833799872547388" lon="35.29238233342767">
        <ele>425.57</ele>
        <time>2025-10-12T15:32:11.418Z</time>
      </trkpt>
      <trkpt lat="31.833820827305317" lon="35.29239499010146">
        <ele>425.2</ele>
        <time>2025-10-12T15:32:14.626Z</time>
      </trkpt>
      <trkpt lat="31.833832478150725" lon="35.292409574612975">
        <ele>424.9</ele>
        <time>2025-10-12T15:32:17.836Z</time>
      </trkpt>
      <trkpt lat="31.833898024633527" lon="35.29248249717057">
        <ele>424.49</ele>
        <time>2025-10-12T15:32:21.058Z</time>
      </trkpt>
      <trkpt lat="31.83397924527526" lon="35.29260395094752">
        <ele>424.13</ele>
        <time>2025-10-12T15:32:24.297Z</time>
      </trkpt>
      <trkpt lat="31.833983855322003" lon="35.292607471346855">
        <ele>423.98</ele>
        <time>2025-10-12T15:32:27.537Z</time>
      </trkpt>
      <trkpt lat="31.833995087072253" lon="35.2926292642951">
        <ele>423.89</ele>
        <time>2025-10-12T15:32:30.780Z</time>
      </trkpt>
      <trkpt lat="31.834033811464906" lon="35.292681735008955">
        <ele>423.75</ele>
        <time>2025-10-12T15:32:34.031Z</time>
      </trkpt>
      <trkpt lat="31.834056777879596" lon="35.292717441916466">
        <ele>423.72</ele>
        <time>2025-10-12T15:32:37.287Z</time>
      </trkpt>
      <trkpt lat="31.83405744843185" lon="35.29271853156388">
        <ele>423.81</ele>
        <time>2025-10-12T15:32:40.543Z</time>
      </trkpt>
      <trkpt lat="31.834051497280598" lon="35.292784329503775">
        <ele>424.1</ele>
        <time>2025-10-12T15:32:43.807Z</time>
      </trkpt>
      <trkpt lat="31.83404956944287" lon="35.29283839277923">
        <ele>424.37</ele>
        <time>2025-10-12T15:32:47.077Z</time>
      </trkpt>
      <trkpt lat="31.8340427801013" lon="35.292924558743834">
        <ele>424.73</ele>
        <time>2025-10-12T15:32:50.357Z</time>
      </trkpt>
      <trkpt lat="31.83401931077242" lon="35.293018938973546">
        <ele>425.22</ele>
        <time>2025-10-12T15:32:53.648Z</time>
      </trkpt>
      <trkpt lat="31.83401880785823" lon="35.29302874580026">
        <ele>425.46</ele>
        <time>2025-10-12T15:32:56.940Z</time>
      </trkpt>
      <trkpt lat="31.83401838876307" lon="35.29304752126336">
        <ele>425.68</ele>
        <time>2025-10-12T15:33:00.234Z</time>
      </trkpt>
      <trkpt lat="31.834020568057895" lon="35.293109798803926">
        <ele>425.89</ele>
        <time>2025-10-12T15:33:03.535Z</time>
      </trkpt>
      <trkpt lat="31.83402224443853" lon="35.29312899336219">
        <ele>426.06</ele>
        <time>2025-10-12T15:33:06.838Z</time>
      </trkpt>
      <trkpt lat="31.83402224443853" lon="35.29313645325601">
        <ele>426.19</ele>
        <time>2025-10-12T15:33:10.142Z</time>
      </trkpt>
      <trkpt lat="31.83401302434504" lon="35.29317308217287">
        <ele>426.34</ele>
        <time>2025-10-12T15:33:13.451Z</time>
      </trkpt>
      <trkpt lat="31.834002882242203" lon="35.293196802958846">
        <ele>426.44</ele>
        <time>2025-10-12T15:33:16.763Z</time>
      </trkpt>
      <trkpt lat="31.833998607471585" lon="35.29323477298021">
        <ele>426.5</ele>
        <time>2025-10-12T15:33:20.079Z</time>
      </trkpt>
      <trkpt lat="31.834019562229514" lon="35.29330601915717">
        <ele>426.38</ele>
        <time>2025-10-12T15:33:23.403Z</time>
      </trkpt>
      <trkpt lat="31.834034314379096" lon="35.293379025533795">
        <ele>426.18</ele>
        <time>2025-10-12T15:33:26.736Z</time>
      </trkpt>
      <trkpt lat="31.834050826728344" lon="35.2935032453388">
        <ele>425.9</ele>
        <time>2025-10-12T15:33:30.083Z</time>
      </trkpt>
      <trkpt lat="31.83406583033502" lon="35.29361430555582">
        <ele>425.58</ele>
        <time>2025-10-12T15:33:33.443Z</time>
      </trkpt>
      <trkpt lat="31.834076726809144" lon="35.29372176155448">
        <ele>425.24</ele>
        <time>2025-10-12T15:33:36.815Z</time>
      </trkpt>
      <trkpt lat="31.834073206409812" lon="35.2937844581902">
        <ele>424.99</ele>
        <time>2025-10-12T15:33:40.194Z</time>
      </trkpt>
      <trkpt lat="31.834058538079262" lon="35.29381949454546">
        <ele>424.82</ele>
        <time>2025-10-12T15:33:43.578Z</time>
      </trkpt>
      <trkpt lat="31.834023501724005" lon="35.29386333189905">
        <ele>424.73</ele>
        <time>2025-10-12T15:33:46.969Z</time>
      </trkpt>
      <trkpt lat="31.833995254710317" lon="35.29390306212008">
        <ele>424.64</ele>
        <time>2025-10-12T15:33:50.366Z</time>
      </trkpt>
      <trkpt lat="31.833994751796126" lon="35.293913120403886">
        <ele>424.46</ele>
        <time>2025-10-12T15:33:53.764Z</time>
      </trkpt>
      <trkpt lat="31.83395921252668" lon="35.29402133077383">
        <ele>424.32</ele>
        <time>2025-10-12T15:33:57.175Z</time>
      </trkpt>
      <trkpt lat="31.833947226405144" lon="35.2940331492573">
        <ele>424.16</ele>
        <time>2025-10-12T15:34:00.588Z</time>
      </trkpt>
      <trkpt lat="31.833932977169752" lon="35.29409106820822">
        <ele>423.97</ele>
        <time>2025-10-12T15:34:04.008Z</time>
      </trkpt>
      <trkpt lat="31.833874052390456" lon="35.29418025165796">
        <ele>423.85</ele>
        <time>2025-10-12T15:34:07.441Z</time>
      </trkpt>
      <trkpt lat="31.8338527623564" lon="35.29420732520521">
        <ele>423.69</ele>
        <time>2025-10-12T15:34:10.878Z</time>
      </trkpt>
      <trkpt lat="31.83384731411934" lon="35.29421243816614">
        <ele>423.5</ele>
        <time>2025-10-12T15:34:14.316Z</time>
      </trkpt>
      <trkpt lat="31.833833316341043" lon="35.29422735795379">
        <ele>423.32</ele>
        <time>2025-10-12T15:34:17.756Z</time>
      </trkpt>
      <trkpt lat="31.83382879011333" lon="35.294234147295356">
        <ele>423.12</ele>
        <time>2025-10-12T15:34:21.197Z</time>
      </trkpt>
      <trkpt lat="31.833789478987455" lon="35.294312769547105">
        <ele>422.94</ele>
        <time>2025-10-12T15:34:24.649Z</time>
      </trkpt>
      <trkpt lat="31.833785623311996" lon="35.2943941578269">
        <ele>422.65</ele>
        <time>2025-10-12T15:34:28.110Z</time>
      </trkpt>
      <trkpt lat="31.833751341328025" lon="35.29450421221554">
        <ele>422.38</ele>
        <time>2025-10-12T15:34:31.584Z</time>
      </trkpt>
      <trkpt lat="31.833737175911665" lon="35.29454008676112">
        <ele>422.18</ele>
        <time>2025-10-12T15:34:35.063Z</time>
      </trkpt>
      <trkpt lat="31.833717143163085" lon="35.29459532350302">
        <ele>421.97</ele>
        <time>2025-10-12T15:34:38.549Z</time>
      </trkpt>
      <trkpt lat="31.833714125677943" lon="35.2946861833334">
        <ele>421.69</ele>
        <time>2025-10-12T15:34:42.045Z</time>
      </trkpt>
      <trkpt lat="31.83369400911033" lon="35.294761369004846">
        <ele>421.5</ele>
        <time>2025-10-12T15:34:45.550Z</time>
      </trkpt>
      <trkpt lat="31.83363768272102" lon="35.29485817998648">
        <ele>421.39</ele>
        <time>2025-10-12T15:34:49.068Z</time>
      </trkpt>
      <trkpt lat="31.833593593910336" lon="35.294919116422534">
        <ele>421.34</ele>
        <time>2025-10-12T15:34:52.595Z</time>
      </trkpt>
      <trkpt lat="31.833554366603494" lon="35.29499773867428">
        <ele>421.28</ele>
        <time>2025-10-12T15:34:56.133Z</time>
      </trkpt>
      <trkpt lat="31.833520168438554" lon="35.295089185237885">
        <ele>421.22</ele>
        <time>2025-10-12T15:34:59.682Z</time>
      </trkpt>
      <trkpt lat="31.833509439602494" lon="35.29512740671635">
        <ele>421.2</ele>
        <time>2025-10-12T15:35:03.235Z</time>
      </trkpt>
      <trkpt lat="31.833482617512345" lon="35.29517216607928">
        <ele>421.23</ele>
        <time>2025-10-12T15:35:06.795Z</time>
      </trkpt>
      <trkpt lat="31.833446491509676" lon="35.29521751217544">
        <ele>421.32</ele>
        <time>2025-10-12T15:35:10.362Z</time>
      </trkpt>
      <trkpt lat="31.833431320264935" lon="35.2952388022095">
        <ele>421.42</ele>
        <time>2025-10-12T15:35:13.932Z</time>
      </trkpt>
      <trkpt lat="31.833410281687975" lon="35.295353131368756">
        <ele>421.48</ele>
        <time>2025-10-12T15:35:17.515Z</time>
      </trkpt>
      <trkpt lat="31.83339301496744" lon="35.295420521870255">
        <ele>421.6</ele>
        <time>2025-10-12T15:35:21.106Z</time>
      </trkpt>
      <trkpt lat="31.833390835672617" lon="35.29549126513302">
        <ele>421.75</ele>
        <time>2025-10-12T15:35:24.705Z</time>
      </trkpt>
      <trkpt lat="31.833383543416858" lon="35.29554205946624">
        <ele>421.99</ele>
        <time>2025-10-12T15:35:28.310Z</time>
      </trkpt>
      <trkpt lat="31.833382369950414" lon="35.29555857181549">
        <ele>422.24</ele>
        <time>2025-10-12T15:35:31.917Z</time>
      </trkpt>
      <trkpt lat="31.833374742418528" lon="35.295616490766406">
        <ele>422.53</ele>
        <time>2025-10-12T15:35:35.531Z</time>
      </trkpt>
      <trkpt lat="31.833336940035224" lon="35.29565169475973">
        <ele>422.93</ele>
        <time>2025-10-12T15:35:39.151Z</time>
      </trkpt>
      <trkpt lat="31.833311039954424" lon="35.29569092206657">
        <ele>423.3</ele>
        <time>2025-10-12T15:35:42.777Z</time>
      </trkpt>
      <trkpt lat="31.833308525383472" lon="35.2956891618669">
        <ele>423.61</ele>
        <time>2025-10-12T15:35:46.403Z</time>
      </trkpt>
      <trkpt lat="31.833308525383472" lon="35.295690167695284">
        <ele>423.9</ele>
        <time>2025-10-12T15:35:50.029Z</time>
      </trkpt>
      <trkpt lat="31.833287570625544" lon="35.295747919008136">
        <ele>424.25</ele>
        <time>2025-10-12T15:35:53.662Z</time>
      </trkpt>
      <trkpt lat="31.833258736878633" lon="35.29586794786155">
        <ele>424.58</ele>
        <time>2025-10-12T15:35:57.309Z</time>
      </trkpt>
      <trkpt lat="31.833265190944076" lon="35.29589896090329">
        <ele>424.8</ele>
        <time>2025-10-12T15:36:00.960Z</time>
      </trkpt>
      <trkpt lat="31.833271645009518" lon="35.29597599059343">
        <ele>424.99</ele>
        <time>2025-10-12T15:36:04.620Z</time>
      </trkpt>
      <trkpt lat="31.833256473764777" lon="35.29603156261146">
        <ele>425.22</ele>
        <time>2025-10-12T15:36:08.286Z</time>
      </trkpt>
      <trkpt lat="31.8332776799798" lon="35.29605511575937">
        <ele>425.29</ele>
        <time>2025-10-12T15:36:11.956Z</time>
      </trkpt>
      <trkpt lat="31.833285307511687" lon="35.29607154428959">
        <ele>425.37</ele>
        <time>2025-10-12T15:36:15.628Z</time>
      </trkpt>
      <trkpt lat="31.833315985277295" lon="35.29610247351229">
        <ele>425.34</ele>
        <time>2025-10-12T15:36:19.306Z</time>
      </trkpt>
      <trkpt lat="31.833329815417528" lon="35.29612694866955">
        <ele>425.31</ele>
        <time>2025-10-12T15:36:22.987Z</time>
      </trkpt>
      <trkpt lat="31.833340795710683" lon="35.296143125742674">
        <ele>425.24</ele>
        <time>2025-10-12T15:36:26.671Z</time>
      </trkpt>
      <trkpt lat="31.833356553688645" lon="35.296191070228815">
        <ele>425.11</ele>
        <time>2025-10-12T15:36:30.360Z</time>
      </trkpt>
      <trkpt lat="31.833366947248578" lon="35.29623784124851">
        <ele>424.95</ele>
        <time>2025-10-12T15:36:34.055Z</time>
      </trkpt>
      <trkpt lat="31.833368791267276" lon="35.29628469608724">
        <ele>424.75</ele>
        <time>2025-10-12T15:36:37.755Z</time>
      </trkpt>
      <trkpt lat="31.833376083523035" lon="35.296307327225804">
        <ele>424.45</ele>
        <time>2025-10-12T15:36:41.458Z</time>
      </trkpt>
      <trkpt lat="31.833385974168777" lon="35.29632702469826">
        <ele>424.07</ele>
        <time>2025-10-12T15:36:45.164Z</time>
      </trkpt>
      <trkpt lat="31.83343886397779" lon="35.296433977782726">
        <ele>423.5</ele>
        <time>2025-10-12T15:36:48.884Z</time>
      </trkpt>
      <trkpt lat="31.8334452342242" lon="35.296456860378385">
        <ele>422.98</ele>
        <time>2025-10-12T15:36:52.606Z</time>
      </trkpt>
      <trkpt lat="31.833473397418857" lon="35.29655140824616">
        <ele>422.31</ele>
        <time>2025-10-12T15:36:56.340Z</time>
      </trkpt>
      <trkpt lat="31.833489406853914" lon="35.29661117121577">
        <ele>421.62</ele>
        <time>2025-10-12T15:37:00.081Z</time>
      </trkpt>
      <trkpt lat="31.83349510654807" lon="35.29665417037904">
        <ele>420.92</ele>
        <time>2025-10-12T15:37:03.827Z</time>
      </trkpt>
      <trkpt lat="31.83349804021418" lon="35.296679232269526">
        <ele>420.13</ele>
        <time>2025-10-12T15:37:07.576Z</time>
      </trkpt>
      <trkpt lat="31.833499632775784" lon="35.29670345596969">
        <ele>419.25</ele>
        <time>2025-10-12T15:37:11.327Z</time>
      </trkpt>
      <trkpt lat="31.833504075184464" lon="35.29672835022211">
        <ele>418.27</ele>
        <time>2025-10-12T15:37:15.081Z</time>
      </trkpt>
      <trkpt lat="31.83351312763989" lon="35.2967909630388">
        <ele>417.21</ele>
        <time>2025-10-12T15:37:18.842Z</time>
      </trkpt>
      <trkpt lat="31.833526957780123" lon="35.29690973460674">
        <ele>416.09</ele>
        <time>2025-10-12T15:37:22.617Z</time>
      </trkpt>
      <trkpt lat="31.833567693829536" lon="35.29703512787819">
        <ele>414.69</ele>
        <time>2025-10-12T15:37:26.407Z</time>
      </trkpt>
      <trkpt lat="31.833607172593474" lon="35.29709572903812">
        <ele>413.18</ele>
        <time>2025-10-12T15:37:30.206Z</time>
      </trkpt>
      <trkpt lat="31.833613039925694" lon="35.29710251837969">
        <ele>411.67</ele>
        <time>2025-10-12T15:37:34.006Z</time>
      </trkpt>
      <trkpt lat="31.833641035482287" lon="35.29713931493461">
        <ele>410.0</ele>
        <time>2025-10-12T15:37:37.812Z</time>
      </trkpt>
      <trkpt lat="31.833684789016843" lon="35.29721986502409">
        <ele>408.23</ele>
        <time>2025-10-12T15:37:41.629Z</time>
      </trkpt>
      <trkpt lat="31.83370222337544" lon="35.29724434018135">
        <ele>406.45</ele>
        <time>2025-10-12T15:37:45.449Z</time>
      </trkpt>
      <trkpt lat="31.833774223923683" lon="35.29731273651123">
        <ele>404.5</ele>
        <time>2025-10-12T15:37:49.281Z</time>
      </trkpt>
      <trkpt lat="31.833874890580773" lon="35.297374511137605">
        <ele>402.4</ele>
        <time>2025-10-12T15:37:53.129Z</time>
      </trkpt>
      <trkpt lat="31.83390992693603" lon="35.29737434349954">
        <ele>400.42</ele>
        <time>2025-10-12T15:37:56.981Z</time>
      </trkpt>
      <trkpt lat="31.833934653550386" lon="35.297377025708556">
        <ele>398.44</ele>
        <time>2025-10-12T15:38:00.837Z</time>
      </trkpt>
      <trkpt lat="31.833969689905643" lon="35.297389682382345">
        <ele>396.44</ele>
        <time>2025-10-12T15:38:04.697Z</time>
      </trkpt>
      <trkpt lat="31.834013694897294" lon="35.29740208759904">
        <ele>394.4</ele>
        <time>2025-10-12T15:38:08.563Z</time>
      </trkpt>
      <trkpt lat="31.83406532742083" lon="35.29741675592959">
        <ele>392.36</ele>
        <time>2025-10-12T15:38:12.437Z</time>
      </trkpt>
      <trkpt lat="31.834096424281597" lon="35.29740267433226">
        <ele>390.39</ele>
        <time>2025-10-12T15:38:16.315Z</time>
      </trkpt>
      <trkpt lat="31.834143111482263" lon="35.297406278550625">
        <ele>388.47</ele>
        <time>2025-10-12T15:38:20.199Z</time>
      </trkpt>
      <trkpt lat="31.834194073453546" lon="35.297423880547285">
        <ele>386.61</ele>
        <time>2025-10-12T15:38:24.090Z</time>
      </trkpt>
      <trkpt lat="31.834222823381424" lon="35.297433687373996">
        <ele>384.91</ele>
        <time>2025-10-12T15:38:27.985Z</time>
      </trkpt>
      <trkpt lat="31.834239335730672" lon="35.297444919124246">
        <ele>383.36</ele>
        <time>2025-10-12T15:38:31.883Z</time>
      </trkpt>
      <trkpt lat="31.834337152540684" lon="35.297504011541605">
        <ele>381.82</ele>
        <time>2025-10-12T15:38:35.795Z</time>
      </trkpt>
      <trkpt lat="31.834354419261217" lon="35.297519182786345">
        <ele>380.54</ele>
        <time>2025-10-12T15:38:39.710Z</time>
      </trkpt>
      <trkpt lat="31.834377218037844" lon="35.29754935763776">
        <ele>379.39</ele>
        <time>2025-10-12T15:38:43.630Z</time>
      </trkpt>
      <trkpt lat="31.834393562749028" lon="35.29756201431155">
        <ele>378.36</ele>
        <time>2025-10-12T15:38:47.552Z</time>
      </trkpt>
      <trkpt lat="31.83441376313567" lon="35.29756880365312">
        <ele>377.45</ele>
        <time>2025-10-12T15:38:51.477Z</time>
      </trkpt>
      <trkpt lat="31.834467323496938" lon="35.297612557187676">
        <ele>376.66</ele>
        <time>2025-10-12T15:38:55.411Z</time>
      </trkpt>
      <trkpt lat="31.834481321275234" lon="35.29763074591756">
        <ele>376.05</ele>
        <time>2025-10-12T15:38:59.348Z</time>
      </trkpt>
      <trkpt lat="31.83448702096939" lon="35.29763309285045">
        <ele>375.57</ele>
        <time>2025-10-12T15:39:03.286Z</time>
      </trkpt>
      <trkpt lat="31.834525410085917" lon="35.29764725826681">
        <ele>375.15</ele>
        <time>2025-10-12T15:39:07.229Z</time>
      </trkpt>
      <trkpt lat="31.834559524431825" lon="35.297737028449774">
        <ele>374.97</ele>
        <time>2025-10-12T15:39:11.183Z</time>
      </trkpt>
      <trkpt lat="31.834556087851524" lon="35.2977582346648">
        <ele>374.9</ele>
        <time>2025-10-12T15:39:15.140Z</time>
      </trkpt>
      <trkpt lat="31.83454460464418" lon="35.29783492907882">
        <ele>375.02</ele>
        <time>2025-10-12T15:39:19.105Z</time>
      </trkpt>
      <trkpt lat="31.834499593824148" lon="35.29791430570185">
        <ele>375.32</ele>
        <time>2025-10-12T15:39:23.081Z</time>
      </trkpt>
      <trkpt lat="31.834497833624482" lon="35.297916401177645">
        <ele>375.54</ele>
        <time>2025-10-12T15:39:27.058Z</time>
      </trkpt>
      <trkpt lat="31.834506299346685" lon="35.29792696237564">
        <ele>375.83</ele>
        <time>2025-10-12T15:39:31.036Z</time>
      </trkpt>
      <trkpt lat="31.834506299346685" lon="35.29789159074426">
        <ele>376.18</ele>
        <time>2025-10-12T15:39:35.018Z</time>
      </trkpt>
      <trkpt lat="31.83450646698475" lon="35.297864684835076">
        <ele>376.62</ele>
        <time>2025-10-12T15:39:39.003Z</time>
      </trkpt>
      <trkpt lat="31.834516106173396" lon="35.29785278253257">
        <ele>377.11</ele>
        <time>2025-10-12T15:39:42.990Z</time>
      </trkpt>
      <trkpt lat="31.834516609087586" lon="35.29785362072289">
        <ele>377.7</ele>
        <time>2025-10-12T15:39:46.977Z</time>
      </trkpt>
      <trkpt lat="31.834516609087586" lon="35.29785613529384">
        <ele>378.34</ele>
        <time>2025-10-12T15:39:50.965Z</time>
      </trkpt>
      <trkpt lat="31.834516609087586" lon="35.29785647056997">
        <ele>379.03</ele>
        <time>2025-10-12T15:39:54.953Z</time>
      </trkpt>
      <trkpt lat="31.834516609087586" lon="35.29786041006446">
        <ele>379.77</ele>
        <time>2025-10-12T15:39:58.941Z</time>
      </trkpt>
      <trkpt lat="31.834521051496267" lon="35.297861667349935">
        <ele>380.53</ele>
        <time>2025-10-12T15:40:02.930Z</time>
      </trkpt>
      <trkpt lat="31.8345055449754" lon="35.297901816666126">
        <ele>381.4</ele>
        <time>2025-10-12T15:40:06.924Z</time>
      </trkpt>
      <trkpt lat="31.834495654329658" lon="35.297914389520884">
        <ele>382.26</ele>
        <time>2025-10-12T15:40:10.920Z</time>
      </trkpt>
      <trkpt lat="31.834484254941344" lon="35.29792360961437">
        <ele>383.14</ele>
        <time>2025-10-12T15:40:14.917Z</time>
      </trkpt>
      <trkpt lat="31.834474364295602" lon="35.297933584079146">
        <ele>384.03</ele>
        <time>2025-10-12T15:40:18.916Z</time>
      </trkpt>
      <trkpt lat="31.834472101181746" lon="35.297942804172635">
        <ele>384.9</ele>
        <time>2025-10-12T15:40:22.916Z</time>
      </trkpt>
      <trkpt lat="31.834458354860544" lon="35.29795764014125">
        <ele>385.8</ele>
        <time>2025-10-12T15:40:26.919Z</time>
      </trkpt>
      <trkpt lat="31.834454415366054" lon="35.297962836921215">
        <ele>386.66</ele>
        <time>2025-10-12T15:40:30.923Z</time>
      </trkpt>
      <trkpt lat="31.83439909480512" lon="35.298054702579975">
        <ele>387.64</ele>
        <time>2025-10-12T15:40:34.939Z</time>
      </trkpt>
      <trkpt lat="31.834363639354706" lon="35.298082530498505">
        <ele>388.5</ele>
        <time>2025-10-12T15:40:38.961Z</time>
      </trkpt>
      <trkpt lat="31.834349893033504" lon="35.29811069369316">
        <ele>389.26</ele>
        <time>2025-10-12T15:40:42.987Z</time>
      </trkpt>
      <trkpt lat="31.83431016281247" lon="35.298159811645746">
        <ele>390.07</ele>
        <time>2025-10-12T15:40:47.020Z</time>
      </trkpt>
      <trkpt lat="31.834241850301623" lon="35.298217479139566">
        <ele>390.91</ele>
        <time>2025-10-12T15:40:51.065Z</time>
      </trkpt>
      <trkpt lat="31.83420170098543" lon="35.29828269034624">
        <ele>391.56</ele>
        <time>2025-10-12T15:40:55.119Z</time>
      </trkpt>
      <trkpt lat="31.83416440151632" lon="35.29834169894457">
        <ele>392.11</ele>
        <time>2025-10-12T15:40:59.181Z</time>
      </trkpt>
      <trkpt lat="31.834146212786436" lon="35.29836575500667">
        <ele>392.57</ele>
        <time>2025-10-12T15:41:03.247Z</time>
      </trkpt>
      <trkpt lat="31.8341395072639" lon="35.29841613024473">
        <ele>392.93</ele>
        <time>2025-10-12T15:41:07.318Z</time>
      </trkpt>
      <trkpt lat="31.83413120917976" lon="35.2984385099262">
        <ele>393.25</ele>
        <time>2025-10-12T15:41:11.392Z</time>
      </trkpt>
      <trkpt lat="31.834123833104968" lon="35.29846591874957">
        <ele>393.5</ele>
        <time>2025-10-12T15:41:15.469Z</time>
      </trkpt>
      <trkpt lat="31.83408334851265" lon="35.29859743081033">
        <ele>393.53</ele>
        <time>2025-10-12T15:41:19.562Z</time>
      </trkpt>
      <trkpt lat="31.83407354168594" lon="35.298643447458744">
        <ele>393.67</ele>
        <time>2025-10-12T15:41:23.661Z</time>
      </trkpt>
      <trkpt lat="31.834057196974754" lon="35.298715280368924">
        <ele>393.8</ele>
        <time>2025-10-12T15:41:27.768Z</time>
      </trkpt>
      <trkpt lat="31.834045127034187" lon="35.298798931762576">
        <ele>393.88</ele>
        <time>2025-10-12T15:41:31.885Z</time>
      </trkpt>
      <trkpt lat="31.834013108164072" lon="35.298915188759565">
        <ele>393.96</ele>
        <time>2025-10-12T15:41:36.016Z</time>
      </trkpt>
      <trkpt lat="31.83398704044521" lon="35.299037396907806">
        <ele>394.16</ele>
        <time>2025-10-12T15:41:40.161Z</time>
      </trkpt>
      <trkpt lat="31.833955105394125" lon="35.29910554178059">
        <ele>394.43</ele>
        <time>2025-10-12T15:41:44.315Z</time>
      </trkpt>
      <trkpt lat="31.833931049332023" lon="35.299122892320156">
        <ele>394.73</ele>
        <time>2025-10-12T15:41:48.473Z</time>
      </trkpt>
      <trkpt lat="31.83388352394104" lon="35.29914443381131">
        <ele>395.11</ele>
        <time>2025-10-12T15:41:52.637Z</time>
      </trkpt>
      <trkpt lat="31.83385083451867" lon="35.29918726533651">
        <ele>395.4</ele>
        <time>2025-10-12T15:41:56.808Z</time>
      </trkpt>
      <trkpt lat="31.833829963579774" lon="35.29921492561698">
        <ele>395.69</ele>
        <time>2025-10-12T15:42:00.983Z</time>
      </trkpt>
      <trkpt lat="31.833770871162415" lon="35.29924878850579">
        <ele>396.14</ele>
        <time>2025-10-12T15:42:05.167Z</time>
      </trkpt>
      <trkpt lat="31.83369107544422" lon="35.29928273521364">
        <ele>396.69</ele>
        <time>2025-10-12T15:42:09.362Z</time>
      </trkpt>
      <trkpt lat="31.83367246761918" lon="35.29928667470813">
        <ele>397.02</ele>
        <time>2025-10-12T15:42:13.560Z</time>
      </trkpt>
      <trkpt lat="31.833661068230867" lon="35.29929656535387">
        <ele>397.28</ele>
        <time>2025-10-12T15:42:17.760Z</time>
      </trkpt>
      <trkpt lat="31.83367246761918" lon="35.299340737983584">
        <ele>397.38</ele>
        <time>2025-10-12T15:42:21.965Z</time>
      </trkpt>
      <trkpt lat="31.833684537559748" lon="35.29936655424535">
        <ele>397.48</ele>
        <time>2025-10-12T15:42:26.173Z</time>
      </trkpt>
      <trkpt lat="31.833697026595473" lon="35.299388179555535">
        <ele>397.58</ele>
        <time>2025-10-12T15:42:30.384Z</time>
      </trkpt>
      <trkpt lat="31.83368906378746" lon="35.29944467358291">
        <ele>397.68</ele>
        <time>2025-10-12T15:42:34.602Z</time>
      </trkpt>
      <trkpt lat="31.833685375750065" lon="35.29955648817122">
        <ele>397.66</ele>
        <time>2025-10-12T15:42:38.832Z</time>
      </trkpt>
      <trkpt lat="31.833643382415175" lon="35.299647599458694">
        <ele>397.82</ele>
        <time>2025-10-12T15:42:43.074Z</time>
      </trkpt>
      <trkpt lat="31.83363097719848" lon="35.29967190697789">
        <ele>398.0</ele>
        <time>2025-10-12T15:42:47.319Z</time>
      </trkpt>
      <trkpt lat="31.833602897822857" lon="35.29974667355418">
        <ele>398.25</ele>
        <time>2025-10-12T15:42:51.574Z</time>
      </trkpt>
      <trkpt lat="31.83359040878713" lon="35.29976913705468">
        <ele>398.46</ele>
        <time>2025-10-12T15:42:55.832Z</time>
      </trkpt>
      <trkpt lat="31.833554366603494" lon="35.299841640517116">
        <ele>398.73</ele>
        <time>2025-10-12T15:43:00.099Z</time>
      </trkpt>
      <trkpt lat="31.833531064912677" lon="35.299881203100085">
        <ele>398.97</ele>
        <time>2025-10-12T15:43:04.372Z</time>
      </trkpt>
      <trkpt lat="31.833509020507336" lon="35.29990006238222">
        <ele>399.2</ele>
        <time>2025-10-12T15:43:08.648Z</time>
      </trkpt>
      <trkpt lat="31.833496196195483" lon="35.29992504045367">
        <ele>399.39</ele>
        <time>2025-10-12T15:43:12.928Z</time>
      </trkpt>
      <trkpt lat="31.833494855090976" lon="35.29993535019457">
        <ele>399.55</ele>
        <time>2025-10-12T15:43:17.209Z</time>
      </trkpt>
      <trkpt lat="31.83345931582153" lon="35.299972984939814">
        <ele>399.78</ele>
        <time>2025-10-12T15:43:21.496Z</time>
      </trkpt>
      <trkpt lat="31.83343207463622" lon="35.30004062689841">
        <ele>399.92</ele>
        <time>2025-10-12T15:43:25.792Z</time>
      </trkpt>
      <trkpt lat="31.833410616964102" lon="35.300094690173864">
        <ele>400.03</ele>
        <time>2025-10-12T15:43:30.094Z</time>
      </trkpt>
      <trkpt lat="31.83340081013739" lon="35.300103994086385">
        <ele>400.15</ele>
        <time>2025-10-12T15:43:34.398Z</time>
      </trkpt>
      <trkpt lat="31.833387902006507" lon="35.300118159502745">
        <ele>400.25</ele>
        <time>2025-10-12T15:43:38.704Z</time>
      </trkpt>
      <trkpt lat="31.83338421396911" lon="35.30011991970241">
        <ele>400.32</ele>
        <time>2025-10-12T15:43:43.011Z</time>
      </trkpt>
      <trkpt lat="31.83337633498013" lon="35.30012193135917">
        <ele>400.4</ele>
        <time>2025-10-12T15:43:47.319Z</time>
      </trkpt>
      <trkpt lat="31.833372730761766" lon="35.30011782422662">
        <ele>400.46</ele>
        <time>2025-10-12T15:43:51.628Z</time>
      </trkpt>
      <trkpt lat="31.83337239548564" lon="35.300133330747485">
        <ele>400.47</ele>
        <time>2025-10-12T15:43:55.938Z</time>
      </trkpt>
      <trkpt lat="31.833347668871284" lon="35.30018881894648">
        <ele>400.49</ele>
        <time>2025-10-12T15:44:00.256Z</time>
      </trkpt>
      <trkpt lat="31.833342975005507" lon="35.3002533596009">
        <ele>400.43</ele>
        <time>2025-10-12T15:44:04.581Z</time>
      </trkpt>
      <trkpt lat="31.833354709669948" lon="35.3002982866019">
        <ele>400.37</ele>
        <time>2025-10-12T15:44:08.911Z</time>
      </trkpt>
      <trkpt lat="31.83336216956377" lon="35.30031689442694">
        <ele>400.36</ele>
        <time>2025-10-12T15:44:13.244Z</time>
      </trkpt>
      <trkpt lat="31.833366947248578" lon="35.300375651568174">
        <ele>400.31</ele>
        <time>2025-10-12T15:44:17.583Z</time>
      </trkpt>
      <trkpt lat="31.833365270867944" lon="35.30039107427001">
        <ele>400.37</ele>
        <time>2025-10-12T15:44:21.924Z</time>
      </trkpt>
      <trkpt lat="31.833336101844907" lon="35.30041680671275">
        <ele>400.51</ele>
        <time>2025-10-12T15:44:26.270Z</time>
      </trkpt>
      <trkpt lat="31.833325121551752" lon="35.30043315142393">
        <ele>400.63</ele>
        <time>2025-10-12T15:44:30.618Z</time>
      </trkpt>
      <trkpt lat="31.83331824839115" lon="35.30046978034079">
        <ele>400.73</ele>
        <time>2025-10-12T15:44:34.971Z</time>
      </trkpt>
      <trkpt lat="31.83330944739282" lon="35.30048201791942">
        <ele>400.91</ele>
        <time>2025-10-12T15:44:39.325Z</time>
      </trkpt>
      <trkpt lat="31.83328061364591" lon="35.300492914393544">
        <ele>401.16</ele>
        <time>2025-10-12T15:44:43.683Z</time>
      </trkpt>
      <trkpt lat="31.833253288641572" lon="35.30051412060857">
        <ele>401.4</ele>
        <time>2025-10-12T15:44:48.046Z</time>
      </trkpt>
      <trkpt lat="31.83322286233306" lon="35.30054404400289">
        <ele>401.64</ele>
        <time>2025-10-12T15:44:52.414Z</time>
      </trkpt>
      <trkpt lat="31.833187574520707" lon="35.3005261067301">
        <ele>402.03</ele>
        <time>2025-10-12T15:44:56.787Z</time>
      </trkpt>
      <trkpt lat="31.833184473216534" lon="35.30052501708269">
        <ele>402.3</ele>
        <time>2025-10-12T15:45:01.161Z</time>
      </trkpt>
      <trkpt lat="31.83317156508565" lon="35.30053096823394">
        <ele>402.59</ele>
        <time>2025-10-12T15:45:05.536Z</time>
      </trkpt>
      <trkpt lat="31.83315882459283" lon="35.3005263581872">
        <ele>402.9</ele>
        <time>2025-10-12T15:45:09.913Z</time>
      </trkpt>
      <trkpt lat="31.833153124898672" lon="35.300533985719085">
        <ele>403.15</ele>
        <time>2025-10-12T15:45:14.291Z</time>
      </trkpt>
      <trkpt lat="31.833129404112697" lon="35.300551084801555">
        <ele>403.41</ele>
        <time>2025-10-12T15:45:18.673Z</time>
      </trkpt>
      <trkpt lat="31.833119178190827" lon="35.30056457966566">
        <ele>403.63</ele>
        <time>2025-10-12T15:45:23.057Z</time>
      </trkpt>
      <trkpt lat="31.833107778802514" lon="35.3005675971508">
        <ele>403.83</ele>
        <time>2025-10-12T15:45:27.443Z</time>
      </trkpt>
      <trkpt lat="31.833104258403182" lon="35.30056810006499">
        <ele>403.98</ele>
        <time>2025-10-12T15:45:31.829Z</time>
      </trkpt>
      <trkpt lat="31.83310216292739" lon="35.30057053081691">
        <ele>404.09</ele>
        <time>2025-10-12T15:45:36.216Z</time>
      </trkpt>
      <trkpt lat="31.83310174383223" lon="35.300572626292706">
        <ele>404.16</ele>
        <time>2025-10-12T15:45:40.603Z</time>
      </trkpt>
      <trkpt lat="31.83309973217547" lon="35.3005744703114">
        <ele>404.19</ele>
        <time>2025-10-12T15:45:44.990Z</time>
      </trkpt>
      <trkpt lat="31.833028653636575" lon="35.30067538842559">
        <ele>404.16</ele>
        <time>2025-10-12T15:45:49.392Z</time>
      </trkpt>
      <trkpt lat="31.832949444651604" lon="35.30079659074545">
        <ele>404.05</ele>
        <time>2025-10-12T15:45:53.811Z</time>
      </trkpt>
      <trkpt lat="31.832942236214876" lon="35.300805643200874">
        <ele>403.92</ele>
        <time>2025-10-12T15:45:58.232Z</time>
      </trkpt>
      <trkpt lat="31.83287107385695" lon="35.30089273117483">
        <ele>403.67</ele>
        <time>2025-10-12T15:46:02.666Z</time>
      </trkpt>
      <trkpt lat="31.83279538527131" lon="35.30097269453108">
        <ele>403.31</ele>
        <time>2025-10-12T15:46:07.114Z</time>
      </trkpt>
      <trkpt lat="31.832785662263632" lon="35.300988452509046">
        <ele>402.99</ele>
        <time>2025-10-12T15:46:11.564Z</time>
      </trkpt>
      <trkpt lat="31.832785662263632" lon="35.300988871604204">
        <ele>402.63</ele>
        <time>2025-10-12T15:46:16.014Z</time>
      </trkpt>
      <trkpt lat="31.83278507553041" lon="35.30098954215646">
        <ele>402.21</ele>
        <time>2025-10-12T15:46:20.464Z</time>
      </trkpt>
      <trkpt lat="31.832775939255953" lon="35.30100781470537">
        <ele>401.72</ele>
        <time>2025-10-12T15:46:24.917Z</time>
      </trkpt>
      <trkpt lat="31.832765880972147" lon="35.301027093082666">
        <ele>401.15</ele>
        <time>2025-10-12T15:46:29.372Z</time>
      </trkpt>
      <trkpt lat="31.83275867253542" lon="35.3010462038219">
        <ele>400.53</ele>
        <time>2025-10-12T15:46:33.830Z</time>
      </trkpt>
      <trkpt lat="31.832746351137757" lon="35.30111971311271">
        <ele>399.7</ele>
        <time>2025-10-12T15:46:38.296Z</time>
      </trkpt>
      <trkpt lat="31.832744171842933" lon="35.3011426795274">
        <ele>398.93</ele>
        <time>2025-10-12T15:46:42.765Z</time>
      </trkpt>
      <trkpt lat="31.8327200319618" lon="35.30123680830002">
        <ele>397.98</ele>
        <time>2025-10-12T15:46:47.245Z</time>
      </trkpt>
      <trkpt lat="31.832717936486006" lon="35.30123840086162">
        <ele>397.15</ele>
        <time>2025-10-12T15:46:51.725Z</time>
      </trkpt>
      <trkpt lat="31.832702849060297" lon="35.30125784687698">
        <ele>396.25</ele>
        <time>2025-10-12T15:46:56.208Z</time>
      </trkpt>
      <trkpt lat="31.832695556804538" lon="35.30128475278616">
        <ele>395.26</ele>
        <time>2025-10-12T15:47:00.695Z</time>
      </trkpt>
      <trkpt lat="31.832688013091683" lon="35.301307048648596">
        <ele>394.21</ele>
        <time>2025-10-12T15:47:05.184Z</time>
      </trkpt>
      <trkpt lat="31.83268533088267" lon="35.30131853185594">
        <ele>393.1</ele>
        <time>2025-10-12T15:47:09.675Z</time>
      </trkpt>
      <trkpt lat="31.83267225511372" lon="35.301335882395506">
        <ele>391.93</ele>
        <time>2025-10-12T15:47:14.168Z</time>
      </trkpt>
      <trkpt lat="31.832649875432253" lon="35.30135792680085">
        <ele>390.68</ele>
        <time>2025-10-12T15:47:18.665Z</time>
      </trkpt>
      <trkpt lat="31.832639314234257" lon="35.30137653462589">
        <ele>389.32</ele>
        <time>2025-10-12T15:47:23.165Z</time>
      </trkpt>
      <trkpt lat="31.83262975886464" lon="35.30141978524625">
        <ele>387.82</ele>
        <time>2025-10-12T15:47:27.670Z</time>
      </trkpt>
      <trkpt lat="31.83262967504561" lon="35.30143579468131">
        <ele>386.27</ele>
        <time>2025-10-12T15:47:32.177Z</time>
      </trkpt>
      <trkpt lat="31.83262137696147" lon="35.301457084715366">
        <ele>384.64</ele>
        <time>2025-10-12T15:47:36.686Z</time>
      </trkpt>
      <trkpt lat="31.832604026421905" lon="35.301481392234564">
        <ele>382.92</ele>
        <time>2025-10-12T15:47:41.199Z</time>
      </trkpt>
      <trkpt lat="31.832602685317397" lon="35.30148549936712">
        <ele>381.14</ele>
        <time>2025-10-12T15:47:45.712Z</time>
      </trkpt>
      <trkpt lat="31.83259505778551" lon="35.30153788626194">
        <ele>379.15</ele>
        <time>2025-10-12T15:47:50.231Z</time>
      </trkpt>
      <trkpt lat="31.83256228454411" lon="35.30164475552738">
        <ele>376.96</ele>
        <time>2025-10-12T15:47:54.763Z</time>
      </trkpt>
      <trkpt lat="31.832557003945112" lon="35.30165992677212">
        <ele>374.9</ele>
        <time>2025-10-12T15:47:59.297Z</time>
      </trkpt>
      <trkpt lat="31.83255926705897" lon="35.30171097256243">
        <ele>372.66</ele>
        <time>2025-10-12T15:48:03.837Z</time>
      </trkpt>
      <trkpt lat="31.83256077580154" lon="35.30177056789398">
        <ele>370.34</ele>
        <time>2025-10-12T15:48:08.384Z</time>
      </trkpt>
      <trkpt lat="31.83255448937416" lon="35.30182018876076">
        <ele>367.99</ele>
        <time>2025-10-12T15:48:12.936Z</time>
      </trkpt>
      <trkpt lat="31.832544850185513" lon="35.301886992529035">
        <ele>365.55</ele>
        <time>2025-10-12T15:48:17.496Z</time>
      </trkpt>
      <trkpt lat="31.832530852407217" lon="35.30191574245691">
        <ele>363.17</ele>
        <time>2025-10-12T15:48:22.060Z</time>
      </trkpt>
      <trkpt lat="31.83248416520655" lon="35.302001405507326">
        <ele>360.62</ele>
        <time>2025-10-12T15:48:26.635Z</time>
      </trkpt>
      <trkpt lat="31.832487266510725" lon="35.30206167139113">
        <ele>358.08</ele>
        <time>2025-10-12T15:48:31.217Z</time>
      </trkpt>
      <trkpt lat="31.832516184076667" lon="35.30213844962418">
        <ele>355.49</ele>
        <time>2025-10-12T15:48:35.809Z</time>
      </trkpt>
      <trkpt lat="31.83251199312508" lon="35.30216384679079">
        <ele>353.09</ele>
        <time>2025-10-12T15:48:40.404Z</time>
      </trkpt>
      <trkpt lat="31.832505287602544" lon="35.30218304134905">
        <ele>350.74</ele>
        <time>2025-10-12T15:48:45.001Z</time>
      </trkpt>
      <trkpt lat="31.83251383714378" lon="35.302234422415495">
        <ele>348.31</ele>
        <time>2025-10-12T15:48:49.604Z</time>
      </trkpt>
      <trkpt lat="31.832511322572827" lon="35.30227364972234">
        <ele>345.99</ele>
        <time>2025-10-12T15:48:54.211Z</time>
      </trkpt>
      <trkpt lat="31.832520626485348" lon="35.302308266982436">
        <ele>343.73</ele>
        <time>2025-10-12T15:48:58.823Z</time>
      </trkpt>
      <trkpt lat="31.83252464979887" lon="35.302319498732686">
        <ele>341.61</ele>
        <time>2025-10-12T15:49:03.436Z</time>
      </trkpt>
      <trkpt lat="31.83251886628568" lon="35.30232863500714">
        <ele>339.59</ele>
        <time>2025-10-12T15:49:08.050Z</time>
      </trkpt>
      <trkpt lat="31.832517692819238" lon="35.302338525652885">
        <ele>337.68</ele>
        <time>2025-10-12T15:49:12.665Z</time>
      </trkpt>
      <trkpt lat="31.832528756931424" lon="35.302436174824834">
        <ele>335.64</ele>
        <time>2025-10-12T15:49:17.292Z</time>
      </trkpt>
      <trkpt lat="31.832546526566148" lon="35.302674472332">
        <ele>333.38</ele>
        <time>2025-10-12T15:49:21.946Z</time>
      </trkpt>
      <trkpt lat="31.83254317380488" lon="35.30270976014435">
        <ele>331.76</ele>
        <time>2025-10-12T15:49:26.604Z</time>
      </trkpt>
      <trkpt lat="31.832565553486347" lon="35.3028919827193">
        <ele>329.89</ele>
        <time>2025-10-12T15:49:31.283Z</time>
      </trkpt>
      <trkpt lat="31.832655323669314" lon="35.302843283861876">
        <ele>328.79</ele>
        <time>2025-10-12T15:49:35.975Z</time>
      </trkpt>
      <trkpt lat="31.83272355236113" lon="35.302800787612796">
        <ele>327.85</ele>
        <time>2025-10-12T15:49:40.677Z</time>
      </trkpt>
      <trkpt lat="31.83280066587031" lon="35.302745047956705">
        <ele>327.08</ele>
        <time>2025-10-12T15:49:45.391Z</time>
      </trkpt>
      <trkpt lat="31.832851376384497" lon="35.30267254449427">
        <ele>326.54</ele>
        <time>2025-10-12T15:49:50.116Z</time>
      </trkpt>
      <trkpt lat="31.832853890955448" lon="35.302640441805124">
        <ele>326.13</ele>
        <time>2025-10-12T15:49:54.845Z</time>
      </trkpt>
      <trkpt lat="31.83286369778216" lon="35.30259777791798">
        <ele>325.87</ele>
        <time>2025-10-12T15:49:59.579Z</time>
      </trkpt>
      <trkpt lat="31.832871660590172" lon="35.30257925391197">
        <ele>325.7</ele>
        <time>2025-10-12T15:50:04.315Z</time>
      </trkpt>
      <trkpt lat="31.83288381434977" lon="35.302547151222825">
        <ele>325.67</ele>
        <time>2025-10-12T15:50:09.055Z</time>
      </trkpt>
      <trkpt lat="31.832894627004862" lon="35.30252644792199">
        <ele>325.73</ele>
        <time>2025-10-12T15:50:13.798Z</time>
      </trkpt>
      <trkpt lat="31.832930501550436" lon="35.302494931966066">
        <ele>325.86</ele>
        <time>2025-10-12T15:50:18.547Z</time>
      </trkpt>
      <trkpt lat="31.83293309994042" lon="35.30247607268393">
        <ele>326.12</ele>
        <time>2025-10-12T15:50:23.298Z</time>
      </trkpt>
      <trkpt lat="31.832943074405193" lon="35.302468026056886">
        <ele>326.41</ele>
        <time>2025-10-12T15:50:28.050Z</time>
      </trkpt>
      <trkpt lat="31.83296151459217" lon="35.30246182344854">
        <ele>326.73</ele>
        <time>2025-10-12T15:50:32.805Z</time>
      </trkpt>
      <trkpt lat="31.832962688058615" lon="35.3024619910866">
        <ele>327.13</ele>
        <time>2025-10-12T15:50:37.560Z</time>
      </trkpt>
      <trkpt lat="31.83293804526329" lon="35.3024051617831">
        <ele>327.74</ele>
        <time>2025-10-12T15:50:42.322Z</time>
      </trkpt>
      <trkpt lat="31.832932261750102" lon="35.30233534052968">
        <ele>328.34</ele>
        <time>2025-10-12T15:50:47.092Z</time>
      </trkpt>
      <trkpt lat="31.83294533751905" lon="35.30232603661716">
        <ele>328.77</ele>
        <time>2025-10-12T15:50:51.864Z</time>
      </trkpt>
      <trkpt lat="31.832967633381486" lon="35.3023620788008">
        <ele>329.09</ele>
        <time>2025-10-12T15:50:56.641Z</time>
      </trkpt>
      <trkpt lat="31.832983642816544" lon="35.30236819759011">
        <ele>329.45</ele>
        <time>2025-10-12T15:51:01.421Z</time>
      </trkpt>
      <trkpt lat="31.83298842050135" lon="35.30230566859245">
        <ele>329.93</ele>
        <time>2025-10-12T15:51:06.208Z</time>
      </trkpt>
      <trkpt lat="31.83299328200519" lon="35.30226241797209">
        <ele>330.36</ele>
        <time>2025-10-12T15:51:11.000Z</time>
      </trkpt>
      <trkpt lat="31.83301666751504" lon="35.302292592823505">
        <ele>330.54</ele>
        <time>2025-10-12T15:51:15.796Z</time>
      </trkpt>
      <trkpt lat="31.833062516525388" lon="35.30231053009629">
        <ele>330.64</ele>
        <time>2025-10-12T15:51:20.599Z</time>
      </trkpt>
      <trkpt lat="31.83308799751103" lon="35.302318911999464">
        <ele>330.75</ele>
        <time>2025-10-12T15:51:25.405Z</time>
      </trkpt>
      <trkpt lat="31.83309780433774" lon="35.30227507464588">
        <ele>330.95</ele>
        <time>2025-10-12T15:51:30.216Z</time>
      </trkpt>
      <trkpt lat="31.83312219567597" lon="35.30225864611566">
        <ele>330.99</ele>
        <time>2025-10-12T15:51:35.031Z</time>
      </trkpt>
      <trkpt lat="31.833162512630224" lon="35.3022201731801">
        <ele>330.95</ele>
        <time>2025-10-12T15:51:39.853Z</time>
      </trkpt>
      <trkpt lat="31.833168296143413" lon="35.30219712294638">
        <ele>330.89</ele>
        <time>2025-10-12T15:51:44.678Z</time>
      </trkpt>
      <trkpt lat="31.833183635026217" lon="35.302168959751725">
        <ele>330.71</ele>
        <time>2025-10-12T15:51:49.507Z</time>
      </trkpt>
      <trkpt lat="31.833204673603177" lon="35.302134258672595">
        <ele>330.48</ele>
        <time>2025-10-12T15:51:54.341Z</time>
      </trkpt>
      <trkpt lat="31.83321406133473" lon="35.30213601887226">
        <ele>330.11</ele>
        <time>2025-10-12T15:51:59.176Z</time>
      </trkpt>
      <trkpt lat="31.833217162638903" lon="35.30213442631066">
        <ele>329.69</ele>
        <time>2025-10-12T15:52:04.011Z</time>
      </trkpt>
      <trkpt lat="31.833217330276966" lon="35.30213442631066">
        <ele>329.21</ele>
        <time>2025-10-12T15:52:08.846Z</time>
      </trkpt>
      <trkpt lat="31.8332277238369" lon="35.302111543715">
        <ele>328.67</ele>
        <time>2025-10-12T15:52:13.684Z</time>
      </trkpt>
      <trkpt lat="31.83326343074441" lon="35.30205714516342">
        <ele>328.04</ele>
        <time>2025-10-12T15:52:18.530Z</time>
      </trkpt>
      <trkpt lat="31.83329268358648" lon="35.30202521011233">
        <ele>327.27</ele>
        <time>2025-10-12T15:52:23.381Z</time>
      </trkpt>
      <trkpt lat="31.83331724256277" lon="35.302055133506656">
        <ele>326.26</ele>
        <time>2025-10-12T15:52:28.237Z</time>
      </trkpt>
      <trkpt lat="31.83332897722721" lon="35.30207399278879">
        <ele>325.27</ele>
        <time>2025-10-12T15:52:33.096Z</time>
      </trkpt>
      <trkpt lat="31.83333769440651" lon="35.30206561088562">
        <ele>324.31</ele>
        <time>2025-10-12T15:52:37.956Z</time>
      </trkpt>
      <trkpt lat="31.83335873298347" lon="35.30200048349798">
        <ele>323.37</ele>
        <time>2025-10-12T15:52:42.824Z</time>
      </trkpt>
      <trkpt lat="31.833366695791483" lon="35.30198983848095">
        <ele>322.31</ele>
        <time>2025-10-12T15:52:47.694Z</time>
      </trkpt>
      <trkpt lat="31.833427045494318" lon="35.301931919530034">
        <ele>321.04</ele>
        <time>2025-10-12T15:52:52.574Z</time>
      </trkpt>
      <trkpt lat="31.833441462367773" lon="35.30191322788596">
        <ele>319.92</ele>
        <time>2025-10-12T15:52:57.457Z</time>
      </trkpt>
      <trkpt lat="31.83352092280984" lon="35.30182521790266">
        <ele>318.73</ele>
        <time>2025-10-12T15:53:02.354Z</time>
      </trkpt>
      <trkpt lat="31.83354740962386" lon="35.301825385540724">
        <ele>317.44</ele>
        <time>2025-10-12T15:53:07.255Z</time>
      </trkpt>
      <trkpt lat="31.83357708156109" lon="35.301788840442896">
        <ele>316.25</ele>
        <time>2025-10-12T15:53:12.162Z</time>
      </trkpt>
      <trkpt lat="31.83358890004456" lon="35.301794707775116">
        <ele>314.95</ele>
        <time>2025-10-12T15:53:17.070Z</time>
      </trkpt>
      <trkpt lat="31.833656542003155" lon="35.30181096866727">
        <ele>313.41</ele>
        <time>2025-10-12T15:53:21.988Z</time>
      </trkpt>
      <trkpt lat="31.833664420992136" lon="35.30181239359081">
        <ele>312.15</ele>
        <time>2025-10-12T15:53:26.907Z</time>
      </trkpt>
      <trkpt lat="31.833717478439212" lon="35.30179923400283">
        <ele>310.77</ele>
        <time>2025-10-12T15:53:31.833Z</time>
      </trkpt>
      <trkpt lat="31.833788640797138" lon="35.30183653347194">
        <ele>309.47</ele>
        <time>2025-10-12T15:53:36.769Z</time>
      </trkpt>
      <trkpt lat="31.833775062114" lon="35.30187835916877">
        <ele>308.29</ele>
        <time>2025-10-12T15:53:41.710Z</time>
      </trkpt>
      <trkpt lat="31.833769278600812" lon="35.30189654789865">
        <ele>307.19</ele>
        <time>2025-10-12T15:53:46.654Z</time>
      </trkpt>
      <trkpt lat="31.833768356591463" lon="35.301922699436545">
        <ele>306.15</ele>
        <time>2025-10-12T15:53:51.601Z</time>
      </trkpt>
      <trkpt lat="31.83379660360515" lon="35.301951030269265">
        <ele>305.14</ele>
        <time>2025-10-12T15:53:56.553Z</time>
      </trkpt>
      <trkpt lat="31.833846475929022" lon="35.30196871608496">
        <ele>304.17</ele>
        <time>2025-10-12T15:54:01.511Z</time>
      </trkpt>
      <trkpt lat="31.83385519310832" lon="35.30197123065591">
        <ele>303.31</ele>
        <time>2025-10-12T15:54:06.471Z</time>
      </trkpt>
      <trkpt lat="31.833873968571424" lon="35.30197684653103">
        <ele>302.5</ele>
        <time>2025-10-12T15:54:11.433Z</time>
      </trkpt>
      <trkpt lat="31.83391084894538" lon="35.30196209438145">
        <ele>301.75</ele>
        <time>2025-10-12T15:54:16.400Z</time>
      </trkpt>
      <trkpt lat="31.83390699326992" lon="35.30194164253771">
        <ele>301.1</ele>
        <time>2025-10-12T15:54:21.370Z</time>
      </trkpt>
      <trkpt lat="31.833895426243544" lon="35.30199277214706">
        <ele>300.49</ele>
        <time>2025-10-12T15:54:26.346Z</time>
      </trkpt>
      <trkpt lat="31.83389224112034" lon="35.30200014822185">
        <ele>299.95</ele>
        <time>2025-10-12T15:54:31.323Z</time>
      </trkpt>
      <trkpt lat="31.833889978006482" lon="35.30200056731701">
        <ele>299.47</ele>
        <time>2025-10-12T15:54:36.300Z</time>
      </trkpt>
      <trkpt lat="31.83385754004121" lon="35.3020581509918">
        <ele>299.03</ele>
        <time>2025-10-12T15:54:41.285Z</time>
      </trkpt>
      <trkpt lat="31.833822252228856" lon="35.302064940333366">
        <ele>298.62</ele>
        <time>2025-10-12T15:54:46.275Z</time>
      </trkpt>
      <trkpt lat="31.8337906524539" lon="35.30208455398679">
        <ele>298.25</ele>
        <time>2025-10-12T15:54:51.269Z</time>
      </trkpt>
      <trkpt lat="31.833775062114" lon="35.30211011879146">
        <ele>297.92</ele>
        <time>2025-10-12T15:54:56.267Z</time>
      </trkpt>
      <trkpt lat="31.833767015486956" lon="35.302165523171425">
        <ele>297.58</ele>
        <time>2025-10-12T15:55:01.271Z</time>
      </trkpt>
      <trkpt lat="31.833761064335704" lon="35.302216904237866">
        <ele>297.37</ele>
        <time>2025-10-12T15:55:06.281Z</time>
      </trkpt>
      <trkpt lat="31.833747904747725" lon="35.30222922563553">
        <ele>297.18</ele>
        <time>2025-10-12T15:55:11.293Z</time>
      </trkpt>
      <trkpt lat="31.83373256586492" lon="35.3022307343781">
        <ele>297.02</ele>
        <time>2025-10-12T15:55:16.308Z</time>
      </trkpt>
      <trkpt lat="31.833758549764752" lon="35.30226333998144">
        <ele>296.91</ele>
        <time>2025-10-12T15:55:21.328Z</time>
      </trkpt>
      <trkpt lat="31.833764920011163" lon="35.30228261835873">
        <ele>296.82</ele>
        <time>2025-10-12T15:55:26.350Z</time>
      </trkpt>
      <trkpt lat="31.833765925839543" lon="35.30227214097977">
        <ele>296.76</ele>
        <time>2025-10-12T15:55:31.373Z</time>
      </trkpt>
      <trkpt lat="31.8337594717741" lon="35.30225277878344">
        <ele>296.72</ele>
        <time>2025-10-12T15:55:36.398Z</time>
      </trkpt>
      <trkpt lat="31.833686465397477" lon="35.30226652510464">
        <ele>296.64</ele>
        <time>2025-10-12T15:55:41.433Z</time>
      </trkpt>
      <trkpt lat="31.83364363387227" lon="35.30230047181249">
        <ele>296.67</ele>
        <time>2025-10-12T15:55:46.475Z</time>
      </trkpt>
      <trkpt lat="31.833588648587465" lon="35.30238261446357">
        <ele>296.65</ele>
        <time>2025-10-12T15:55:51.529Z</time>
      </trkpt>
      <trkpt lat="31.833536345511675" lon="35.30245226807892">
        <ele>296.6</ele>
        <time>2025-10-12T15:55:56.594Z</time>
      </trkpt>
      <trkpt lat="31.833523772656918" lon="35.302462074905634">
        <ele>296.57</ele>
        <time>2025-10-12T15:56:01.661Z</time>
      </trkpt>
      <trkpt lat="31.833487898111343" lon="35.30248688533902">
        <ele>296.58</ele>
        <time>2025-10-12T15:56:06.733Z</time>
      </trkpt>
      <trkpt lat="31.833476582542062" lon="35.30248663388193">
        <ele>296.54</ele>
        <time>2025-10-12T15:56:11.807Z</time>
      </trkpt>
      <trkpt lat="31.83346962556243" lon="35.30248965136707">
        <ele>296.48</ele>
        <time>2025-10-12T15:56:16.882Z</time>
      </trkpt>
      <trkpt lat="31.833465518429875" lon="35.302504152059555">
        <ele>296.39</ele>
        <time>2025-10-12T15:56:21.958Z</time>
      </trkpt>
      <trkpt lat="31.833457304164767" lon="35.302544636651874">
        <ele>296.25</ele>
        <time>2025-10-12T15:56:27.039Z</time>
      </trkpt>
      <trkpt lat="31.83346132747829" lon="35.30255679041147">
        <ele>296.13</ele>
        <time>2025-10-12T15:56:32.122Z</time>
      </trkpt>
      <trkpt lat="31.833473732694983" lon="35.30259593389928">
        <ele>295.96</ele>
        <time>2025-10-12T15:56:37.209Z</time>
      </trkpt>
      <trkpt lat="31.833468955010176" lon="35.3026226721704">
        <ele>295.81</ele>
        <time>2025-10-12T15:56:42.299Z</time>
      </trkpt>
      <trkpt lat="31.833462417125702" lon="35.30264765024185">
        <ele>295.66</ele>
        <time>2025-10-12T15:56:47.392Z</time>
      </trkpt>
      <trkpt lat="31.8334521073848" lon="35.30266910791397">
        <ele>295.51</ele>
        <time>2025-10-12T15:56:52.488Z</time>
      </trkpt>
      <trkpt lat="31.83343634940684" lon="35.30268360860646">
        <ele>295.37</ele>
        <time>2025-10-12T15:56:57.587Z</time>
      </trkpt>
      <trkpt lat="31.833432242274284" lon="35.30269207432866">
        <ele>295.23</ele>
        <time>2025-10-12T15:57:02.687Z</time>
      </trkpt>
      <trkpt lat="31.833432409912348" lon="35.30271981842816">
        <ele>295.09</ele>
        <time>2025-10-12T15:57:07.790Z</time>
      </trkpt>
      <trkpt lat="31.833432912826538" lon="35.30274588614702">
        <ele>294.97</ele>
        <time>2025-10-12T15:57:12.896Z</time>
      </trkpt>
      <trkpt lat="31.83343048207462" lon="35.30275912955403">
        <ele>294.87</ele>
        <time>2025-10-12T15:57:18.004Z</time>
      </trkpt>
      <trkpt lat="31.833423944190145" lon="35.302819311618805">
        <ele>294.74</ele>
        <time>2025-10-12T15:57:23.119Z</time>
      </trkpt>
      <trkpt lat="31.833427799865603" lon="35.30287764966488">
        <ele>294.64</ele>
        <time>2025-10-12T15:57:28.240Z</time>
      </trkpt>
      <trkpt lat="31.833428805693984" lon="35.30289759859443">
        <ele>294.59</ele>
        <time>2025-10-12T15:57:33.363Z</time>
      </trkpt>
      <trkpt lat="31.833423105999827" lon="35.30290690250695">
        <ele>294.58</ele>
        <time>2025-10-12T15:57:38.488Z</time>
      </trkpt>
      <trkpt lat="31.83341095224023" lon="35.302913188934326">
        <ele>294.63</ele>
        <time>2025-10-12T15:57:43.615Z</time>
      </trkpt>
      <trkpt lat="31.83341304771602" lon="35.302913608029485">
        <ele>294.66</ele>
        <time>2025-10-12T15:57:48.742Z</time>
      </trkpt>
      <trkpt lat="31.83341296389699" lon="35.302913608029485">
        <ele>294.73</ele>
        <time>2025-10-12T15:57:53.869Z</time>
      </trkpt>
      <trkpt lat="31.83341204188764" lon="35.302913608029485">
        <ele>294.81</ele>
        <time>2025-10-12T15:57:58.996Z</time>
      </trkpt>
      <trkpt lat="31.833397708833218" lon="35.30293841846287">
        <ele>294.94</ele>
        <time>2025-10-12T15:58:04.126Z</time>
      </trkpt>
      <trkpt lat="31.833395529538393" lon="35.302939005196095">
        <ele>295.07</ele>
        <time>2025-10-12T15:58:09.257Z</time>
      </trkpt>
      <trkpt lat="31.833388740196824" lon="35.302942441776395">
        <ele>295.21</ele>
        <time>2025-10-12T15:58:14.389Z</time>
      </trkpt>
      <trkpt lat="31.833380861207843" lon="35.30294822528958">
        <ele>295.38</ele>
        <time>2025-10-12T15:58:19.522Z</time>
      </trkpt>
      <trkpt lat="31.833377927541733" lon="35.302958618849516">
        <ele>295.52</ele>
        <time>2025-10-12T15:58:24.656Z</time>
      </trkpt>
      <trkpt lat="31.83337725698948" lon="35.30295887030661">
        <ele>295.66</ele>
        <time>2025-10-12T15:58:29.790Z</time>
      </trkpt>
      <trkpt lat="31.833376586437225" lon="35.302955182269216">
        <ele>295.82</ele>
        <time>2025-10-12T15:58:34.925Z</time>
      </trkpt>
      <trkpt lat="31.833375748246908" lon="35.30295484699309">
        <ele>295.95</ele>
        <time>2025-10-12T15:58:40.060Z</time>
      </trkpt>
      <trkpt lat="31.83337189257145" lon="35.30297169461846">
        <ele>296.05</ele>
        <time>2025-10-12T15:58:45.197Z</time>
      </trkpt>
      <trkpt lat="31.833359068259597" lon="35.3029855247587">
        <ele>296.14</ele>
        <time>2025-10-12T15:58:50.336Z</time>
      </trkpt>
      <trkpt lat="31.833355547860265" lon="35.302990889176726">
        <ele>296.22</ele>
        <time>2025-10-12T15:58:55.476Z</time>
      </trkpt>
      <trkpt lat="31.833313973620534" lon="35.30305224470794">
        <ele>296.32</ele>
        <time>2025-10-12T15:59:00.625Z</time>
      </trkpt>
      <trkpt lat="31.833312213420868" lon="35.30305459164083">
        <ele>296.34</ele>
        <time>2025-10-12T15:59:05.774Z</time>
      </trkpt>
      <trkpt lat="31.83331036940217" lon="35.303056770935655">
        <ele>296.31</ele>
        <time>2025-10-12T15:59:10.923Z</time>
      </trkpt>
      <trkpt lat="31.833308776840568" lon="35.3030579444021">
        <ele>296.23</ele>
        <time>2025-10-12T15:59:16.073Z</time>
      </trkpt>
      <trkpt lat="31.83330592699349" lon="35.30306054279208">
        <ele>296.1</ele>
        <time>2025-10-12T15:59:21.223Z</time>
      </trkpt>
      <trkpt lat="31.833285558968782" lon="35.30309616588056">
        <ele>295.95</ele>
        <time>2025-10-12T15:59:26.378Z</time>
      </trkpt>
      <trkpt lat="31.833269717171788" lon="35.30312449671328">
        <ele>295.72</ele>
        <time>2025-10-12T15:59:31.537Z</time>
      </trkpt>
      <trkpt lat="31.83326929807663" lon="35.30312449671328">
        <ele>295.4</ele>
        <time>2025-10-12T15:59:36.696Z</time>
      </trkpt>
      <trkpt lat="31.833272986114025" lon="35.303153079003096">
        <ele>294.95</ele>
        <time>2025-10-12T15:59:41.858Z</time>
      </trkpt>
      <trkpt lat="31.833288576453924" lon="35.303210159763694">
        <ele>294.38</ele>
        <time>2025-10-12T15:59:47.027Z</time>
      </trkpt>
      <trkpt lat="31.833272902294993" lon="35.30330613255501">
        <ele>293.72</ele>
        <time>2025-10-12T15:59:52.207Z</time>
      </trkpt>
      <trkpt lat="31.833267705515027" lon="35.303294733166695">
        <ele>293.13</ele>
        <time>2025-10-12T15:59:57.389Z</time>
      </trkpt>
      <trkpt lat="31.833255384117365" lon="35.303313760086894">
        <ele>292.47</ele>
        <time>2025-10-12T16:00:02.573Z</time>
      </trkpt>
      <trkpt lat="31.83323602192104" lon="35.30334577895701">
        <ele>291.75</ele>
        <time>2025-10-12T16:00:07.762Z</time>
      </trkpt>
      <trkpt lat="31.833163015544415" lon="35.30345281586051">
        <ele>290.94</ele>
        <time>2025-10-12T16:00:12.966Z</time>
      </trkpt>
      <trkpt lat="31.83313149958849" lon="35.30346077866852">
        <ele>290.12</ele>
        <time>2025-10-12T16:00:18.175Z</time>
      </trkpt>
      <trkpt lat="31.833105264231563" lon="35.3034498821944">
        <ele>289.27</ele>
        <time>2025-10-12T16:00:23.387Z</time>
      </trkpt>
      <trkpt lat="31.833078861236572" lon="35.30347586609423">
        <ele>288.35</ele>
        <time>2025-10-12T16:00:28.604Z</time>
      </trkpt>
      <trkpt lat="31.833068802952766" lon="35.303495144471526">
        <ele>287.32</ele>
        <time>2025-10-12T16:00:33.823Z</time>
      </trkpt>
      <trkpt lat="31.833067294210196" lon="35.30356144532561">
        <ele>286.1</ele>
        <time>2025-10-12T16:00:39.050Z</time>
      </trkpt>
      <trkpt lat="31.833031252026558" lon="35.303632356226444">
        <ele>284.9</ele>
        <time>2025-10-12T16:00:44.286Z</time>
      </trkpt>
      <trkpt lat="31.832980290055275" lon="35.30367502011359">
        <ele>283.69</ele>
        <time>2025-10-12T16:00:49.531Z</time>
      </trkpt>
      <trkpt lat="31.832944247871637" lon="35.303707625716925">
        <ele>282.45</ele>
        <time>2025-10-12T16:00:54.782Z</time>
      </trkpt>
      <trkpt lat="31.83290912769735" lon="35.303766718134284">
        <ele>281.13</ele>
        <time>2025-10-12T16:01:00.041Z</time>
      </trkpt>
      <trkpt lat="31.832858752459288" lon="35.303817596286535">
        <ele>279.85</ele>
        <time>2025-10-12T16:01:05.309Z</time>
      </trkpt>
      <trkpt lat="31.83281927369535" lon="35.30387886799872">
        <ele>278.62</ele>
        <time>2025-10-12T16:01:10.585Z</time>
      </trkpt>
      <trkpt lat="31.832801839336753" lon="35.3039179276675">
        <ele>277.49</ele>
        <time>2025-10-12T16:01:15.867Z</time>
      </trkpt>
      <trkpt lat="31.83279186487198" lon="35.30396042391658">
        <ele>276.39</ele>
        <time>2025-10-12T16:01:21.154Z</time>
      </trkpt>
      <trkpt lat="31.832790356129408" lon="35.30396654270589">
        <ele>275.41</ele>
        <time>2025-10-12T16:01:26.441Z</time>
      </trkpt>
      <trkpt lat="31.832791529595852" lon="35.303971990942955">
        <ele>274.49</ele>
        <time>2025-10-12T16:01:31.729Z</time>
      </trkpt>
      <trkpt lat="31.832797648385167" lon="35.303976349532604">
        <ele>273.62</ele>
        <time>2025-10-12T16:01:37.018Z</time>
      </trkpt>
      <trkpt lat="31.832828326150775" lon="35.30401607975364">
        <ele>272.78</ele>
        <time>2025-10-12T16:01:42.313Z</time>
      </trkpt>
      <trkpt lat="31.83283838443458" lon="35.30402647331357">
        <ele>272.05</ele>
        <time>2025-10-12T16:01:47.610Z</time>
      </trkpt>
      <trkpt lat="31.832882137969136" lon="35.30406343750656">
        <ele>271.38</ele>
        <time>2025-10-12T16:01:52.914Z</time>
      </trkpt>
      <trkpt lat="31.83287149295211" lon="35.30412814579904">
        <ele>270.7</ele>
        <time>2025-10-12T16:01:58.225Z</time>
      </trkpt>
      <trkpt lat="31.83280410245061" lon="35.30424255877733">
        <ele>270.2</ele>
        <time>2025-10-12T16:02:03.552Z</time>
      </trkpt>
      <trkpt lat="31.832746686413884" lon="35.304345823824406">
        <ele>269.73</ele>
        <time>2025-10-12T16:02:08.893Z</time>
      </trkpt>
      <trkpt lat="31.832728749141097" lon="35.304379519075155">
        <ele>269.33</ele>
        <time>2025-10-12T16:02:14.239Z</time>
      </trkpt>
      <trkpt lat="31.83272304944694" lon="35.304391169920564">
        <ele>269.0</ele>
        <time>2025-10-12T16:02:19.586Z</time>
      </trkpt>
      <trkpt lat="31.832699915394187" lon="35.30448295176029">
        <ele>268.76</ele>
        <time>2025-10-12T16:02:24.944Z</time>
      </trkpt>
      <trkpt lat="31.832671081647277" lon="35.30461337417364">
        <ele>268.55</ele>
        <time>2025-10-12T16:02:30.317Z</time>
      </trkpt>
      <trkpt lat="31.832667058333755" lon="35.30469182878733">
        <ele>268.41</ele>
        <time>2025-10-12T16:02:35.699Z</time>
      </trkpt>
      <trkpt lat="31.832660688087344" lon="35.30476030893624">
        <ele>268.32</ele>
        <time>2025-10-12T16:02:41.089Z</time>
      </trkpt>
      <trkpt lat="31.832641074433923" lon="35.30486072413623">
        <ele>268.21</ele>
        <time>2025-10-12T16:02:46.491Z</time>
      </trkpt>
      <trkpt lat="31.83264241553843" lon="35.30487413518131">
        <ele>268.14</ele>
        <time>2025-10-12T16:02:51.894Z</time>
      </trkpt>
      <trkpt lat="31.832634955644608" lon="35.30491470359266">
        <ele>268.08</ele>
        <time>2025-10-12T16:02:57.302Z</time>
      </trkpt>
      <trkpt lat="31.83262573555112" lon="35.3049351554364">
        <ele>268.02</ele>
        <time>2025-10-12T16:03:02.713Z</time>
      </trkpt>
      <trkpt lat="31.832624059170485" lon="35.304944794625044">
        <ele>267.97</ele>
        <time>2025-10-12T16:03:08.125Z</time>
      </trkpt>
      <trkpt lat="31.832617102190852" lon="35.30498603358865">
        <ele>267.91</ele>
        <time>2025-10-12T16:03:13.542Z</time>
      </trkpt>
      <trkpt lat="31.832600673660636" lon="35.30502702109516">
        <ele>267.84</ele>
        <time>2025-10-12T16:03:18.964Z</time>
      </trkpt>
      <trkpt lat="31.832585083320737" lon="35.30510991811752">
        <ele>267.78</ele>
        <time>2025-10-12T16:03:24.395Z</time>
      </trkpt>
      <trkpt lat="31.832589525729418" lon="35.305208656936884">
        <ele>267.71</ele>
        <time>2025-10-12T16:03:29.838Z</time>
      </trkpt>
      <trkpt lat="31.832617269828916" lon="35.30529214069247">
        <ele>267.6</ele>
        <time>2025-10-12T16:03:35.291Z</time>
      </trkpt>
      <trkpt lat="31.832642247900367" lon="35.30545240268111">
        <ele>267.43</ele>
        <time>2025-10-12T16:03:40.762Z</time>
      </trkpt>
      <trkpt lat="31.832654317840934" lon="35.30559011735022">
        <ele>267.2</ele>
        <time>2025-10-12T16:03:46.249Z</time>
      </trkpt>
      <trkpt lat="31.83266588486731" lon="35.305662620812654">
        <ele>266.98</ele>
        <time>2025-10-12T16:03:51.744Z</time>
      </trkpt>
      <trkpt lat="31.832669069990516" lon="35.30574442818761">
        <ele>266.71</ele>
        <time>2025-10-12T16:03:57.249Z</time>
      </trkpt>
      <trkpt lat="31.832664040848613" lon="35.305819027125835">
        <ele>266.38</ele>
        <time>2025-10-12T16:04:02.762Z</time>
      </trkpt>
      <trkpt lat="31.832662196829915" lon="35.305820535868406">
        <ele>266.1</ele>
        <time>2025-10-12T16:04:08.275Z</time>
      </trkpt>
      <trkpt lat="31.832658257335424" lon="35.30582807958126">
        <ele>265.78</ele>
        <time>2025-10-12T16:04:13.789Z</time>
      </trkpt>
      <trkpt lat="31.83265222236514" lon="35.30582221224904">
        <ele>265.45</ele>
        <time>2025-10-12T16:04:19.305Z</time>
      </trkpt>
      <trkpt lat="31.832653395831585" lon="35.30582271516323">
        <ele>265.09</ele>
        <time>2025-10-12T16:04:24.821Z</time>
      </trkpt>
      <trkpt lat="31.83249187655747" lon="35.306067215278745">
        <ele>264.69</ele>
        <time>2025-10-12T16:04:30.372Z</time>
      </trkpt>
      <trkpt lat="31.832493720576167" lon="35.30606780201197">
        <ele>264.28</ele>
        <time>2025-10-12T16:04:35.923Z</time>
      </trkpt>
      <trkpt lat="31.832502940669656" lon="35.306078447028995">
        <ele>263.83</ele>
        <time>2025-10-12T16:04:41.476Z</time>
      </trkpt>
      <trkpt lat="31.83251333422959" lon="35.306123960763216">
        <ele>263.33</ele>
        <time>2025-10-12T16:04:47.034Z</time>
      </trkpt>
      <trkpt lat="31.832517189905047" lon="35.306141059845686">
        <ele>262.85</ele>
        <time>2025-10-12T16:04:52.594Z</time>
      </trkpt>
      <trkpt lat="31.83254225179553" lon="35.30622102320194">
        <ele>262.26</ele>
        <time>2025-10-12T16:04:58.164Z</time>
      </trkpt>
      <trkpt lat="31.832526745274663" lon="35.30628019943833">
        <ele>261.76</ele>
        <time>2025-10-12T16:05:03.741Z</time>
      </trkpt>
      <trkpt lat="31.832547448575497" lon="35.30638312920928">
        <ele>261.21</ele>
        <time>2025-10-12T16:05:09.330Z</time>
      </trkpt>
      <trkpt lat="31.832551807165146" lon="35.306466948240995">
        <ele>260.7</ele>
        <time>2025-10-12T16:05:14.928Z</time>
      </trkpt>
      <trkpt lat="31.83255692012608" lon="35.30649611726403">
        <ele>260.18</ele>
        <time>2025-10-12T16:05:20.530Z</time>
      </trkpt>
      <trkpt lat="31.832565469667315" lon="35.30660592019558">
        <ele>259.65</ele>
        <time>2025-10-12T16:05:26.144Z</time>
      </trkpt>
      <trkpt lat="31.832557087764144" lon="35.30670968815684">
        <ele>259.12</ele>
        <time>2025-10-12T16:05:31.770Z</time>
      </trkpt>
      <trkpt lat="31.832540994510055" lon="35.30680934898555">
        <ele>258.62</ele>
        <time>2025-10-12T16:05:37.408Z</time>
      </trkpt>
      <trkpt lat="31.8325387313962" lon="35.306855449452996">
        <ele>258.12</ele>
        <time>2025-10-12T16:05:43.051Z</time>
      </trkpt>
      <trkpt lat="31.83252749964595" lon="35.30699450522661">
        <ele>257.64</ele>
        <time>2025-10-12T16:05:48.710Z</time>
      </trkpt>
      <trkpt lat="31.832529762759805" lon="35.30706818215549">
        <ele>257.14</ele>
        <time>2025-10-12T16:05:54.377Z</time>
      </trkpt>
      <trkpt lat="31.832533618435264" lon="35.307134818285704">
        <ele>256.63</ele>
        <time>2025-10-12T16:06:00.052Z</time>
      </trkpt>
      <trkpt lat="31.832544850185513" lon="35.30720740556717">
        <ele>256.11</ele>
        <time>2025-10-12T16:06:05.735Z</time>
      </trkpt>
      <trkpt lat="31.832565553486347" lon="35.307319639250636">
        <ele>255.61</ele>
        <time>2025-10-12T16:06:11.431Z</time>
      </trkpt>
      <trkpt lat="31.83259790763259" lon="35.30748400837183">
        <ele>255.11</ele>
        <time>2025-10-12T16:06:17.146Z</time>
      </trkpt>
      <trkpt lat="31.832599248737097" lon="35.30749733559787">
        <ele>254.69</ele>
        <time>2025-10-12T16:06:22.863Z</time>
      </trkpt>
      <trkpt lat="31.8326214607805" lon="35.30757780186832">
        <ele>254.28</ele>
        <time>2025-10-12T16:06:28.589Z</time>
      </trkpt>
      <trkpt lat="31.832629842683673" lon="35.30764670111239">
        <ele>253.9</ele>
        <time>2025-10-12T16:06:34.323Z</time>
      </trkpt>
      <trkpt lat="31.832672590389848" lon="35.30778491869569">
        <ele>253.5</ele>
        <time>2025-10-12T16:06:40.074Z</time>
      </trkpt>
      <trkpt lat="31.832684073597193" lon="35.30785624869168">
        <ele>253.16</ele>
        <time>2025-10-12T16:06:45.833Z</time>
      </trkpt>
      <trkpt lat="31.832701759412885" lon="35.30789069831371">
        <ele>252.84</ele>
        <time>2025-10-12T16:06:51.597Z</time>
      </trkpt>
      <trkpt lat="31.832701340317726" lon="35.307894721627235">
        <ele>252.57</ele>
        <time>2025-10-12T16:06:57.361Z</time>
      </trkpt>
      <trkpt lat="31.832704357802868" lon="35.307904025539756">
        <ele>252.33</ele>
        <time>2025-10-12T16:07:03.126Z</time>
      </trkpt>
      <trkpt lat="31.832723803818226" lon="35.307943504303694">
        <ele>252.09</ele>
        <time>2025-10-12T16:07:08.897Z</time>
      </trkpt>
      <trkpt lat="31.832725312560797" lon="35.30796152539551">
        <ele>251.9</ele>
        <time>2025-10-12T16:07:14.670Z</time>
      </trkpt>
      <trkpt lat="31.83272883296013" lon="35.30810602940619">
        <ele>251.75</ele>
        <time>2025-10-12T16:07:20.459Z</time>
      </trkpt>
      <trkpt lat="31.832732604816556" lon="35.30811382457614">
        <ele>251.62</ele>
        <time>2025-10-12T16:07:26.249Z</time>
      </trkpt>
      <trkpt lat="31.832747859880328" lon="35.30813444405794">
        <ele>251.51</ele>
        <time>2025-10-12T16:07:32.042Z</time>
      </trkpt>
      <trkpt lat="31.832754481583834" lon="35.308139557018876">
        <ele>251.42</ele>
        <time>2025-10-12T16:07:37.836Z</time>
      </trkpt>
      <trkpt lat="31.832771496847272" lon="35.30823988839984">
        <ele>251.35</ele>
        <time>2025-10-12T16:07:43.642Z</time>
      </trkpt>
      <trkpt lat="31.832758504897356" lon="35.30831423588097">
        <ele>251.33</ele>
        <time>2025-10-12T16:07:49.457Z</time>
      </trkpt>
      <trkpt lat="31.832752637565136" lon="35.30838145874441">
        <ele>251.32</ele>
        <time>2025-10-12T16:07:55.279Z</time>
      </trkpt>
      <trkpt lat="31.832734867930412" lon="35.3084871545434">
        <ele>251.32</ele>
        <time>2025-10-12T16:08:01.113Z</time>
      </trkpt>
      <trkpt lat="31.832723384723067" lon="35.308512384071946">
        <ele>251.33</ele>
        <time>2025-10-12T16:08:06.951Z</time>
      </trkpt>
      <trkpt lat="31.83264819905162" lon="35.308634927496314">
        <ele>251.33</ele>
        <time>2025-10-12T16:08:12.806Z</time>
      </trkpt>
      <trkpt lat="31.83263604529202" lon="35.308658899739385">
        <ele>251.36</ele>
        <time>2025-10-12T16:08:18.664Z</time>
      </trkpt>
      <trkpt lat="31.832564547657967" lon="35.3087929263711">
        <ele>251.41</ele>
        <time>2025-10-12T16:08:24.540Z</time>
      </trkpt>
      <trkpt lat="31.832557758316398" lon="35.30885998159647">
        <ele>251.44</ele>
        <time>2025-10-12T16:08:30.424Z</time>
      </trkpt>
      <trkpt lat="31.832560608163476" lon="35.308865597471595">
        <ele>251.51</ele>
        <time>2025-10-12T16:08:36.308Z</time>
      </trkpt>
      <trkpt lat="31.832561027258635" lon="35.308873392641544">
        <ele>251.58</ele>
        <time>2025-10-12T16:08:42.193Z</time>
      </trkpt>
      <trkpt lat="31.832544431090355" lon="35.30889082700014">
        <ele>251.68</ele>
        <time>2025-10-12T16:08:48.081Z</time>
      </trkpt>
      <trkpt lat="31.832529259845614" lon="35.3088896535337">
        <ele>251.8</ele>
        <time>2025-10-12T16:08:53.971Z</time>
      </trkpt>
      <trkpt lat="31.832503359764814" lon="35.3088946826756">
        <ele>251.93</ele>
        <time>2025-10-12T16:08:59.865Z</time>
      </trkpt>
      <trkpt lat="31.832488859072328" lon="35.308945728465915">
        <ele>252.01</ele>
        <time>2025-10-12T16:09:05.765Z</time>
      </trkpt>
      <trkpt lat="31.832431526854634" lon="35.30903734266758">
        <ele>252.08</ele>
        <time>2025-10-12T16:09:11.678Z</time>
      </trkpt>
      <trkpt lat="31.832399256527424" lon="35.30912920832634">
        <ele>252.12</ele>
        <time>2025-10-12T16:09:17.602Z</time>
      </trkpt>
      <trkpt lat="31.83240830898285" lon="35.309211099520326">
        <ele>252.23</ele>
        <time>2025-10-12T16:09:23.535Z</time>
      </trkpt>
      <trkpt lat="31.832399843260646" lon="35.30932852998376">
        <ele>252.38</ele>
        <time>2025-10-12T16:09:29.482Z</time>
      </trkpt>
      <trkpt lat="31.832366231828928" lon="35.30944151803851">
        <ele>252.58</ele>
        <time>2025-10-12T16:09:35.442Z</time>
      </trkpt>
      <trkpt lat="31.832338236272335" lon="35.309530114755034">
        <ele>252.63</ele>
        <time>2025-10-12T16:09:41.413Z</time>
      </trkpt>
      <trkpt lat="31.832336727529764" lon="35.309569677338004">
        <ele>252.68</ele>
        <time>2025-10-12T16:09:47.389Z</time>
      </trkpt>
      <trkpt lat="31.832340247929096" lon="35.30959532596171">
        <ele>252.72</ele>
        <time>2025-10-12T16:09:53.368Z</time>
      </trkpt>
      <trkpt lat="31.832341169938445" lon="35.30960890464485">
        <ele>252.74</ele>
        <time>2025-10-12T16:09:59.348Z</time>
      </trkpt>
      <trkpt lat="31.83238400146365" lon="35.30973153188825">
        <ele>252.71</ele>
        <time>2025-10-12T16:10:05.343Z</time>
      </trkpt>
      <trkpt lat="31.83239372447133" lon="35.30984460376203">
        <ele>252.65</ele>
        <time>2025-10-12T16:10:11.351Z</time>
      </trkpt>
      <trkpt lat="31.832376373931766" lon="35.309931272640824">
        <ele>252.59</ele>
        <time>2025-10-12T16:10:17.369Z</time>
      </trkpt>
      <trkpt lat="31.832373440265656" lon="35.30995692126453">
        <ele>252.54</ele>
        <time>2025-10-12T16:10:23.390Z</time>
      </trkpt>
      <trkpt lat="31.832365645095706" lon="35.31010243110359">
        <ele>252.47</ele>
        <time>2025-10-12T16:10:29.428Z</time>
      </trkpt>
      <trkpt lat="31.83234921656549" lon="35.31020946800709">
        <ele>252.38</ele>
        <time>2025-10-12T16:10:35.478Z</time>
      </trkpt>
      <trkpt lat="31.83231510221958" lon="35.31032145023346">
        <ele>252.3</ele>
        <time>2025-10-12T16:10:41.542Z</time>
      </trkpt>
      <trkpt lat="31.83227252215147" lon="35.310431672260165">
        <ele>252.3</ele>
        <time>2025-10-12T16:10:47.619Z</time>
      </trkpt>
      <trkpt lat="31.832245364785194" lon="35.31054005026817">
        <ele>252.21</ele>
        <time>2025-10-12T16:10:53.709Z</time>
      </trkpt>
      <trkpt lat="31.83224461041391" lon="35.31065387651324">
        <ele>251.97</ele>
        <time>2025-10-12T16:10:59.812Z</time>
      </trkpt>
      <trkpt lat="31.832257602363825" lon="35.310787316411734">
        <ele>251.67</ele>
        <time>2025-10-12T16:11:05.930Z</time>
      </trkpt>
      <trkpt lat="31.832261122763157" lon="35.31081120483577">
        <ele>251.44</ele>
        <time>2025-10-12T16:11:12.051Z</time>
      </trkpt>
      <trkpt lat="31.832273108884692" lon="35.31083894893527">
        <ele>251.17</ele>
        <time>2025-10-12T16:11:18.176Z</time>
      </trkpt>
      <trkpt lat="31.832284508273005" lon="35.31087423674762">
        <ele>250.89</ele>
        <time>2025-10-12T16:11:24.305Z</time>
      </trkpt>
      <trkpt lat="31.83230923488736" lon="35.31094489619136">
        <ele>250.55</ele>
        <time>2025-10-12T16:11:30.443Z</time>
      </trkpt>
      <trkpt lat="31.83234133757651" lon="35.31097959727049">
        <ele>250.24</ele>
        <time>2025-10-12T16:11:36.586Z</time>
      </trkpt>
      <trkpt lat="31.832367908209562" lon="35.310998037457466">
        <ele>249.93</ele>
        <time>2025-10-12T16:11:42.734Z</time>
      </trkpt>
      <trkpt lat="31.832381738349795" lon="35.31101144850254">
        <ele>249.62</ele>
        <time>2025-10-12T16:11:48.884Z</time>
      </trkpt>
      <trkpt lat="31.8324211332947" lon="35.31106425449252">
        <ele>249.29</ele>
        <time>2025-10-12T16:11:55.042Z</time>
      </trkpt>
      <trkpt lat="31.832473017275333" lon="35.311117647215724">
        <ele>248.94</ele>
        <time>2025-10-12T16:12:01.209Z</time>
      </trkpt>
      <trkpt lat="31.832513250410557" lon="35.31117422506213">
        <ele>248.6</ele>
        <time>2025-10-12T16:12:07.384Z</time>
      </trkpt>
      <trkpt lat="31.832566475495696" lon="35.31129777431488">
        <ele>248.25</ele>
        <time>2025-10-12T16:12:13.575Z</time>
      </trkpt>
      <trkpt lat="31.83260872028768" lon="35.31142719089985">
        <ele>247.96</ele>
        <time>2025-10-12T16:12:19.782Z</time>
      </trkpt>
      <trkpt lat="31.83263218961656" lon="35.31148636713624">
        <ele>247.69</ele>
        <time>2025-10-12T16:12:25.996Z</time>
      </trkpt>
      <trkpt lat="31.832643002271652" lon="35.311527103185654">
        <ele>247.41</ele>
        <time>2025-10-12T16:12:32.215Z</time>
      </trkpt>
      <trkpt lat="31.83264534920454" lon="35.31153850257397">
        <ele>247.13</ele>
        <time>2025-10-12T16:12:38.435Z</time>
      </trkpt>
      <trkpt lat="31.832648618146777" lon="35.311581417918205">
        <ele>246.86</ele>
        <time>2025-10-12T16:12:44.660Z</time>
      </trkpt>
      <trkpt lat="31.83264727704227" lon="35.31167018227279">
        <ele>246.57</ele>
        <time>2025-10-12T16:12:50.895Z</time>
      </trkpt>
      <trkpt lat="31.832647947594523" lon="35.311683090403676">
        <ele>246.29</ele>
        <time>2025-10-12T16:12:57.132Z</time>
      </trkpt>
      <trkpt lat="31.832653312012553" lon="35.31179029494524">
        <ele>245.99</ele>
        <time>2025-10-12T16:13:03.381Z</time>
      </trkpt>
      <trkpt lat="31.83264627121389" lon="35.31184469349682">
        <ele>245.72</ele>
        <time>2025-10-12T16:13:09.636Z</time>
      </trkpt>
      <trkpt lat="31.832637889310718" lon="35.31186883337796">
        <ele>245.46</ele>
        <time>2025-10-12T16:13:15.894Z</time>
      </trkpt>
      <trkpt lat="31.832634452730417" lon="35.311912251636386">
        <ele>245.19</ele>
        <time>2025-10-12T16:13:22.157Z</time>
      </trkpt>
      <trkpt lat="31.832630513235927" lon="35.31201442703605">
        <ele>244.85</ele>
        <time>2025-10-12T16:13:28.432Z</time>
      </trkpt>
      <trkpt lat="31.83261844329536" lon="35.31205809675157">
        <ele>244.59</ele>
        <time>2025-10-12T16:13:34.712Z</time>
      </trkpt>
      <trkpt lat="31.832618862390518" lon="35.31208827160299">
        <ele>244.35</ele>
        <time>2025-10-12T16:13:40.996Z</time>
      </trkpt>
      <trkpt lat="31.83261559344828" lon="35.31212339177728">
        <ele>244.13</ele>
        <time>2025-10-12T16:13:47.284Z</time>
      </trkpt>
      <trkpt lat="31.83261014521122" lon="35.31213395297527">
        <ele>243.95</ele>
        <time>2025-10-12T16:13:53.573Z</time>
      </trkpt>
      <trkpt lat="31.832570414990187" lon="35.312264962121844">
        <ele>243.86</ele>
        <time>2025-10-12T16:13:59.878Z</time>
      </trkpt>
      <trkpt lat="31.832565469667315" lon="35.31239270232618">
        <ele>243.76</ele>
        <time>2025-10-12T16:14:06.197Z</time>
      </trkpt>
      <trkpt lat="31.8325749412179" lon="35.31244944781065">
        <ele>243.6</ele>
        <time>2025-10-12T16:14:12.523Z</time>
      </trkpt>
      <trkpt lat="31.832568738609552" lon="35.31249973922968">
        <ele>243.52</ele>
        <time>2025-10-12T16:14:18.855Z</time>
      </trkpt>
      <trkpt lat="31.832560440525413" lon="35.31260375864804">
        <ele>243.44</ele>
        <time>2025-10-12T16:14:25.198Z</time>
      </trkpt>
      <trkpt lat="31.832552729174495" lon="35.31266159377992">
        <ele>243.4</ele>
        <time>2025-10-12T16:14:31.548Z</time>
      </trkpt>
      <trkpt lat="31.832560608163476" lon="35.31268799677491">
        <ele>243.32</ele>
        <time>2025-10-12T16:14:37.901Z</time>
      </trkpt>
      <trkpt lat="31.832563122734427" lon="35.312697468325496">
        <ele>243.28</ele>
        <time>2025-10-12T16:14:44.255Z</time>
      </trkpt>
      <trkpt lat="31.832563374191523" lon="35.312726721167564">
        <ele>243.26</ele>
        <time>2025-10-12T16:14:50.613Z</time>
      </trkpt>
      <trkpt lat="31.832580473273993" lon="35.31274155713618">
        <ele>243.21</ele>
        <time>2025-10-12T16:14:56.974Z</time>
      </trkpt>
      <trkpt lat="31.83258575387299" lon="35.312763936817646">
        <ele>243.21</ele>
        <time>2025-10-12T16:15:03.337Z</time>
      </trkpt>
      <trkpt lat="31.832595812156796" lon="35.31282336451113">
        <ele>243.23</ele>
        <time>2025-10-12T16:15:09.707Z</time>
      </trkpt>
      <trkpt lat="31.832592375576496" lon="35.31284616328776">
        <ele>243.27</ele>
        <time>2025-10-12T16:15:16.080Z</time>
      </trkpt>
      <trkpt lat="31.83258483186364" lon="35.31296887435019">
        <ele>243.38</ele>
        <time>2025-10-12T16:15:22.467Z</time>
      </trkpt>
      <trkpt lat="31.832602098584175" lon="35.31301824375987">
        <ele>243.37</ele>
        <time>2025-10-12T16:15:28.860Z</time>
      </trkpt>
      <trkpt lat="31.83261450380087" lon="35.31305789016187">
        <ele>243.35</ele>
        <time>2025-10-12T16:15:35.258Z</time>
      </trkpt>
      <trkpt lat="31.83261794038117" lon="35.31309108249843">
        <ele>243.33</ele>
        <time>2025-10-12T16:15:41.659Z</time>
      </trkpt>
      <trkpt lat="31.832618191838264" lon="35.313101559877396">
        <ele>243.28</ele>
        <time>2025-10-12T16:15:48.062Z</time>
      </trkpt>
      <trkpt lat="31.832624142989516" lon="35.313113210722804">
        <ele>243.19</ele>
        <time>2025-10-12T16:15:54.466Z</time>
      </trkpt>
      <trkpt lat="31.832637218758464" lon="35.313173895701766">
        <ele>243.08</ele>
        <time>2025-10-12T16:16:00.877Z</time>
      </trkpt>
      <trkpt lat="31.832669153809547" lon="35.31327581964433">
        <ele>242.92</ele>
        <time>2025-10-12T16:16:07.301Z</time>
      </trkpt>
      <trkpt lat="31.832697736099362" lon="35.31339006498456">
        <ele>242.69</ele>
        <time>2025-10-12T16:16:13.738Z</time>
      </trkpt>
      <trkpt lat="31.832718774676323" lon="35.313455276191235">
        <ele>242.47</ele>
        <time>2025-10-12T16:16:20.183Z</time>
      </trkpt>
      <trkpt lat="31.832722295075655" lon="35.31346273608506">
        <ele>242.18</ele>
        <time>2025-10-12T16:16:26.629Z</time>
      </trkpt>
      <trkpt lat="31.832746183499694" lon="35.313519816845655">
        <ele>241.84</ele>
        <time>2025-10-12T16:16:33.082Z</time>
      </trkpt>
      <trkpt lat="31.832747859880328" lon="35.31352995894849">
        <ele>241.47</ele>
        <time>2025-10-12T16:16:39.536Z</time>
      </trkpt>
      <trkpt lat="31.83274886570871" lon="35.31356206163764">
        <ele>241.08</ele>
        <time>2025-10-12T16:16:45.994Z</time>
      </trkpt>
      <trkpt lat="31.83276604861021" lon="35.31360698863864">
        <ele>240.56</ele>
        <time>2025-10-12T16:16:52.458Z</time>
      </trkpt>
      <trkpt lat="31.83279488235712" lon="35.313677145168185">
        <ele>239.97</ele>
        <time>2025-10-12T16:16:58.930Z</time>
      </trkpt>
      <trkpt lat="31.832825811579823" lon="35.313715701922774">
        <ele>239.32</ele>
        <time>2025-10-12T16:17:05.408Z</time>
      </trkpt>
      <trkpt lat="31.8328754324466" lon="35.31377219595015">
        <ele>238.59</ele>
        <time>2025-10-12T16:17:11.896Z</time>
      </trkpt>
      <trkpt lat="31.83288616128266" lon="35.313819386065006">
        <ele>237.96</ele>
        <time>2025-10-12T16:17:18.389Z</time>
      </trkpt>
      <trkpt lat="31.832910468801856" lon="35.313835898414254">
        <ele>237.28</ele>
        <time>2025-10-12T16:17:24.886Z</time>
      </trkpt>
      <trkpt lat="31.83296729810536" lon="35.31388560310006">
        <ele>236.52</ele>
        <time>2025-10-12T16:17:31.392Z</time>
      </trkpt>
      <trkpt lat="31.83304399251938" lon="35.31399347819388">
        <ele>235.7</ele>
        <time>2025-10-12T16:17:37.914Z</time>
      </trkpt>
      <trkpt lat="31.833061259239912" lon="35.3140321187675">
        <ele>234.98</ele>
        <time>2025-10-12T16:17:44.441Z</time>
      </trkpt>
      <trkpt lat="31.833055894821882" lon="35.31408182345331">
        <ele>234.31</ele>
        <time>2025-10-12T16:17:50.974Z</time>
      </trkpt>
      <trkpt lat="31.83306167833507" lon="35.31419137492776">
        <ele>233.62</ele>
        <time>2025-10-12T16:17:57.519Z</time>
      </trkpt>
      <trkpt lat="31.833064192906022" lon="35.31420260667801">
        <ele>232.92</ele>
        <time>2025-10-12T16:18:04.066Z</time>
      </trkpt>
      <trkpt lat="31.833064863458276" lon="35.31421400606632">
        <ele>232.23</ele>
        <time>2025-10-12T16:18:10.614Z</time>
      </trkpt>
      <trkpt lat="31.833089338615537" lon="35.31435767188668">
        <ele>231.51</ele>
        <time>2025-10-12T16:18:17.179Z</time>
      </trkpt>
      <trkpt lat="31.833125883713365" lon="35.31445238739252">
        <ele>230.78</ele>
        <time>2025-10-12T16:18:23.756Z</time>
      </trkpt>
      <trkpt lat="31.833135690540075" lon="35.314492704346776">
        <ele>230.12</ele>
        <time>2025-10-12T16:18:30.337Z</time>
      </trkpt>
      <trkpt lat="31.833161171525717" lon="35.31461005099118">
        <ele>229.48</ele>
        <time>2025-10-12T16:18:36.932Z</time>
      </trkpt>
      <trkpt lat="31.833151448518038" lon="35.31473192386329">
        <ele>228.86</ele>
        <time>2025-10-12T16:18:43.541Z</time>
      </trkpt>
      <trkpt lat="31.83315295726061" lon="35.314907021820545">
        <ele>228.23</ele>
        <time>2025-10-12T16:18:50.170Z</time>
      </trkpt>
      <trkpt lat="31.83313879184425" lon="35.31501581892371">
        <ele>227.68</ele>
        <time>2025-10-12T16:18:56.811Z</time>
      </trkpt>
      <trkpt lat="31.833139127120376" lon="35.315027218312025">
        <ele>227.19</ele>
        <time>2025-10-12T16:19:03.454Z</time>
      </trkpt>
      <trkpt lat="31.833138121291995" lon="35.31511036679149">
        <ele>226.71</ele>
        <time>2025-10-12T16:19:10.106Z</time>
      </trkpt>
      <trkpt lat="31.83313828893006" lon="35.315164513885975">
        <ele>226.28</ele>
        <time>2025-10-12T16:19:16.764Z</time>
      </trkpt>
      <trkpt lat="31.833140468224883" lon="35.31520281918347">
        <ele>225.88</ele>
        <time>2025-10-12T16:19:23.427Z</time>
      </trkpt>
      <trkpt lat="31.833111131563783" lon="35.315371630713344">
        <ele>225.52</ele>
        <time>2025-10-12T16:19:30.109Z</time>
      </trkpt>
      <trkpt lat="31.833107192069292" lon="35.315386382862926">
        <ele>225.22</ele>
        <time>2025-10-12T16:19:36.793Z</time>
      </trkpt>
      <trkpt lat="31.833067210391164" lon="35.31554052606225">
        <ele>224.94</ele>
        <time>2025-10-12T16:19:43.495Z</time>
      </trkpt>
      <trkpt lat="31.832979451864958" lon="35.3156381752342">
        <ele>224.75</ele>
        <time>2025-10-12T16:19:50.213Z</time>
      </trkpt>
      <trkpt lat="31.83288775384426" lon="35.315731298178434">
        <ele>224.45</ele>
        <time>2025-10-12T16:19:56.947Z</time>
      </trkpt>
      <trkpt lat="31.83280318044126" lon="35.315799275413156">
        <ele>224.28</ele>
        <time>2025-10-12T16:20:03.695Z</time>
      </trkpt>
      <trkpt lat="31.832688935101032" lon="35.315873455256224">
        <ele>224.19</ele>
        <time>2025-10-12T16:20:10.461Z</time>
      </trkpt>
      <trkpt lat="31.832649623975158" lon="35.31589323654771">
        <ele>224.12</ele>
        <time>2025-10-12T16:20:17.232Z</time>
      </trkpt>
      <trkpt lat="31.832604445517063" lon="35.31593539752066">
        <ele>224.08</ele>
        <time>2025-10-12T16:20:24.011Z</time>
      </trkpt>
      <trkpt lat="31.83257603086531" lon="35.315971691161394">
        <ele>224.14</ele>
        <time>2025-10-12T16:20:30.795Z</time>
      </trkpt>
      <trkpt lat="31.832538982853293" lon="35.3160042129457">
        <ele>224.28</ele>
        <time>2025-10-12T16:20:37.586Z</time>
      </trkpt>
      <trkpt lat="31.832536133006215" lon="35.31601192429662">
        <ele>224.4</ele>
        <time>2025-10-12T16:20:44.378Z</time>
      </trkpt>
      <trkpt lat="31.83248651213944" lon="35.31607914716005">
        <ele>224.61</ele>
        <time>2025-10-12T16:20:51.180Z</time>
      </trkpt>
      <trkpt lat="31.832417948171496" lon="35.316219963133335">
        <ele>224.9</ele>
        <time>2025-10-12T16:20:58.000Z</time>
      </trkpt>
      <trkpt lat="31.832414343953133" lon="35.316230691969395">
        <ele>225.08</ele>
        <time>2025-10-12T16:21:04.821Z</time>
      </trkpt>
      <trkpt lat="31.832379810512066" lon="35.31633605249226">
        <ele>225.26</ele>
        <time>2025-10-12T16:21:11.655Z</time>
      </trkpt>
      <trkpt lat="31.832375871017575" lon="35.31637033447623">
        <ele>225.48</ele>
        <time>2025-10-12T16:21:18.493Z</time>
      </trkpt>
      <trkpt lat="31.8323746137321" lon="35.316432947292924">
        <ele>225.72</ele>
        <time>2025-10-12T16:21:25.338Z</time>
      </trkpt>
      <trkpt lat="31.832378385588527" lon="35.31644158065319">
        <ele>225.92</ele>
        <time>2025-10-12T16:21:32.184Z</time>
      </trkpt>
      <trkpt lat="31.832387102767825" lon="35.31648248434067">
        <ele>226.13</ele>
        <time>2025-10-12T16:21:39.035Z</time>
      </trkpt>
      <trkpt lat="31.832402357831597" lon="35.31650897115469">
        <ele>226.31</ele>
        <time>2025-10-12T16:21:45.890Z</time>
      </trkpt>
      <trkpt lat="31.83240059763193" lon="35.316524896770716">
        <ele>226.5</ele>
        <time>2025-10-12T16:21:52.747Z</time>
      </trkpt>
      <trkpt lat="31.832404620945454" lon="35.31652858480811">
        <ele>226.66</ele>
        <time>2025-10-12T16:21:59.604Z</time>
      </trkpt>
      <trkpt lat="31.832405291497707" lon="35.31652984209359">
        <ele>226.8</ele>
        <time>2025-10-12T16:22:06.461Z</time>
      </trkpt>
      <trkpt lat="31.83240638114512" lon="35.316530177369714">
        <ele>226.92</ele>
        <time>2025-10-12T16:22:13.319Z</time>
      </trkpt>
      <trkpt lat="31.83240688405931" lon="35.31653428450227">
        <ele>227.04</ele>
        <time>2025-10-12T16:22:20.177Z</time>
      </trkpt>
      <trkpt lat="31.832407051697373" lon="35.31654174439609">
        <ele>227.13</ele>
        <time>2025-10-12T16:22:27.036Z</time>
      </trkpt>
      <trkpt lat="31.83240990154445" lon="35.31654819846153">
        <ele>227.19</ele>
        <time>2025-10-12T16:22:33.896Z</time>
      </trkpt>
      <trkpt lat="31.832430521026254" lon="35.31657678075135">
        <ele>227.22</ele>
        <time>2025-10-12T16:22:40.760Z</time>
      </trkpt>
      <trkpt lat="31.83243580162525" lon="35.31658667139709">
        <ele>227.24</ele>
        <time>2025-10-12T16:22:47.625Z</time>
      </trkpt>
      <trkpt lat="31.83245667256415" lon="35.316612822934985">
        <ele>227.24</ele>
        <time>2025-10-12T16:22:54.494Z</time>
      </trkpt>
      <trkpt lat="31.832469161599874" lon="35.31660569831729">
        <ele>227.2</ele>
        <time>2025-10-12T16:23:01.365Z</time>
      </trkpt>
      <trkpt lat="31.83249237947166" lon="35.31664048321545">
        <ele>227.16</ele>
        <time>2025-10-12T16:23:08.241Z</time>
      </trkpt>
      <trkpt lat="31.83250260539353" lon="35.31666965223849">
        <ele>227.13</ele>
        <time>2025-10-12T16:23:15.121Z</time>
      </trkpt>
      <trkpt lat="31.832525320351124" lon="35.31667811796069">
        <ele>227.04</ele>
        <time>2025-10-12T16:23:22.004Z</time>
      </trkpt>
      <trkpt lat="31.832564128562808" lon="35.31671365723014">
        <ele>226.95</ele>
        <time>2025-10-12T16:23:28.894Z</time>
      </trkpt>
      <trkpt lat="31.832576785236597" lon="35.31672581098974">
        <ele>226.86</ele>
        <time>2025-10-12T16:23:35.786Z</time>
      </trkpt>
      <trkpt lat="31.832584496587515" lon="35.31673327088356">
        <ele>226.78</ele>
        <time>2025-10-12T16:23:42.679Z</time>
      </trkpt>
      <trkpt lat="31.83258516713977" lon="35.31676017679274">
        <ele>226.71</ele>
        <time>2025-10-12T16:23:49.575Z</time>
      </trkpt>
      <trkpt lat="31.832587011158466" lon="35.31676637940109">
        <ele>226.62</ele>
        <time>2025-10-12T16:23:56.472Z</time>
      </trkpt>
      <trkpt lat="31.83260335586965" lon="35.3167880885303">
        <ele>226.53</ele>
        <time>2025-10-12T16:24:03.372Z</time>
      </trkpt>
      <trkpt lat="31.832620790228248" lon="35.3168279863894">
        <ele>226.46</ele>
        <time>2025-10-12T16:24:10.277Z</time>
      </trkpt>
      <trkpt lat="31.832633279263973" lon="35.3168607596308">
        <ele>226.38</ele>
        <time>2025-10-12T16:24:17.186Z</time>
      </trkpt>
      <trkpt lat="31.83263797312975" lon="35.3168866597116">
        <ele>226.29</ele>
        <time>2025-10-12T16:24:24.098Z</time>
      </trkpt>
      <trkpt lat="31.83264040388167" lon="35.316901076585054">
        <ele>226.19</ele>
        <time>2025-10-12T16:24:31.012Z</time>
      </trkpt>
      <trkpt lat="31.832639733329415" lon="35.316905435174704">
        <ele>226.09</ele>
        <time>2025-10-12T16:24:37.927Z</time>
      </trkpt>
      <trkpt lat="31.83264635503292" lon="35.31690979376435">
        <ele>225.99</ele>
        <time>2025-10-12T16:24:44.843Z</time>
      </trkpt>
      <trkpt lat="31.83265758678317" lon="35.31691323034465">
        <ele>225.89</ele>
        <time>2025-10-12T16:24:51.760Z</time>
      </trkpt>
      <trkpt lat="31.832696897909045" lon="35.316949440166354">
        <ele>225.78</ele>
        <time>2025-10-12T16:24:58.684Z</time>
      </trkpt>
      <trkpt lat="31.83270930312574" lon="35.31697450205684">
        <ele>225.68</ele>
        <time>2025-10-12T16:25:05.611Z</time>
      </trkpt>
      <trkpt lat="31.832702262327075" lon="35.31701096333563">
        <ele>225.59</ele>
        <time>2025-10-12T16:25:12.542Z</time>
      </trkpt>
      <trkpt lat="31.832701759412885" lon="35.3170161601156">
        <ele>225.52</ele>
        <time>2025-10-12T16:25:19.474Z</time>
      </trkpt>
      <trkpt lat="31.832745764404535" lon="35.317067205905914">
        <ele>225.43</ele>
        <time>2025-10-12T16:25:26.414Z</time>
      </trkpt>
      <trkpt lat="31.832756157964468" lon="35.31707692891359">
        <ele>225.38</ele>
        <time>2025-10-12T16:25:33.356Z</time>
      </trkpt>
      <trkpt lat="31.832783482968807" lon="35.31710769049823">
        <ele>225.32</ele>
        <time>2025-10-12T16:25:40.303Z</time>
      </trkpt>
      <trkpt lat="31.832806449383497" lon="35.31714817509055">
        <ele>225.29</ele>
        <time>2025-10-12T16:25:47.255Z</time>
      </trkpt>
      <trkpt lat="31.832850873470306" lon="35.3172112070024">
        <ele>225.25</ele>
        <time>2025-10-12T16:25:54.217Z</time>
      </trkpt>
      <trkpt lat="31.832898734137416" lon="35.3172442317009">
        <ele>225.24</ele>
        <time>2025-10-12T16:26:01.186Z</time>
      </trkpt>
      <trkpt lat="31.832924047484994" lon="35.31726744957268">
        <ele>225.26</ele>
        <time>2025-10-12T16:26:08.159Z</time>
      </trkpt>
      <trkpt lat="31.832970147952437" lon="35.31738270074129">
        <ele>225.29</ele>
        <time>2025-10-12T16:26:15.147Z</time>
      </trkpt>
      <trkpt lat="31.833006190136075" lon="35.31746660359204">
        <ele>225.35</ele>
        <time>2025-10-12T16:26:22.146Z</time>
      </trkpt>
      <trkpt lat="31.833005351945758" lon="35.317531395703554">
        <ele>225.45</ele>
        <time>2025-10-12T16:26:29.152Z</time>
      </trkpt>
      <trkpt lat="31.833003843203187" lon="35.31758445315063">
        <ele>225.57</ele>
        <time>2025-10-12T16:26:36.164Z</time>
      </trkpt>
      <trkpt lat="31.833003843203187" lon="35.317597948014736">
        <ele>225.69</ele>
        <time>2025-10-12T16:26:43.177Z</time>
      </trkpt>
      <trkpt lat="31.833001747727394" lon="35.317658465355635">
        <ele>225.85</ele>
        <time>2025-10-12T16:26:50.197Z</time>
      </trkpt>
      <trkpt lat="31.83299671858549" lon="35.31766416504979">
        <ele>226.01</ele>
        <time>2025-10-12T16:26:57.218Z</time>
      </trkpt>
      <trkpt lat="31.832959754392505" lon="35.31769207678735">
        <ele>226.2</ele>
        <time>2025-10-12T16:27:04.245Z</time>
      </trkpt>
      <trkpt lat="31.832937709987164" lon="35.31771261245012">
        <ele>226.39</ele>
        <time>2025-10-12T16:27:11.276Z</time>
      </trkpt>
      <trkpt lat="31.832932932302356" lon="35.31771973706782">
        <ele>226.59</ele>
        <time>2025-10-12T16:27:18.308Z</time>
      </trkpt>
      <trkpt lat="31.832919688895345" lon="35.317772375419736">
        <ele>226.83</ele>
        <time>2025-10-12T16:27:25.346Z</time>
      </trkpt>
      <trkpt lat="31.832897141575813" lon="35.31779173761606">
        <ele>227.05</ele>
        <time>2025-10-12T16:27:32.388Z</time>
      </trkpt>
      <trkpt lat="31.83289362117648" lon="35.31781420111656">
        <ele>227.28</ele>
        <time>2025-10-12T16:27:39.432Z</time>
      </trkpt>
      <trkpt lat="31.832843832671642" lon="35.317845633253455">
        <ele>227.51</ele>
        <time>2025-10-12T16:27:46.484Z</time>
      </trkpt>
      <trkpt lat="31.832810221239924" lon="35.317858792841434">
        <ele>227.73</ele>
        <time>2025-10-12T16:27:53.541Z</time>
      </trkpt>
      <trkpt lat="31.832799911499023" lon="35.317868096753955">
        <ele>227.93</ele>
        <time>2025-10-12T16:28:00.599Z</time>
      </trkpt>
      <trkpt lat="31.832787254825234" lon="35.31788050197065">
        <ele>228.12</ele>
        <time>2025-10-12T16:28:07.660Z</time>
      </trkpt>
      <trkpt lat="31.832782980054617" lon="35.317887710407376">
        <ele>228.28</ele>
        <time>2025-10-12T16:28:14.722Z</time>
      </trkpt>
      <trkpt lat="31.83273813687265" lon="35.3179279435426">
        <ele>228.45</ele>
        <time>2025-10-12T16:28:21.791Z</time>
      </trkpt>
      <trkpt lat="31.83275825344026" lon="35.317909670993686">
        <ele>228.56</ele>
        <time>2025-10-12T16:28:28.864Z</time>
      </trkpt>
      <trkpt lat="31.832752553746104" lon="35.31792936846614">
        <ele>228.66</ele>
        <time>2025-10-12T16:28:35.939Z</time>
      </trkpt>
      <trkpt lat="31.832742663100362" lon="35.31794453971088">
        <ele>228.74</ele>
        <time>2025-10-12T16:28:43.016Z</time>
      </trkpt>
      <trkpt lat="31.832711566239595" lon="35.317880837246776">
        <ele>228.77</ele>
        <time>2025-10-12T16:28:50.101Z</time>
      </trkpt>
      <trkpt lat="31.83267619460821" lon="35.31786650419235">
        <ele>228.79</ele>
        <time>2025-10-12T16:28:57.191Z</time>
      </trkpt>
      <trkpt lat="31.832648115232587" lon="35.3179036360234">
        <ele>228.79</ele>
        <time>2025-10-12T16:29:04.287Z</time>
      </trkpt>
      <trkpt lat="31.832639565691352" lon="35.317940432578325">
        <ele>228.76</ele>
        <time>2025-10-12T16:29:11.387Z</time>
      </trkpt>
      <trkpt lat="31.832630429416895" lon="35.317964321002364">
        <ele>228.69</ele>
        <time>2025-10-12T16:29:18.490Z</time>
      </trkpt>
      <trkpt lat="31.832578042522073" lon="35.31801301985979">
        <ele>228.59</ele>
        <time>2025-10-12T16:29:25.602Z</time>
      </trkpt>
      <trkpt lat="31.832547448575497" lon="35.3180402610451">
        <ele>228.44</ele>
        <time>2025-10-12T16:29:32.719Z</time>
      </trkpt>
      <trkpt lat="31.83253630064428" lon="35.31804881058633">
        <ele>228.28</ele>
        <time>2025-10-12T16:29:39.838Z</time>
      </trkpt>
      <trkpt lat="31.83249623514712" lon="35.318079153075814">
        <ele>228.07</ele>
        <time>2025-10-12T16:29:46.963Z</time>
      </trkpt>
      <trkpt lat="31.832473939284682" lon="35.31809315085411">
        <ele>227.84</ele>
        <time>2025-10-12T16:29:54.092Z</time>
      </trkpt>
      <trkpt lat="31.832436472177505" lon="35.31812391243875">
        <ele>227.58</ele>
        <time>2025-10-12T16:30:01.227Z</time>
      </trkpt>
      <trkpt lat="31.83237218298018" lon="35.31816364265978">
        <ele>227.38</ele>
        <time>2025-10-12T16:30:08.372Z</time>
      </trkpt>
      <trkpt lat="31.832284089177847" lon="35.318187698721886">
        <ele>227.12</ele>
        <time>2025-10-12T16:30:15.529Z</time>
      </trkpt>
      <trkpt lat="31.83222457766533" lon="35.318194571882486">
        <ele>226.82</ele>
        <time>2025-10-12T16:30:22.694Z</time>
      </trkpt>
      <trkpt lat="31.83218350633979" lon="35.31821862794459">
        <ele>226.51</ele>
        <time>2025-10-12T16:30:29.865Z</time>
      </trkpt>
      <trkpt lat="31.8321380764246" lon="35.31820152886212">
        <ele>226.14</ele>
        <time>2025-10-12T16:30:37.042Z</time>
      </trkpt>
      <trkpt lat="31.83212894015014" lon="35.31821778975427">
        <ele>225.83</ele>
        <time>2025-10-12T16:30:44.221Z</time>
      </trkpt>
      <trkpt lat="31.832120390608907" lon="35.31821619719267">
        <ele>225.5</ele>
        <time>2025-10-12T16:30:51.401Z</time>
      </trkpt>
      <trkpt lat="31.832095915451646" lon="35.318216532468796">
        <ele>225.15</ele>
        <time>2025-10-12T16:30:58.585Z</time>
      </trkpt>
      <trkpt lat="31.832082588225603" lon="35.318191051483154">
        <ele>224.78</ele>
        <time>2025-10-12T16:31:05.772Z</time>
      </trkpt>
      <trkpt lat="31.83200916275382" lon="35.31811620108783">
        <ele>224.32</ele>
        <time>2025-10-12T16:31:12.972Z</time>
      </trkpt>
      <trkpt lat="31.831994662061334" lon="35.31806054525077">
        <ele>223.94</ele>
        <time>2025-10-12T16:31:20.179Z</time>
      </trkpt>
      <trkpt lat="31.831987369805574" lon="35.31804168596864">
        <ele>223.6</ele>
        <time>2025-10-12T16:31:27.388Z</time>
      </trkpt>
      <trkpt lat="31.831987453624606" lon="35.31802961602807">
        <ele>223.28</ele>
        <time>2025-10-12T16:31:34.598Z</time>
      </trkpt>
      <trkpt lat="31.831955602392554" lon="35.31795836985111">
        <ele>222.96</ele>
        <time>2025-10-12T16:31:41.817Z</time>
      </trkpt>
      <trkpt lat="31.83195141144097" lon="35.31794940121472">
        <ele>222.66</ele>
        <time>2025-10-12T16:31:49.038Z</time>
      </trkpt>
      <trkpt lat="31.831907238811255" lon="35.31785376369953">
        <ele>222.4</ele>
        <time>2025-10-12T16:31:56.271Z</time>
      </trkpt>
      <trkpt lat="31.831874884665012" lon="35.317772291600704">
        <ele>222.13</ele>
        <time>2025-10-12T16:32:03.514Z</time>
      </trkpt>
      <trkpt lat="31.831819899380207" lon="35.31769065186381">
        <ele>221.89</ele>
        <time>2025-10-12T16:32:10.769Z</time>
      </trkpt>
      <trkpt lat="31.831759633496404" lon="35.31765486113727">
        <ele>221.65</ele>
        <time>2025-10-12T16:32:18.033Z</time>
      </trkpt>
      <trkpt lat="31.831743121147156" lon="35.31767095439136">
        <ele>221.33</ele>
        <time>2025-10-12T16:32:25.300Z</time>
      </trkpt>
      <trkpt lat="31.831678077578545" lon="35.31765343621373">
        <ele>221.04</ele>
        <time>2025-10-12T16:32:32.576Z</time>
      </trkpt>
      <trkpt lat="31.83165293186903" lon="35.317649161443114">
        <ele>220.73</ele>
        <time>2025-10-12T16:32:39.855Z</time>
      </trkpt>
      <trkpt lat="31.83162409812212" lon="35.31767824664712">
        <ele>220.37</ele>
        <time>2025-10-12T16:32:47.139Z</time>
      </trkpt>
      <trkpt lat="31.831616135314107" lon="35.31768813729286">
        <ele>220.01</ele>
        <time>2025-10-12T16:32:54.425Z</time>
      </trkpt>
      <trkpt lat="31.83159274980426" lon="35.31769392080605">
        <ele>219.64</ele>
        <time>2025-10-12T16:33:01.714Z</time>
      </trkpt>
      <trkpt lat="31.83154589496553" lon="35.31769777648151">
        <ele>219.27</ele>
        <time>2025-10-12T16:33:09.009Z</time>
      </trkpt>
      <trkpt lat="31.831473391503096" lon="35.31771537847817">
        <ele>218.85</ele>
        <time>2025-10-12T16:33:16.314Z</time>
      </trkpt>
      <trkpt lat="31.83138026855886" lon="35.31778193078935">
        <ele>218.36</ele>
        <time>2025-10-12T16:33:23.633Z</time>
      </trkpt>
      <trkpt lat="31.831370210275054" lon="35.31778905540705">
        <ele>217.95</ele>
        <time>2025-10-12T16:33:30.954Z</time>
      </trkpt>
      <trkpt lat="31.831370126456022" lon="35.3177897259593">
        <ele>217.53</ele>
        <time>2025-10-12T16:33:38.275Z</time>
      </trkpt>
      <trkpt lat="31.83136895298958" lon="35.317786959931254">
        <ele>217.11</ele>
        <time>2025-10-12T16:33:45.596Z</time>
      </trkpt>
      <trkpt lat="31.831366019323468" lon="35.317788468673825">
        <ele>216.69</ele>
        <time>2025-10-12T16:33:52.918Z</time>
      </trkpt>
      <trkpt lat="31.8313470762223" lon="35.317801209166646">
        <ele>216.25</ele>
        <time>2025-10-12T16:34:00.243Z</time>
      </trkpt>
      <trkpt lat="31.8312884029001" lon="35.31784722581506">
        <ele>215.79</ele>
        <time>2025-10-12T16:34:07.577Z</time>
      </trkpt>
      <trkpt lat="31.831243224442005" lon="35.31784621998668">
        <ele>215.36</ele>
        <time>2025-10-12T16:34:14.917Z</time>
      </trkpt>
      <trkpt lat="31.83123467490077" lon="35.31785015948117">
        <ele>214.97</ele>
        <time>2025-10-12T16:34:22.258Z</time>
      </trkpt>
      <trkpt lat="31.831190418452024" lon="35.31788636930287">
        <ele>214.57</ele>
        <time>2025-10-12T16:34:29.607Z</time>
      </trkpt>
      <trkpt lat="31.8311105389148" lon="35.317923249676824">
        <ele>214.18</ele>
        <time>2025-10-12T16:34:36.967Z</time>
      </trkpt>
      <trkpt lat="31.83109436184168" lon="35.31792853027582">
        <ele>213.86</ele>
        <time>2025-10-12T16:34:44.329Z</time>
      </trkpt>
      <trkpt lat="31.830995455384254" lon="35.317953173071146">
        <ele>213.51</ele>
        <time>2025-10-12T16:34:51.705Z</time>
      </trkpt>
      <trkpt lat="31.83091909624636" lon="35.31797203235328">
        <ele>213.24</ele>
        <time>2025-10-12T16:34:59.091Z</time>
      </trkpt>
      <trkpt lat="31.830855142325163" lon="35.31798603013158">
        <ele>213.05</ele>
        <time>2025-10-12T16:35:06.486Z</time>
      </trkpt>
      <trkpt lat="31.830837037414312" lon="35.317993154749274">
        <ele>212.94</ele>
        <time>2025-10-12T16:35:13.883Z</time>
      </trkpt>
      <trkpt lat="31.83075187727809" lon="35.318021988496184">
        <ele>212.86</ele>
        <time>2025-10-12T16:35:21.292Z</time>
      </trkpt>
      <trkpt lat="31.83065263554454" lon="35.31808099709451">
        <ele>212.82</ele>
        <time>2025-10-12T16:35:28.716Z</time>
      </trkpt>
      <trkpt lat="31.830584155395627" lon="35.318126091733575">
        <ele>212.96</ele>
        <time>2025-10-12T16:35:36.150Z</time>
      </trkpt>
      <trkpt lat="31.830535205081105" lon="35.31816842034459">
        <ele>213.16</ele>
        <time>2025-10-12T16:35:43.592Z</time>
      </trkpt>
      <trkpt lat="31.83050368912518" lon="35.31818652525544">
        <ele>213.44</ele>
        <time>2025-10-12T16:35:51.039Z</time>
      </trkpt>
      <trkpt lat="31.83045675046742" lon="35.318171018734574">
        <ele>213.8</ele>
        <time>2025-10-12T16:35:58.493Z</time>
      </trkpt>
      <trkpt lat="31.83044451288879" lon="35.31817604787648">
        <ele>214.14</ele>
        <time>2025-10-12T16:36:05.948Z</time>
      </trkpt>
      <trkpt lat="31.830408722162247" lon="35.31819029711187">
        <ele>214.59</ele>
        <time>2025-10-12T16:36:13.408Z</time>
      </trkpt>
      <trkpt lat="31.830403609201312" lon="35.31819247640669">
        <ele>215.0</ele>
        <time>2025-10-12T16:36:20.869Z</time>
      </trkpt>
      <trkpt lat="31.830357257276773" lon="35.31819775700569">
        <ele>215.53</ele>
        <time>2025-10-12T16:36:28.336Z</time>
      </trkpt>
      <trkpt lat="31.83034049347043" lon="35.31820102594793">
        <ele>216.02</ele>
        <time>2025-10-12T16:36:35.806Z</time>
      </trkpt>
      <trkpt lat="31.830306379124522" lon="35.31820982694626">
        <ele>216.57</ele>
        <time>2025-10-12T16:36:43.280Z</time>
      </trkpt>
      <trkpt lat="31.83026715181768" lon="35.31822298653424">
        <ele>217.13</ele>
        <time>2025-10-12T16:36:50.760Z</time>
      </trkpt>
      <trkpt lat="31.83025256730616" lon="35.31824645586312">
        <ele>217.66</ele>
        <time>2025-10-12T16:36:58.243Z</time>
      </trkpt>
      <trkpt lat="31.830248963087797" lon="35.31824762932956">
        <ele>218.18</ele>
        <time>2025-10-12T16:37:05.726Z</time>
      </trkpt>
      <trkpt lat="31.83024074882269" lon="35.318247713148594">
        <ele>218.7</ele>
        <time>2025-10-12T16:37:13.211Z</time>
      </trkpt>
      <trkpt lat="31.830200850963593" lon="35.31824913807213">
        <ele>219.27</ele>
        <time>2025-10-12T16:37:20.701Z</time>
      </trkpt>
      <trkpt lat="31.83014703914523" lon="35.31816163100302">
        <ele>219.85</ele>
        <time>2025-10-12T16:37:28.203Z</time>
      </trkpt>
      <trkpt lat="31.830151565372944" lon="35.31808082945645">
        <ele>220.35</ele>
        <time>2025-10-12T16:37:35.714Z</time>
      </trkpt>
      <trkpt lat="31.83015081100166" lon="35.31804805621505">
        <ele>220.84</ele>
        <time>2025-10-12T16:37:43.229Z</time>
      </trkpt>
      <trkpt lat="31.830148547887802" lon="35.31800430268049">
        <ele>221.31</ele>
        <time>2025-10-12T16:37:50.749Z</time>
      </trkpt>
      <trkpt lat="31.830157097429037" lon="35.3179366607219">
        <ele>221.79</ele>
        <time>2025-10-12T16:37:58.277Z</time>
      </trkpt>
      <trkpt lat="31.83015827089548" lon="35.31791956163943">
        <ele>222.26</ele>
        <time>2025-10-12T16:38:05.807Z</time>
      </trkpt>
      <trkpt lat="31.830198168754578" lon="35.317865582183">
        <ele>222.67</ele>
        <time>2025-10-12T16:38:13.345Z</time>
      </trkpt>
      <trkpt lat="31.830178136005998" lon="35.317814284935594">
        <ele>223.19</ele>
        <time>2025-10-12T16:38:20.889Z</time>
      </trkpt>
      <trkpt lat="31.830162964761257" lon="35.31778880394995">
        <ele>223.7</ele>
        <time>2025-10-12T16:38:28.437Z</time>
      </trkpt>
      <trkpt lat="31.83013287372887" lon="35.31782325357199">
        <ele>224.21</ele>
        <time>2025-10-12T16:38:35.990Z</time>
      </trkpt>
      <trkpt lat="31.830121222883463" lon="35.31786843203008">
        <ele>224.7</ele>
        <time>2025-10-12T16:38:43.549Z</time>
      </trkpt>
      <trkpt lat="31.83011770248413" lon="35.317878322675824">
        <ele>225.18</ele>
        <time>2025-10-12T16:38:51.109Z</time>
      </trkpt>
      <trkpt lat="31.830097334459424" lon="35.31787924468517">
        <ele>225.7</ele>
        <time>2025-10-12T16:38:58.672Z</time>
      </trkpt>
      <trkpt lat="31.830080738291144" lon="35.31783741898835">
        <ele>226.23</ele>
        <time>2025-10-12T16:39:06.240Z</time>
      </trkpt>
      <trkpt lat="31.830062298104167" lon="35.31788511201739">
        <ele>226.74</ele>
        <time>2025-10-12T16:39:13.814Z</time>
      </trkpt>
      <trkpt lat="31.830031955614686" lon="35.3178674262017">
        <ele>227.3</ele>
        <time>2025-10-12T16:39:21.392Z</time>
      </trkpt>
      <trkpt lat="31.830003457143903" lon="35.3178536798805">
        <ele>227.86</ele>
        <time>2025-10-12T16:39:28.974Z</time>
      </trkpt>
      <trkpt lat="31.829966492950916" lon="35.31786977313459">
        <ele>228.44</ele>
        <time>2025-10-12T16:39:36.562Z</time>
      </trkpt>
      <trkpt lat="31.82995735667646" lon="35.31782987527549">
        <ele>228.99</ele>
        <time>2025-10-12T16:39:44.154Z</time>
      </trkpt>
      <trkpt lat="31.82990614324808" lon="35.31784831546247">
        <ele>229.6</ele>
        <time>2025-10-12T16:39:51.754Z</time>
      </trkpt>
      <trkpt lat="31.82985241524875" lon="35.317853931337595">
        <ele>230.21</ele>
        <time>2025-10-12T16:39:59.361Z</time>
      </trkpt>
      <trkpt lat="31.82978980243206" lon="35.31780422665179">
        <ele>230.88</ele>
        <time>2025-10-12T16:40:06.978Z</time>
      </trkpt>
      <trkpt lat="31.829786701127887" lon="35.31780841760337">
        <ele>231.44</ele>
        <time>2025-10-12T16:40:14.595Z</time>
      </trkpt>
      <trkpt lat="31.82976976968348" lon="35.31782057136297">
        <ele>232.03</ele>
        <time>2025-10-12T16:40:22.215Z</time>
      </trkpt>
      <trkpt lat="31.829747138544917" lon="35.31781596131623">
        <ele>232.65</ele>
        <time>2025-10-12T16:40:29.838Z</time>
      </trkpt>
      <trkpt lat="31.8297307100147" lon="35.31780824996531">
        <ele>233.27</ele>
        <time>2025-10-12T16:40:37.463Z</time>
      </trkpt>
      <trkpt lat="31.829698020592332" lon="35.31779567711055">
        <ele>233.94</ele>
        <time>2025-10-12T16:40:45.093Z</time>
      </trkpt>
      <trkpt lat="31.829686788842082" lon="35.31780271790922">
        <ele>234.58</ele>
        <time>2025-10-12T16:40:52.725Z</time>
      </trkpt>
      <trkpt lat="31.829684358090162" lon="35.3177984431386">
        <ele>235.23</ele>
        <time>2025-10-12T16:41:00.357Z</time>
      </trkpt>
      <trkpt lat="31.82968175970018" lon="35.31779643148184">
        <ele>235.91</ele>
        <time>2025-10-12T16:41:07.990Z</time>
      </trkpt>
      <trkpt lat="31.829663822427392" lon="35.3177897259593">
        <ele>236.65</ele>
        <time>2025-10-12T16:41:15.625Z</time>
      </trkpt>
      <trkpt lat="31.829634066671133" lon="35.31778419390321">
        <ele>237.44</ele>
        <time>2025-10-12T16:41:23.264Z</time>
      </trkpt>
      <trkpt lat="31.829601963981986" lon="35.3177844453603">
        <ele>238.27</ele>
        <time>2025-10-12T16:41:30.908Z</time>
      </trkpt>
      <trkpt lat="31.829593665897846" lon="35.31778511591256">
        <ele>239.11</ele>
        <time>2025-10-12T16:41:38.553Z</time>
      </trkpt>
      <trkpt lat="31.829570280387998" lon="35.317777739837766">
        <ele>240.02</ele>
        <time>2025-10-12T16:41:46.201Z</time>
      </trkpt>
      <trkpt lat="31.829571118578315" lon="35.31778486445546">
        <ele>240.93</ele>
        <time>2025-10-12T16:41:53.850Z</time>
      </trkpt>
      <trkpt lat="31.829551924020052" lon="35.31782912090421">
        <ele>241.94</ele>
        <time>2025-10-12T16:42:01.504Z</time>
      </trkpt>
      <trkpt lat="31.82954748161137" lon="35.31784630380571">
        <ele>242.97</ele>
        <time>2025-10-12T16:42:09.160Z</time>
      </trkpt>
      <trkpt lat="31.829544715583324" lon="35.317918388172984">
        <ele>244.06</ele>
        <time>2025-10-12T16:42:16.825Z</time>
      </trkpt>
      <trkpt lat="31.829518312588334" lon="35.317980917170644">
        <ele>245.23</ele>
        <time>2025-10-12T16:42:24.497Z</time>
      </trkpt>
      <trkpt lat="31.82951856404543" lon="35.31798854470253">
        <ele>246.41</ele>
        <time>2025-10-12T16:42:32.170Z</time>
      </trkpt>
      <trkpt lat="31.82950439862907" lon="35.31802777200937">
        <ele>247.69</ele>
        <time>2025-10-12T16:42:39.848Z</time>
      </trkpt>
      <trkpt lat="31.829457292333245" lon="35.31809440813959">
        <ele>249.1</ele>
        <time>2025-10-12T16:42:47.536Z</time>
      </trkpt>
      <trkpt lat="31.82939987629652" lon="35.318198846653104">
        <ele>250.64</ele>
        <time>2025-10-12T16:42:55.238Z</time>
      </trkpt>
      <trkpt lat="31.829375568777323" lon="35.31823522411287">
        <ele>252.1</ele>
        <time>2025-10-12T16:43:02.945Z</time>
      </trkpt>
      <trkpt lat="31.829361151903868" lon="35.318248299881816">
        <ele>253.55</ele>
        <time>2025-10-12T16:43:10.655Z</time>
      </trkpt>
      <trkpt lat="31.829349249601364" lon="35.31827202066779">
        <ele>255.01</ele>
        <time>2025-10-12T16:43:18.368Z</time>
      </trkpt>
      <trkpt lat="31.829316643998027" lon="35.318310745060444">
        <ele>256.56</ele>
        <time>2025-10-12T16:43:26.087Z</time>
      </trkpt>
      <trkpt lat="31.829285379499197" lon="35.318348379805684">
        <ele>258.13</ele>
        <time>2025-10-12T16:43:33.812Z</time>
      </trkpt>
      <trkpt lat="31.829275991767645" lon="35.318359695374966">
        <ele>259.6</ele>
        <time>2025-10-12T16:43:41.539Z</time>
      </trkpt>
      <trkpt lat="31.82925377972424" lon="35.31837805174291">
        <ele>261.11</ele>
        <time>2025-10-12T16:43:49.269Z</time>
      </trkpt>
      <trkpt lat="31.829231902956963" lon="35.318415351212025">
        <ele>262.61</ele>
        <time>2025-10-12T16:43:57.005Z</time>
      </trkpt>
      <trkpt lat="31.829228466376662" lon="35.31841962598264">
        <ele>264.0</ele>
        <time>2025-10-12T16:44:04.741Z</time>
      </trkpt>
      <trkpt lat="31.829216480255127" lon="35.31842356547713">
        <ele>265.39</ele>
        <time>2025-10-12T16:44:12.479Z</time>
      </trkpt>
      <trkpt lat="31.829216312617064" lon="35.31843211501837">
        <ele>266.73</ele>
        <time>2025-10-12T16:44:20.218Z</time>
      </trkpt>
      <trkpt lat="31.829202650114894" lon="35.31846547499299">
        <ele>268.12</ele>
        <time>2025-10-12T16:44:27.961Z</time>
      </trkpt>
      <trkpt lat="31.829189658164978" lon="35.31851442530751">
        <ele>269.5</ele>
        <time>2025-10-12T16:44:35.710Z</time>
      </trkpt>
      <trkpt lat="31.829176750034094" lon="35.31856798566878">
        <ele>270.86</ele>
        <time>2025-10-12T16:44:43.465Z</time>
      </trkpt>
      <trkpt lat="31.829177923500538" lon="35.31857720576227">
        <ele>272.06</ele>
        <time>2025-10-12T16:44:51.221Z</time>
      </trkpt>
      <trkpt lat="31.829175241291523" lon="35.31860310584307">
        <ele>273.27</ele>
        <time>2025-10-12T16:44:58.980Z</time>
      </trkpt>
      <trkpt lat="31.82917457073927" lon="35.318634202703834">
        <ele>274.44</ele>
        <time>2025-10-12T16:45:06.743Z</time>
      </trkpt>
      <trkpt lat="31.82917943224311" lon="35.31867804005742">
        <ele>275.57</ele>
        <time>2025-10-12T16:45:14.511Z</time>
      </trkpt>
      <trkpt lat="31.829179851338267" lon="35.318692456930876">
        <ele>276.61</ele>
        <time>2025-10-12T16:45:22.280Z</time>
      </trkpt>
      <trkpt lat="31.82918479666114" lon="35.31870687380433">
        <ele>277.6</ele>
        <time>2025-10-12T16:45:30.051Z</time>
      </trkpt>
      <trkpt lat="31.8291989620775" lon="35.31874937005341">
        <ele>278.57</ele>
        <time>2025-10-12T16:45:37.827Z</time>
      </trkpt>
      <trkpt lat="31.829213043674827" lon="35.31879052519798">
        <ele>279.5</ele>
        <time>2025-10-12T16:45:45.608Z</time>
      </trkpt>
      <trkpt lat="31.82922637090087" lon="35.31882455572486">
        <ele>280.38</ele>
        <time>2025-10-12T16:45:53.394Z</time>
      </trkpt>
      <trkpt lat="31.829236848279834" lon="35.31884668394923">
        <ele>281.19</ele>
        <time>2025-10-12T16:46:01.183Z</time>
      </trkpt>
      <trkpt lat="31.829257551580667" lon="35.318910386413336">
        <ele>281.99</ele>
        <time>2025-10-12T16:46:08.979Z</time>
      </trkpt>
      <trkpt lat="31.829267693683505" lon="35.31896059401333">
        <ele>282.76</ele>
        <time>2025-10-12T16:46:16.781Z</time>
      </trkpt>
      <trkpt lat="31.8292679451406" lon="35.31900158151984">
        <ele>283.49</ele>
        <time>2025-10-12T16:46:24.588Z</time>
      </trkpt>
      <trkpt lat="31.82927775196731" lon="35.31911817379296">
        <ele>284.3</ele>
        <time>2025-10-12T16:46:32.408Z</time>
      </trkpt>
      <trkpt lat="31.82927959598601" lon="35.319149354472756">
        <ele>284.88</ele>
        <time>2025-10-12T16:46:40.232Z</time>
      </trkpt>
      <trkpt lat="31.829281775280833" lon="35.31917190179229">
        <ele>285.41</ele>
        <time>2025-10-12T16:46:48.058Z</time>
      </trkpt>
      <trkpt lat="31.829283786937594" lon="35.31918606720865">
        <ele>285.88</ele>
        <time>2025-10-12T16:46:55.886Z</time>
      </trkpt>
      <trkpt lat="31.82928889989853" lon="35.31925605610013">
        <ele>286.36</ele>
        <time>2025-10-12T16:47:03.722Z</time>
      </trkpt>
      <trkpt lat="31.82928848080337" lon="35.319318417459726">
        <ele>286.8</ele>
        <time>2025-10-12T16:47:11.565Z</time>
      </trkpt>
      <trkpt lat="31.829290073364973" lon="35.319327134639025">
        <ele>287.17</ele>
        <time>2025-10-12T16:47:19.409Z</time>
      </trkpt>
      <trkpt lat="31.82929527014494" lon="35.319403409957886">
        <ele>287.55</ele>
        <time>2025-10-12T16:47:27.262Z</time>
      </trkpt>
      <trkpt lat="31.829295605421066" lon="35.319434087723494">
        <ele>287.89</ele>
        <time>2025-10-12T16:47:35.118Z</time>
      </trkpt>
      <trkpt lat="31.829297868534923" lon="35.319469375535846">
        <ele>288.19</ele>
        <time>2025-10-12T16:47:42.978Z</time>
      </trkpt>
      <trkpt lat="31.82930893264711" lon="35.31952729448676">
        <ele>288.44</ele>
        <time>2025-10-12T16:47:50.845Z</time>
      </trkpt>
      <trkpt lat="31.829313710331917" lon="35.31956534832716">
        <ele>288.72</ele>
        <time>2025-10-12T16:47:58.716Z</time>
      </trkpt>
      <trkpt lat="31.829314045608044" lon="35.3195667732507">
        <ele>289.02</ele>
        <time>2025-10-12T16:48:06.587Z</time>
      </trkpt>
      <trkpt lat="31.829314129427075" lon="35.319571467116475">
        <ele>289.32</ele>
        <time>2025-10-12T16:48:14.459Z</time>
      </trkpt>
      <trkpt lat="31.82931329123676" lon="35.31957230530679">
        <ele>289.64</ele>
        <time>2025-10-12T16:48:22.331Z</time>
      </trkpt>
      <trkpt lat="31.829331060871482" lon="35.3196082636714">
        <ele>289.93</ele>
        <time>2025-10-12T16:48:30.208Z</time>
      </trkpt>
      <trkpt lat="31.829357128590345" lon="35.31971010379493">
        <ele>290.3</ele>
        <time>2025-10-12T16:48:38.097Z</time>
      </trkpt>
      <trkpt lat="31.829372132197022" lon="35.31977682374418">
        <ele>290.81</ele>
        <time>2025-10-12T16:48:45.994Z</time>
      </trkpt>
      <trkpt lat="31.82937297038734" lon="35.31978176906705">
        <ele>291.25</ele>
        <time>2025-10-12T16:48:53.891Z</time>
      </trkpt>
      <trkpt lat="31.829382106661797" lon="35.3198532667011">
        <ele>291.79</ele>
        <time>2025-10-12T16:49:01.797Z</time>
      </trkpt>
      <trkpt lat="31.829389734193683" lon="35.31990062445402">
        <ele>292.33</ele>
        <time>2025-10-12T16:49:09.708Z</time>
      </trkpt>
      <trkpt lat="31.829388979822397" lon="35.31991655007005">
        <ele>292.88</ele>
        <time>2025-10-12T16:49:17.621Z</time>
      </trkpt>
      <trkpt lat="31.82939887046814" lon="35.31997480429709">
        <ele>293.52</ele>
        <time>2025-10-12T16:49:25.541Z</time>
      </trkpt>
      <trkpt lat="31.829403983429074" lon="35.320020066574216">
        <ele>294.21</ele>
        <time>2025-10-12T16:49:33.466Z</time>
      </trkpt>
      <trkpt lat="31.829420663416386" lon="35.32009114511311">
        <ele>294.95</ele>
        <time>2025-10-12T16:49:41.399Z</time>
      </trkpt>
      <trkpt lat="31.829444216564298" lon="35.32018208876252">
        <ele>295.69</ele>
        <time>2025-10-12T16:49:49.343Z</time>
      </trkpt>
      <trkpt lat="31.829486042261124" lon="35.32028015702963">
        <ele>296.42</ele>
        <time>2025-10-12T16:49:57.299Z</time>
      </trkpt>
      <trkpt lat="31.82949995622039" lon="35.320346457883716">
        <ele>297.15</ele>
        <time>2025-10-12T16:50:05.263Z</time>
      </trkpt>
      <trkpt lat="31.829536417499185" lon="35.32044477760792">
        <ele>297.92</ele>
        <time>2025-10-12T16:50:13.239Z</time>
      </trkpt>
      <trkpt lat="31.829505739733577" lon="35.32048794440925">
        <ele>298.7</ele>
        <time>2025-10-12T16:50:21.222Z</time>
      </trkpt>
      <trkpt lat="31.829481851309538" lon="35.320509569719434">
        <ele>299.44</ele>
        <time>2025-10-12T16:50:29.209Z</time>
      </trkpt>
      <trkpt lat="31.829450419172645" lon="35.32053144648671">
        <ele>300.17</ele>
        <time>2025-10-12T16:50:37.201Z</time>
      </trkpt>
      <trkpt lat="31.82944823987782" lon="35.320532117038965">
        <ele>300.89</ele>
        <time>2025-10-12T16:50:45.193Z</time>
      </trkpt>
      <trkpt lat="31.829418316483498" lon="35.320553574711084">
        <ele>301.64</ele>
        <time>2025-10-12T16:50:53.190Z</time>
      </trkpt>
      <trkpt lat="31.829388728365302" lon="35.32060503959656">
        <ele>302.39</ele>
        <time>2025-10-12T16:51:01.194Z</time>
      </trkpt>
      <trkpt lat="31.829377077519894" lon="35.32069816254079">
        <ele>303.12</ele>
        <time>2025-10-12T16:51:09.208Z</time>
      </trkpt>
      <trkpt lat="31.82937447912991" lon="35.320733366534114">
        <ele>303.88</ele>
        <time>2025-10-12T16:51:17.226Z</time>
      </trkpt>
      <trkpt lat="31.829349920153618" lon="35.320796398445964">
        <ele>304.67</ele>
        <time>2025-10-12T16:51:25.252Z</time>
      </trkpt>
      <trkpt lat="31.829305747523904" lon="35.32079027965665">
        <ele>305.55</ele>
        <time>2025-10-12T16:51:33.284Z</time>
      </trkpt>
      <trkpt lat="31.829261407256126" lon="35.32077485695481">
        <ele>306.47</ele>
        <time>2025-10-12T16:51:41.322Z</time>
      </trkpt>
      <trkpt lat="31.82924933731556" lon="35.32076706178486">
        <ele>307.38</ele>
        <time>2025-10-12T16:51:49.362Z</time>
      </trkpt>
      <trkpt lat="31.829220922663808" lon="35.320732947438955">
        <ele>308.35</ele>
        <time>2025-10-12T16:51:57.408Z</time>
      </trkpt>
      <trkpt lat="31.829154286533594" lon="35.320674274116755">
        <ele>309.44</ele>
        <time>2025-10-12T16:52:05.465Z</time>
      </trkpt>
      <trkpt lat="31.82908228598535" lon="35.32064275816083">
        <ele>310.56</ele>
        <time>2025-10-12T16:52:13.532Z</time>
      </trkpt>
      <trkpt lat="31.82903048582375" lon="35.32066228799522">
        <ele>311.67</ele>
        <time>2025-10-12T16:52:21.606Z</time>
      </trkpt>
      <trkpt lat="31.82897767983377" lon="35.320689445361495">
        <ele>312.8</ele>
        <time>2025-10-12T16:52:29.688Z</time>
      </trkpt>
      <trkpt lat="31.82890626601875" lon="35.32072045840323">
        <ele>313.99</ele>
        <time>2025-10-12T16:52:37.780Z</time>
      </trkpt>
      <trkpt lat="31.828844491392374" lon="35.32074702903628">
        <ele>315.11</ele>
        <time>2025-10-12T16:52:45.881Z</time>
      </trkpt>
      <trkpt lat="31.828783303499222" lon="35.32075356692076">
        <ele>316.28</ele>
        <time>2025-10-12T16:52:53.990Z</time>
      </trkpt>
      <trkpt lat="31.828723372891545" lon="35.32071593217552">
        <ele>317.54</ele>
        <time>2025-10-12T16:53:02.108Z</time>
      </trkpt>
      <trkpt lat="31.828690012916923" lon="35.32069296576083">
        <ele>318.79</ele>
        <time>2025-10-12T16:53:10.231Z</time>
      </trkpt>
      <trkpt lat="31.82867811061442" lon="35.320681566372514">
        <ele>320.04</ele>
        <time>2025-10-12T16:53:18.356Z</time>
      </trkpt>
      <trkpt lat="31.82862396351993" lon="35.32066052779555">
        <ele>321.38</ele>
        <time>2025-10-12T16:53:26.489Z</time>
      </trkpt>
      <trkpt lat="31.82858574204147" lon="35.320651140064">
        <ele>322.72</ele>
        <time>2025-10-12T16:53:34.627Z</time>
      </trkpt>
      <trkpt lat="31.828554896637797" lon="35.320643093436956">
        <ele>324.1</ele>
        <time>2025-10-12T16:53:42.769Z</time>
      </trkpt>
      <trkpt lat="31.828472334891558" lon="35.32061291858554">
        <ele>325.57</ele>
        <time>2025-10-12T16:53:50.923Z</time>
      </trkpt>
      <trkpt lat="31.8283976521343" lon="35.32056011259556">
        <ele>327.11</ele>
        <time>2025-10-12T16:53:59.088Z</time>
      </trkpt>
      <trkpt lat="31.828337302431464" lon="35.320536056533456">
        <ele>328.63</ele>
        <time>2025-10-12T16:54:07.262Z</time>
      </trkpt>
      <trkpt lat="31.828266642987728" lon="35.32053614035249">
        <ele>330.16</ele>
        <time>2025-10-12T16:54:15.445Z</time>
      </trkpt>
      <trkpt lat="31.828205371275544" lon="35.32050319947302">
        <ele>331.77</ele>
        <time>2025-10-12T16:54:23.637Z</time>
      </trkpt>
      <trkpt lat="31.828195229172707" lon="35.32050051726401">
        <ele>333.33</ele>
        <time>2025-10-12T16:54:31.830Z</time>
      </trkpt>
      <trkpt lat="31.828114176169038" lon="35.320491045713425">
        <ele>335.0</ele>
        <time>2025-10-12T16:54:40.034Z</time>
      </trkpt>
      <trkpt lat="31.828049467876554" lon="35.320482244715095">
        <ele>336.71</ele>
        <time>2025-10-12T16:54:48.247Z</time>
      </trkpt>
      <trkpt lat="31.82795592583716" lon="35.3204679954797">
        <ele>338.48</ele>
        <time>2025-10-12T16:54:56.472Z</time>
      </trkpt>
      <trkpt lat="31.827869759872556" lon="35.32046346925199">
        <ele>340.28</ele>
        <time>2025-10-12T16:55:04.709Z</time>
      </trkpt>
      <trkpt lat="31.827783593907952" lon="35.32045709900558">
        <ele>342.1</ele>
        <time>2025-10-12T16:55:12.957Z</time>
      </trkpt>
      <trkpt lat="31.827691895887256" lon="35.320484256371856">
        <ele>343.97</ele>
        <time>2025-10-12T16:55:21.218Z</time>
      </trkpt>
      <trkpt lat="31.82756549678743" lon="35.32055491581559">
        <ele>345.85</ele>
        <time>2025-10-12T16:55:29.498Z</time>
      </trkpt>
      <trkpt lat="31.827487042173743" lon="35.32059917226434">
        <ele>347.66</ele>
        <time>2025-10-12T16:55:37.789Z</time>
      </trkpt>
      <trkpt lat="31.82748159393668" lon="35.32060579396784">
        <ele>349.47</ele>
        <time>2025-10-12T16:55:46.081Z</time>
      </trkpt>
      <trkpt lat="31.827387381345034" lon="35.32068626023829">
        <ele>351.41</ele>
        <time>2025-10-12T16:55:54.389Z</time>
      </trkpt>
      <trkpt lat="31.82730079628527" lon="35.32075960189104">
        <ele>353.42</ele>
        <time>2025-10-12T16:56:02.711Z</time>
      </trkpt>
      <trkpt lat="31.827233070507646" lon="35.32082783058286">
        <ele>355.44</ele>
        <time>2025-10-12T16:56:11.045Z</time>
      </trkpt>
      <trkpt lat="31.82721915654838" lon="35.320849204435945">
        <ele>357.3</ele>
        <time>2025-10-12T16:56:19.382Z</time>
      </trkpt>
      <trkpt lat="31.827206164598465" lon="35.3208617772907">
        <ele>359.16</ele>
        <time>2025-10-12T16:56:27.721Z</time>
      </trkpt>
      <trkpt lat="31.827173475176096" lon="35.320903016254306">
        <ele>361.06</ele>
        <time>2025-10-12T16:56:36.067Z</time>
      </trkpt>
      <trkpt lat="31.827134918421507" lon="35.320946015417576">
        <ele>363.02</ele>
        <time>2025-10-12T16:56:44.420Z</time>
      </trkpt>
      <trkpt lat="31.827083369717002" lon="35.321040814742446">
        <ele>365.06</ele>
        <time>2025-10-12T16:56:52.785Z</time>
      </trkpt>
      <trkpt lat="31.827055709436536" lon="35.32107124105096">
        <ele>366.91</ele>
        <time>2025-10-12T16:57:01.155Z</time>
      </trkpt>
      <trkpt lat="31.827042968943715" lon="35.32108448445797">
        <ele>368.64</ele>
        <time>2025-10-12T16:57:09.528Z</time>
      </trkpt>
      <trkpt lat="31.82700709439814" lon="35.32112815417349">
        <ele>370.4</ele>
        <time>2025-10-12T16:57:17.908Z</time>
      </trkpt>
      <trkpt lat="31.82696267031133" lon="35.32118674367666">
        <ele>372.11</ele>
        <time>2025-10-12T16:57:26.297Z</time>
      </trkpt>
      <trkpt lat="31.826952612027526" lon="35.32120116055012">
        <ele>373.69</ele>
        <time>2025-10-12T16:57:34.688Z</time>
      </trkpt>
      <trkpt lat="31.826923359185457" lon="35.32126201316714">
        <ele>375.26</ele>
        <time>2025-10-12T16:57:43.087Z</time>
      </trkpt>
      <trkpt lat="31.826898884028196" lon="35.3213176690042">
        <ele>376.78</ele>
        <time>2025-10-12T16:57:51.493Z</time>
      </trkpt>
      <trkpt lat="31.826891927048564" lon="35.321328565478325">
        <ele>378.16</ele>
        <time>2025-10-12T16:57:59.900Z</time>
      </trkpt>
      <trkpt lat="31.8268537055701" lon="35.32137734815478">
        <ele>379.57</ele>
        <time>2025-10-12T16:58:08.315Z</time>
      </trkpt>
      <trkpt lat="31.82682143524289" lon="35.32143132761121">
        <ele>380.89</ele>
        <time>2025-10-12T16:58:16.737Z</time>
      </trkpt>
      <trkpt lat="31.82682336308062" lon="35.32147508114576">
        <ele>382.06</ele>
        <time>2025-10-12T16:58:25.164Z</time>
      </trkpt>
      <trkpt lat="31.826826380565763" lon="35.321484887972474">
        <ele>383.15</ele>
        <time>2025-10-12T16:58:33.592Z</time>
      </trkpt>
      <trkpt lat="31.82682923041284" lon="35.32154523767531">
        <ele>384.19</ele>
        <time>2025-10-12T16:58:42.027Z</time>
      </trkpt>
      <trkpt lat="31.82683073915541" lon="35.32171245664358">
        <ele>385.21</ele>
        <time>2025-10-12T16:58:50.481Z</time>
      </trkpt>
      <trkpt lat="31.82681992650032" lon="35.32180231064558">
        <ele>386.17</ele>
        <time>2025-10-12T16:58:58.946Z</time>
      </trkpt>
      <trkpt lat="31.826798217371106" lon="35.321903228759766">
        <ele>387.13</ele>
        <time>2025-10-12T16:59:07.422Z</time>
      </trkpt>
      <trkpt lat="31.82676963508129" lon="35.321955950930715">
        <ele>388.02</ele>
        <time>2025-10-12T16:59:15.906Z</time>
      </trkpt>
      <trkpt lat="31.82676276192069" lon="35.32201822847128">
        <ele>388.74</ele>
        <time>2025-10-12T16:59:24.397Z</time>
      </trkpt>
      <trkpt lat="31.826751194894314" lon="35.32205737195909">
        <ele>389.41</ele>
        <time>2025-10-12T16:59:32.892Z</time>
      </trkpt>
      <trkpt lat="31.8267207685858" lon="35.32207891345024">
        <ele>390.05</ele>
        <time>2025-10-12T16:59:41.392Z</time>
      </trkpt>
      <trkpt lat="31.826703501865268" lon="35.32212811522186">
        <ele>390.6</ele>
        <time>2025-10-12T16:59:49.898Z</time>
      </trkpt>
      <trkpt lat="31.82670794427395" lon="35.322187542915344">
        <ele>391.06</ele>
        <time>2025-10-12T16:59:58.411Z</time>
      </trkpt>
      <trkpt lat="31.826716661453247" lon="35.32226155512035">
        <ele>391.49</ele>
        <time>2025-10-12T17:00:06.932Z</time>
      </trkpt>
      <trkpt lat="31.82671490125358" lon="35.32231494784355">
        <ele>391.89</ele>
        <time>2025-10-12T17:00:15.459Z</time>
      </trkpt>
      <trkpt lat="31.82670065201819" lon="35.32235409133136">
        <ele>392.25</ele>
        <time>2025-10-12T17:00:23.991Z</time>
      </trkpt>
      <trkpt lat="31.82669620960951" lon="35.32237730920315">
        <ele>392.53</ele>
        <time>2025-10-12T17:00:32.526Z</time>
      </trkpt>
      <trkpt lat="31.826701909303665" lon="35.32239348627627">
        <ele>392.74</ele>
        <time>2025-10-12T17:00:41.063Z</time>
      </trkpt>
      <trkpt lat="31.82669285684824" lon="35.3224575240165">
        <ele>392.92</ele>
        <time>2025-10-12T17:00:49.607Z</time>
      </trkpt>
      <trkpt lat="31.826686151325703" lon="35.322499349713326">
        <ele>393.09</ele>
        <time>2025-10-12T17:00:58.156Z</time>
      </trkpt>
      <trkpt lat="31.826678104698658" lon="35.322528183460236">
        <ele>393.23</ele>
        <time>2025-10-12T17:01:06.709Z</time>
      </trkpt>
      <trkpt lat="31.82666947133839" lon="35.32262071967125">
        <ele>393.36</ele>
        <time>2025-10-12T17:01:15.272Z</time>
      </trkpt>
      <trkpt lat="31.82665237225592" lon="35.322754830121994">
        <ele>393.41</ele>
        <time>2025-10-12T17:01:23.851Z</time>
      </trkpt>
      <trkpt lat="31.826655473560095" lon="35.32283487729728">
        <ele>393.41</ele>
        <time>2025-10-12T17:01:32.439Z</time>
      </trkpt>
      <trkpt lat="31.826650947332382" lon="35.32284703105688">
        <ele>393.44</ele>
        <time>2025-10-12T17:01:41.028Z</time>
      </trkpt>
      <trkpt lat="31.82665077969432" lon="35.322850635275245">
        <ele>393.48</ele>
        <time>2025-10-12T17:01:49.618Z</time>
      </trkpt>
      <trkpt lat="31.826622113585472" lon="35.32282993197441">
        <ele>393.54</ele>
        <time>2025-10-12T17:01:58.212Z</time>
      </trkpt>
      <trkpt lat="31.82659219019115" lon="35.32285222783685">
        <ele>393.58</ele>
        <time>2025-10-12T17:02:06.811Z</time>
      </trkpt>
      <trkpt lat="31.82655405253172" lon="35.322881396859884">
        <ele>393.67</ele>
        <time>2025-10-12T17:02:15.416Z</time>
      </trkpt>
      <trkpt lat="31.826551873236895" lon="35.322914170101285">
        <ele>393.71</ele>
        <time>2025-10-12T17:02:24.025Z</time>
      </trkpt>
      <trkpt lat="31.82654776610434" lon="35.322926323860884">
        <ele>393.77</ele>
        <time>2025-10-12T17:02:32.635Z</time>
      </trkpt>
      <trkpt lat="31.826507784426212" lon="35.322984494268894">
        <ele>393.88</ele>
        <time>2025-10-12T17:02:41.254Z</time>
      </trkpt>
      <trkpt lat="31.826469814404845" lon="35.323006957769394">
        <ele>393.98</ele>
        <time>2025-10-12T17:02:49.878Z</time>
      </trkpt>
      <trkpt lat="31.82645238004625" lon="35.32299011014402">
        <ele>394.04</ele>
        <time>2025-10-12T17:02:58.505Z</time>
      </trkpt>
      <trkpt lat="31.826439555734396" lon="35.32294015400112">
        <ele>394.12</ele>
        <time>2025-10-12T17:03:07.138Z</time>
      </trkpt>
      <trkpt lat="31.82644215412438" lon="35.32285809516907">
        <ele>394.22</ele>
        <time>2025-10-12T17:03:15.781Z</time>
      </trkpt>
      <trkpt lat="31.826438885182142" lon="35.32281962223351">
        <ele>394.35</ele>
        <time>2025-10-12T17:03:24.428Z</time>
      </trkpt>
      <trkpt lat="31.826441902667284" lon="35.32272281125188">
        <ele>394.5</ele>
        <time>2025-10-12T17:03:33.086Z</time>
      </trkpt>
      <trkpt lat="31.826441567391157" lon="35.322678219527006">
        <ele>394.73</ele>
        <time>2025-10-12T17:03:41.749Z</time>
      </trkpt>
      <trkpt lat="31.82643871754408" lon="35.322641506791115">
        <ele>394.96</ele>
        <time>2025-10-12T17:03:50.416Z</time>
      </trkpt>
      <trkpt lat="31.826425893232226" lon="35.322542851790786">
        <ele>395.25</ele>
        <time>2025-10-12T17:03:59.095Z</time>
      </trkpt>
      <trkpt lat="31.826353054493666" lon="35.32245014794171">
        <ele>395.57</ele>
        <time>2025-10-12T17:04:07.788Z</time>
      </trkpt>
      <trkpt lat="31.826274767518044" lon="35.322411842644215">
        <ele>395.93</ele>
        <time>2025-10-12T17:04:16.492Z</time>
      </trkpt>
      <trkpt lat="31.826231265440583" lon="35.32233791425824">
        <ele>396.32</ele>
        <time>2025-10-12T17:04:25.206Z</time>
      </trkpt>
      <trkpt lat="31.826225062832236" lon="35.32232852652669">
        <ele>396.69</ele>
        <time>2025-10-12T17:04:33.922Z</time>
      </trkpt>
      <trkpt lat="31.826206957921386" lon="35.322296591475606">
        <ele>397.1</ele>
        <time>2025-10-12T17:04:42.642Z</time>
      </trkpt>
      <trkpt lat="31.826202096417546" lon="35.32228200696409">
        <ele>397.53</ele>
        <time>2025-10-12T17:04:51.364Z</time>
      </trkpt>
      <trkpt lat="31.826184326782823" lon="35.32224194146693">
        <ele>397.98</ele>
        <time>2025-10-12T17:05:00.091Z</time>
      </trkpt>
      <trkpt lat="31.826121881604195" lon="35.32214152626693">
        <ele>398.49</ele>
        <time>2025-10-12T17:05:08.832Z</time>
      </trkpt>
      <trkpt lat="31.82607712224126" lon="35.322043457999825">
        <ele>399.04</ele>
        <time>2025-10-12T17:05:17.586Z</time>
      </trkpt>
      <trkpt lat="31.826061280444264" lon="35.3220066614449">
        <ele>399.54</ele>
        <time>2025-10-12T17:05:26.344Z</time>
      </trkpt>
      <trkpt lat="31.826049126684666" lon="35.32197489403188">
        <ele>400.04</ele>
        <time>2025-10-12T17:05:35.106Z</time>
      </trkpt>
      <trkpt lat="31.82603621855378" lon="35.32195100560784">
        <ele>400.56</ele>
        <time>2025-10-12T17:05:43.872Z</time>
      </trkpt>
      <trkpt lat="31.826000846922398" lon="35.321898283436894">
        <ele>401.11</ele>
        <time>2025-10-12T17:05:52.645Z</time>
      </trkpt>
      <trkpt lat="31.825981736183167" lon="35.321865510195494">
        <ele>401.66</ele>
        <time>2025-10-12T17:06:01.423Z</time>
      </trkpt>
      <trkpt lat="31.825976790860295" lon="35.32184732146561">
        <ele>402.2</ele>
        <time>2025-10-12T17:06:10.203Z</time>
      </trkpt>
      <trkpt lat="31.825948962941766" lon="35.32179191708565">
        <ele>402.78</ele>
        <time>2025-10-12T17:06:18.990Z</time>
      </trkpt>
      <trkpt lat="31.82592222467065" lon="35.32173148356378">
        <ele>403.35</ele>
        <time>2025-10-12T17:06:27.785Z</time>
      </trkpt>
      <trkpt lat="31.825885847210884" lon="35.32165420241654">
        <ele>403.93</ele>
        <time>2025-10-12T17:06:36.590Z</time>
      </trkpt>
      <trkpt lat="31.825879896059632" lon="35.32162964344025">
        <ele>404.47</ele>
        <time>2025-10-12T17:06:45.398Z</time>
      </trkpt>
      <trkpt lat="31.825843015685678" lon="35.32157457433641">
        <ele>405.03</ele>
        <time>2025-10-12T17:06:54.214Z</time>
      </trkpt>
      <trkpt lat="31.82583287358284" lon="35.32155881635845">
        <ele>405.54</ele>
        <time>2025-10-12T17:07:03.032Z</time>
      </trkpt>
      <trkpt lat="31.825801273807883" lon="35.321508860215545">
        <ele>406.08</ele>
        <time>2025-10-12T17:07:11.857Z</time>
      </trkpt>
      <trkpt lat="31.825800016522408" lon="35.32149628736079">
        <ele>406.58</ele>
        <time>2025-10-12T17:07:20.683Z</time>
      </trkpt>
      <trkpt lat="31.82577369734645" lon="35.321453120559454">
        <ele>407.09</ele>
        <time>2025-10-12T17:07:29.515Z</time>
      </trkpt>
      <trkpt lat="31.825762633234262" lon="35.32143669202924">
        <ele>407.56</ele>
        <time>2025-10-12T17:07:38.350Z</time>
      </trkpt>
      <trkpt lat="31.825714772567153" lon="35.32137508504093">
        <ele>408.06</ele>
        <time>2025-10-12T17:07:47.194Z</time>
      </trkpt>
      <trkpt lat="31.82570924051106" lon="35.3213678766042">
        <ele>408.49</ele>
        <time>2025-10-12T17:07:56.039Z</time>
      </trkpt>
      <trkpt lat="31.825688537210226" lon="35.3213401325047">
        <ele>408.94</ele>
        <time>2025-10-12T17:08:04.889Z</time>
      </trkpt>
      <trkpt lat="31.825632629916072" lon="35.32126863487065">
        <ele>409.4</ele>
        <time>2025-10-12T17:08:13.750Z</time>
      </trkpt>
      <trkpt lat="31.825649393722415" lon="35.32125455327332">
        <ele>409.78</ele>
        <time>2025-10-12T17:08:22.613Z</time>
      </trkpt>
      <trkpt lat="31.82565593160689" lon="35.32124432735145">
        <ele>410.16</ele>
        <time>2025-10-12T17:08:31.478Z</time>
      </trkpt>
      <trkpt lat="31.825655847787857" lon="35.32124432735145">
        <ele>410.52</ele>
        <time>2025-10-12T17:08:40.343Z</time>
      </trkpt>
      <trkpt lat="31.82565165683627" lon="35.32126779668033">
        <ele>410.88</ele>
        <time>2025-10-12T17:08:49.211Z</time>
      </trkpt>
      <trkpt lat="31.82559792883694" lon="35.32126285135746">
        <ele>411.28</ele>
        <time>2025-10-12T17:08:58.086Z</time>
      </trkpt>
      <trkpt lat="31.82555928826332" lon="35.32123108394444">
        <ele>411.68</ele>
        <time>2025-10-12T17:09:06.967Z</time>
      </trkpt>
      <trkpt lat="31.825537495315075" lon="35.32120652496815">
        <ele>412.05</ele>
        <time>2025-10-12T17:09:15.852Z</time>
      </trkpt>
      <trkpt lat="31.8254913110286" lon="35.32117836177349">
        <ele>412.42</ele>
        <time>2025-10-12T17:09:24.744Z</time>
      </trkpt>
      <trkpt lat="31.825482426211238" lon="35.321152713149786">
        <ele>412.75</ele>
        <time>2025-10-12T17:09:33.639Z</time>
      </trkpt>
      <trkpt lat="31.825432470068336" lon="35.321124801412225">
        <ele>413.08</ele>
        <time>2025-10-12T17:09:42.541Z</time>
      </trkpt>
      <trkpt lat="31.825326774269342" lon="35.32111524604261">
        <ele>413.37</ele>
        <time>2025-10-12T17:09:51.458Z</time>
      </trkpt>
      <trkpt lat="31.82529140263796" lon="35.321111138910055">
        <ele>413.63</ele>
        <time>2025-10-12T17:10:00.379Z</time>
      </trkpt>
      <trkpt lat="31.82522350922227" lon="35.32111885026097">
        <ele>413.87</ele>
        <time>2025-10-12T17:10:09.309Z</time>
      </trkpt>
      <trkpt lat="31.825217558071017" lon="35.3211210295558">
        <ele>414.07</ele>
        <time>2025-10-12T17:10:18.240Z</time>
      </trkpt>
      <trkpt lat="31.82514396496117" lon="35.32114894129336">
        <ele>414.27</ele>
        <time>2025-10-12T17:10:27.182Z</time>
      </trkpt>
      <trkpt lat="31.82501882314682" lon="35.3211812954396">
        <ele>414.53</ele>
        <time>2025-10-12T17:10:36.141Z</time>
      </trkpt>
      <trkpt lat="31.82491824030876" lon="35.32123343087733">
        <ele>414.67</ele>
        <time>2025-10-12T17:10:45.114Z</time>
      </trkpt>
      <trkpt lat="31.824832074344158" lon="35.321283554658294">
        <ele>414.72</ele>
        <time>2025-10-12T17:10:54.100Z</time>
      </trkpt>
      <trkpt lat="31.824768874794245" lon="35.321318842470646">
        <ele>414.89</ele>
        <time>2025-10-12T17:11:03.095Z</time>
      </trkpt>
      <trkpt lat="31.824729815125465" lon="35.32133627682924">
        <ele>415.16</ele>
        <time>2025-10-12T17:11:12.096Z</time>
      </trkpt>
      <trkpt lat="31.824637446552515" lon="35.321367625147104">
        <ele>415.48</ele>
        <time>2025-10-12T17:11:21.110Z</time>
      </trkpt>
      <trkpt lat="31.824536444619298" lon="35.321365697309375">
        <ele>415.87</ele>
        <time>2025-10-12T17:11:30.137Z</time>
      </trkpt>
      <trkpt lat="31.82447198778391" lon="35.32131465151906">
        <ele>416.29</ele>
        <time>2025-10-12T17:11:39.174Z</time>
      </trkpt>
      <trkpt lat="31.824455307796597" lon="35.32129721716046">
        <ele>416.65</ele>
        <time>2025-10-12T17:11:48.214Z</time>
      </trkpt>
      <trkpt lat="31.82437626644969" lon="35.321243489161134">
        <ele>417.04</ele>
        <time>2025-10-12T17:11:57.267Z</time>
      </trkpt>
      <trkpt lat="31.824293369427323" lon="35.32120702788234">
        <ele>417.41</ele>
        <time>2025-10-12T17:12:06.331Z</time>
      </trkpt>
      <trkpt lat="31.82421893812716" lon="35.321152713149786">
        <ele>417.85</ele>
        <time>2025-10-12T17:12:15.407Z</time>
      </trkpt>
      <trkpt lat="31.824135286733508" lon="35.321089597418904">
        <ele>418.28</ele>
        <time>2025-10-12T17:12:24.496Z</time>
      </trkpt>
      <trkpt lat="31.824076613411307" lon="35.32102975063026">
        <ele>418.63</ele>
        <time>2025-10-12T17:12:33.596Z</time>
      </trkpt>
      <trkpt lat="31.824058759957552" lon="35.32101918943226">
        <ele>418.86</ele>
        <time>2025-10-12T17:12:42.698Z</time>
      </trkpt>
      <trkpt lat="31.82404736056924" lon="35.32101793214679">
        <ele>419.09</ele>
        <time>2025-10-12T17:12:51.802Z</time>
      </trkpt>
      <trkpt lat="31.82398089207709" lon="35.32098926603794">
        <ele>419.34</ele>
        <time>2025-10-12T17:13:00.915Z</time>
      </trkpt>
      <trkpt lat="31.823942670598626" lon="35.32091433182359">
        <ele>419.68</ele>
        <time>2025-10-12T17:13:10.038Z</time>
      </trkpt>
    </trkseg>
  </trk>
</gpx>
